,contractSymbol,lastTradeDate,strike,lastPrice,bid,ask,change,percentChange,volume,openInterest,impliedVolatility,inTheMoney,contractSize,currency,OptionType,expirationDate,time_to_expiration
0,AAPL260102C00120000,2025-12-29 14:52:51+00:00,120.0,153.88,151.6,154.95,0.0,0.0,1.0,1,3.3359391601562494,True,REGULAR,USD,Call,2026-01-02,3
1,AAPL260102C00135000,2025-12-08 14:31:30+00:00,135.0,144.95,136.55,139.95,0.0,0.0,,2,2.843752890625,True,REGULAR,USD,Call,2026-01-02,3
2,AAPL260102C00145000,2025-11-19 16:06:45+00:00,145.0,126.05,126.55,130.0,0.0,0.0,,6,2.621097197265625,True,REGULAR,USD,Call,2026-01-02,3
3,AAPL260102C00150000,2025-12-29 20:59:30+00:00,150.0,123.83,121.6,124.95,0.0,0.0,2.0,12,2.49219126953125,True,REGULAR,USD,Call,2026-01-02,3
4,AAPL260102C00155000,2025-12-29 20:59:30+00:00,155.0,118.9,116.55,120.0,0.0,0.0,4.0,3,2.3691447021484366,True,REGULAR,USD,Call,2026-01-02,3
5,AAPL260102C00160000,2025-12-22 15:26:27+00:00,160.0,112.38,111.6,114.95,0.0,0.0,,10,2.248051254882812,True,REGULAR,USD,Call,2026-01-02,3
6,AAPL260102C00165000,2025-12-17 16:38:52+00:00,165.0,108.47,106.55,110.0,0.0,0.0,,2,2.1308640478515626,True,REGULAR,USD,Call,2026-01-02,3
7,AAPL260102C00170000,2025-12-30 20:18:40+00:00,170.0,103.34,102.15,104.2,0.0,0.0,2.0,13,1.8437507812499998,True,REGULAR,USD,Call,2026-01-02,3
8,AAPL260102C00175000,2025-12-30 14:58:24+00:00,175.0,99.05,96.55,100.05,-11.699997,-10.564332,1.0,1,1.9375003125,True,REGULAR,USD,Call,2026-01-02,3
9,AAPL260102C00180000,2025-12-30 15:05:10+00:00,180.0,93.81,92.15,94.5,0.08999634,0.09602682,1.0,3,1.85546947265625,True,REGULAR,USD,Call,2026-01-02,3
10,AAPL260102C00185000,2025-12-30 18:31:31+00:00,185.0,88.24,86.55,90.05,-0.20999908,-0.23742124,1.0,4,1.720704521484375,True,REGULAR,USD,Call,2026-01-02,3
11,AAPL260102C00190000,2025-12-30 16:59:16+00:00,190.0,82.6,81.65,84.95,-0.73999786,-0.88792646,1.0,6,1.615236298828125,True,REGULAR,USD,Call,2026-01-02,3
12,AAPL260102C00195000,2025-12-26 16:11:37+00:00,195.0,80.07,76.55,80.05,0.0,0.0,1.0,6,1.5136743066406249,True,REGULAR,USD,Call,2026-01-02,3
13,AAPL260102C00200000,2025-12-30 15:46:05+00:00,200.0,72.67,71.65,75.0,-1.340004,-1.8105714,1.0,77,1.435549697265625,True,REGULAR,USD,Call,2026-01-02,3
14,AAPL260102C00205000,2025-12-30 17:11:23+00:00,205.0,67.6,66.55,70.05,-2.3499985,-3.3595405,1.0,21,1.3144565527343748,True,REGULAR,USD,Call,2026-01-02,3
15,AAPL260102C00210000,2025-12-29 19:57:04+00:00,210.0,64.1,61.65,65.0,0.0,0.0,3.0,49,1.2382850585937497,True,REGULAR,USD,Call,2026-01-02,3
16,AAPL260102C00215000,2025-12-29 18:37:46+00:00,215.0,59.2,56.6,60.05,0.0,0.0,5.0,23,1.1416058544921874,True,REGULAR,USD,Call,2026-01-02,3
17,AAPL260102C00220000,2025-12-30 14:49:40+00:00,220.0,53.35,52.9,53.35,-1.5300026,-2.7879055,149.0,385,0.8320329296874999,True,REGULAR,USD,Call,2026-01-02,3
18,AAPL260102C00225000,2025-12-30 20:34:53+00:00,225.0,48.41,47.7,48.8,-0.49000168,-1.0020484,33.0,233,0.8994150683593749,True,REGULAR,USD,Call,2026-01-02,3
19,AAPL260102C00230000,2025-12-30 19:31:10+00:00,230.0,43.12,42.3,43.7,-0.79999924,-1.821492,6.0,444,1.0234423828125,True,REGULAR,USD,Call,2026-01-02,3
20,AAPL260102C00232500,2025-12-30 19:31:10+00:00,232.5,40.79,39.1,42.5,0.010002136,0.024527064,1.0,813,0.79883013671875,True,REGULAR,USD,Call,2026-01-02,3
21,AAPL260102C00235000,2025-12-30 19:44:26+00:00,235.0,38.48,37.4,39.0,-0.8100014,-2.0615966,17.0,95,0.68555001953125,True,REGULAR,USD,Call,2026-01-02,3
22,AAPL260102C00237500,2025-12-30 19:32:10+00:00,237.5,36.25,34.95,37.5,-0.54999924,-1.4945632,1.0,212,0.8745129736328124,True,REGULAR,USD,Call,2026-01-02,3
23,AAPL260102C00240000,2025-12-30 18:43:58+00:00,240.0,33.33,32.6,33.9,-0.3899994,-1.1565818,22.0,142,0.6357458300781251,True,REGULAR,USD,Call,2026-01-02,3
24,AAPL260102C00245000,2025-12-30 18:58:06+00:00,245.0,28.3,27.6,29.35,0.22999954,0.8193785,12.0,197,0.6435582519531251,True,REGULAR,USD,Call,2026-01-02,3
25,AAPL260102C00247500,2025-12-30 17:22:37+00:00,247.5,25.0,24.1,27.05,-0.59000015,-2.3055887,1.0,4,0.8327653442382811,True,REGULAR,USD,Call,2026-01-02,3
26,AAPL260102C00250000,2025-12-30 19:36:04+00:00,250.0,23.3,22.6,23.65,-0.5799999,-2.4288106,30.0,2267,0.5942423388671876,True,REGULAR,USD,Call,2026-01-02,3
27,AAPL260102C00252500,2025-12-29 14:53:50+00:00,252.5,21.5,19.5,22.5,0.0,0.0,2.0,92,0.5039112109375,True,REGULAR,USD,Call,2026-01-02,3
28,AAPL260102C00255000,2025-12-30 19:33:26+00:00,255.0,18.57,18.0,18.95,-0.35000038,-1.8498963,24.0,236,0.5498091894531252,True,REGULAR,USD,Call,2026-01-02,3
29,AAPL260102C00257500,2025-12-30 19:39:24+00:00,257.5,15.92,15.5,16.9,-0.59000015,-3.5735927,4.0,78,0.5644574804687501,True,REGULAR,USD,Call,2026-01-02,3
30,AAPL260102C00260000,2025-12-30 20:57:14+00:00,260.0,13.36,13.1,13.45,-0.71000004,-5.046198,482.0,1263,0.3413151806640625,True,REGULAR,USD,Call,2026-01-02,3
31,AAPL260102C00262500,2025-12-30 20:45:43+00:00,262.5,10.7,10.6,11.05,-0.7600002,-6.6317644,229.0,351,0.3100654931640625,True,REGULAR,USD,Call,2026-01-02,3
32,AAPL260102C00265000,2025-12-30 20:24:45+00:00,265.0,8.41,8.15,8.4,-0.59000015,-6.5555573,5847.0,2318,0.2280350634765625,True,REGULAR,USD,Call,2026-01-02,3
33,AAPL260102C00267500,2025-12-30 20:31:30+00:00,267.5,6.0,5.7,6.15,-0.65999985,-9.909908,1652.0,821,0.21192194335937498,True,REGULAR,USD,Call,2026-01-02,3
34,AAPL260102C00270000,2025-12-30 20:58:04+00:00,270.0,3.6,3.55,3.65,-0.9000001,-20.000002,2456.0,4544,0.1480798083496094,True,REGULAR,USD,Call,2026-01-02,3
35,AAPL260102C00272500,2025-12-30 20:59:48+00:00,272.5,1.74,1.76,1.81,-0.9100001,-34.339622,17977.0,7207,0.131844619140625,True,REGULAR,USD,Call,2026-01-02,3
36,AAPL260102C00275000,2025-12-30 20:59:54+00:00,275.0,0.65,0.65,0.67,-0.64,-49.612404,38332.0,20542,0.12488668090820312,False,REGULAR,USD,Call,2026-01-02,3
37,AAPL260102C00277500,2025-12-30 20:59:51+00:00,277.5,0.17,0.17,0.19,-0.31,-64.58333,11468.0,13989,0.12476461181640625,False,REGULAR,USD,Call,2026-01-02,3
38,AAPL260102C00280000,2025-12-30 20:59:19+00:00,280.0,0.06,0.05,0.06,-0.099999994,-62.499996,13123.0,33838,0.13477427734375003,False,REGULAR,USD,Call,2026-01-02,3
39,AAPL260102C00282500,2025-12-30 20:59:05+00:00,282.5,0.02,0.02,0.03,-0.04,-66.66667,4654.0,8156,0.15430533203125002,False,REGULAR,USD,Call,2026-01-02,3
40,AAPL260102C00285000,2025-12-30 20:53:26+00:00,285.0,0.01,0.01,0.02,-0.02,-66.66667,4398.0,10133,0.179695703125,False,REGULAR,USD,Call,2026-01-02,3
41,AAPL260102C00287500,2025-12-30 20:53:26+00:00,287.5,0.01,0.0,0.01,-0.01,-50.0,231.0,3120,0.195320546875,False,REGULAR,USD,Call,2026-01-02,3
42,AAPL260102C00290000,2025-12-30 20:49:08+00:00,290.0,0.01,0.0,0.01,0.0,0.0,106.0,9627,0.22266402343749997,False,REGULAR,USD,Call,2026-01-02,3
43,AAPL260102C00292500,2025-12-30 19:22:47+00:00,292.5,0.01,0.0,0.01,0.0,0.0,4.0,2080,0.2500075,False,REGULAR,USD,Call,2026-01-02,3
44,AAPL260102C00295000,2025-12-30 19:59:17+00:00,295.0,0.03,0.0,0.01,0.0,0.0,12.0,2927,0.27735097656249996,False,REGULAR,USD,Call,2026-01-02,3
45,AAPL260102C00297500,2025-12-29 15:18:03+00:00,297.5,0.01,0.0,0.01,0.0,0.0,29.0,236,0.304694453125,False,REGULAR,USD,Call,2026-01-02,3
46,AAPL260102C00300000,2025-12-30 20:38:06+00:00,300.0,0.01,0.0,0.01,0.0,0.0,21.0,13442,0.32813171874999997,False,REGULAR,USD,Call,2026-01-02,3
47,AAPL260102C00302500,2025-12-30 20:13:08+00:00,302.5,0.01,0.0,0.01,0.0,0.0,1.0,112,0.35938140625,False,REGULAR,USD,Call,2026-01-02,3
48,AAPL260102C00305000,2025-12-30 19:20:18+00:00,305.0,0.01,0.0,0.01,0.0,0.0,39.0,1507,0.38281867187499996,False,REGULAR,USD,Call,2026-01-02,3
49,AAPL260102C00310000,2025-12-29 18:57:09+00:00,310.0,0.01,0.0,0.01,0.0,0.0,51.0,1658,0.42969320312500003,False,REGULAR,USD,Call,2026-01-02,3
50,AAPL260102C00315000,2025-12-26 20:05:17+00:00,315.0,0.01,0.0,0.02,0.0,0.0,1.0,436,0.51562984375,False,REGULAR,USD,Call,2026-01-02,3
51,AAPL260102C00320000,2025-12-29 14:34:33+00:00,320.0,0.01,0.0,0.01,0.0,0.0,6.0,394,0.500005,False,REGULAR,USD,Call,2026-01-02,3
52,AAPL260102C00325000,2025-12-29 14:30:01+00:00,325.0,0.01,0.0,0.01,0.0,0.0,1.0,1066,0.5468795312500001,False,REGULAR,USD,Call,2026-01-02,3
53,AAPL260102C00330000,2025-12-24 17:48:01+00:00,330.0,0.01,0.0,0.01,0.0,0.0,30.0,347,0.57812921875,False,REGULAR,USD,Call,2026-01-02,3
54,AAPL260102C00335000,2025-12-26 17:25:20+00:00,335.0,0.03,0.0,0.01,0.0,0.0,3.0,63,0.6250037500000001,False,REGULAR,USD,Call,2026-01-02,3
55,AAPL260102C00340000,2025-12-09 15:22:41+00:00,340.0,0.02,0.0,0.01,0.0,0.0,2.0,3,0.6562534375000001,False,REGULAR,USD,Call,2026-01-02,3
56,AAPL260102C00345000,2025-12-18 16:32:20+00:00,345.0,0.01,0.0,0.01,0.0,0.0,1.0,67,0.70312796875,False,REGULAR,USD,Call,2026-01-02,3
57,AAPL260102C00350000,2025-12-26 15:08:24+00:00,350.0,0.01,0.0,0.01,0.0,0.0,5.0,32,0.7500025,False,REGULAR,USD,Call,2026-01-02,3
58,AAPL260102C00355000,2025-12-10 16:47:11+00:00,355.0,0.01,0.0,0.01,0.0,0.0,2.0,3,0.7812521875,False,REGULAR,USD,Call,2026-01-02,3
59,AAPL260102C00360000,2025-12-29 15:37:05+00:00,360.0,0.04,0.0,0.1,0.0,0.0,50.0,53,1.01953615234375,False,REGULAR,USD,Call,2026-01-02,3
60,AAPL260102C00400000,2025-12-30 17:15:57+00:00,400.0,0.01,0.0,0.01,0.0,0.0,8.0,14,1.09375453125,False,REGULAR,USD,Call,2026-01-02,3
61,AAPL260102P00110000,2025-12-29 14:30:02+00:00,110.0,0.01,0.0,0.01,0.0,0.0,1.0,2,2.6250034375,False,REGULAR,USD,Put,2026-01-02,3
62,AAPL260102P00120000,2025-12-30 15:30:02+00:00,120.0,0.01,0.0,0.01,-0.02,-66.66667,1.0,2,2.3750040624999995,False,REGULAR,USD,Put,2026-01-02,3
63,AAPL260102P00125000,2025-12-02 18:10:24+00:00,125.0,0.01,0.0,0.01,0.0,0.0,1.0,1,2.2500043749999996,False,REGULAR,USD,Put,2026-01-02,3
64,AAPL260102P00130000,2025-12-02 17:41:56+00:00,130.0,0.02,0.0,0.01,0.0,0.0,69.0,69,2.1250046874999997,False,REGULAR,USD,Put,2026-01-02,3
65,AAPL260102P00135000,2025-12-29 16:59:01+00:00,135.0,0.01,0.0,0.01,0.0,0.0,3.0,36,2.031254921875,False,REGULAR,USD,Put,2026-01-02,3
66,AAPL260102P00140000,2025-12-29 14:36:48+00:00,140.0,0.06,0.0,0.01,0.0,0.0,1.0,73,1.9375003125,False,REGULAR,USD,Put,2026-01-02,3
67,AAPL260102P00145000,2025-12-02 18:08:58+00:00,145.0,0.01,0.0,0.01,0.0,0.0,5.0,5,1.8125009374999999,False,REGULAR,USD,Put,2026-01-02,3
68,AAPL260102P00150000,2025-12-03 16:36:34+00:00,150.0,0.01,0.0,0.01,0.0,0.0,3.0,547,1.75000125,False,REGULAR,USD,Put,2026-01-02,3
69,AAPL260102P00155000,2025-12-04 18:15:59+00:00,155.0,0.01,0.0,0.01,0.0,0.0,1.0,179,1.65625171875,False,REGULAR,USD,Put,2026-01-02,3
70,AAPL260102P00175000,2025-12-12 15:39:58+00:00,175.0,0.01,0.0,0.1,0.0,0.0,455.0,467,1.6171894140625,False,REGULAR,USD,Put,2026-01-02,3
71,AAPL260102P00180000,2025-12-24 17:24:22+00:00,180.0,0.01,0.0,0.01,0.0,0.0,5.0,644,1.2500037499999999,False,REGULAR,USD,Put,2026-01-02,3
72,AAPL260102P00190000,2025-12-01 15:44:09+00:00,190.0,0.02,0.0,0.11,0.0,0.0,6.0,8,1.359378203125,False,REGULAR,USD,Put,2026-01-02,3
73,AAPL260102P00195000,2025-11-26 14:45:29+00:00,195.0,0.06,0.0,0.11,0.0,0.0,200.0,204,1.2695349023437497,False,REGULAR,USD,Put,2026-01-02,3
74,AAPL260102P00200000,2025-12-29 14:30:02+00:00,200.0,0.04,0.0,0.04,0.0,0.0,1.0,60,1.0625046875000002,False,REGULAR,USD,Put,2026-01-02,3
75,AAPL260102P00205000,2025-12-26 14:52:26+00:00,205.0,0.01,0.0,0.12,0.0,0.0,88.0,103,1.109379453125,False,REGULAR,USD,Put,2026-01-02,3
76,AAPL260102P00210000,2025-12-16 18:03:36+00:00,210.0,0.04,0.0,0.04,0.0,0.0,6.0,77,0.9062509375,False,REGULAR,USD,Put,2026-01-02,3
77,AAPL260102P00215000,2025-12-30 17:21:00+00:00,215.0,0.04,0.0,0.04,0.0,0.0,1.0,638,0.8359391406249999,False,REGULAR,USD,Put,2026-01-02,3
78,AAPL260102P00220000,2025-12-29 14:32:27+00:00,220.0,0.01,0.0,0.01,0.0,0.0,2.0,702,0.6718782812500002,False,REGULAR,USD,Put,2026-01-02,3
79,AAPL260102P00225000,2025-12-29 16:38:04+00:00,225.0,0.01,0.0,0.03,0.0,0.0,4.0,263,0.6718782812500002,False,REGULAR,USD,Put,2026-01-02,3
80,AAPL260102P00230000,2025-12-29 16:37:28+00:00,230.0,0.01,0.0,0.01,0.0,0.0,8.0,282,0.5468795312500001,False,REGULAR,USD,Put,2026-01-02,3
81,AAPL260102P00235000,2025-12-29 15:02:32+00:00,235.0,0.01,0.0,0.05,0.0,0.0,5.0,184,0.5625043750000001,False,REGULAR,USD,Put,2026-01-02,3
82,AAPL260102P00237500,2025-12-29 15:01:59+00:00,237.5,0.01,0.0,0.19,0.0,0.0,25.0,9,0.622074091796875,False,REGULAR,USD,Put,2026-01-02,3
83,AAPL260102P00240000,2025-12-29 20:59:06+00:00,240.0,0.01,0.0,0.01,0.0,0.0,1.0,1052,0.445318046875,False,REGULAR,USD,Put,2026-01-02,3
84,AAPL260102P00245000,2025-12-30 19:58:37+00:00,245.0,0.01,0.0,0.01,0.0,0.0,28.0,1010,0.38281867187499996,False,REGULAR,USD,Put,2026-01-02,3
85,AAPL260102P00247500,2025-12-30 20:08:48+00:00,247.5,0.01,0.0,0.01,-0.01,-50.0,118.0,259,0.34766277343749996,False,REGULAR,USD,Put,2026-01-02,3
86,AAPL260102P00250000,2025-12-30 18:49:25+00:00,250.0,0.01,0.0,0.02,-0.01,-50.0,58.0,2340,0.3398503515625,False,REGULAR,USD,Put,2026-01-02,3
87,AAPL260102P00252500,2025-12-30 20:58:18+00:00,252.5,0.02,0.01,0.02,0.0,0.0,67.0,439,0.304694453125,False,REGULAR,USD,Put,2026-01-02,3
88,AAPL260102P00255000,2025-12-30 20:51:51+00:00,255.0,0.01,0.01,0.02,-0.01,-50.0,121.0,2118,0.273444765625,False,REGULAR,USD,Put,2026-01-02,3
89,AAPL260102P00257500,2025-12-30 20:51:24+00:00,257.5,0.02,0.02,0.03,-0.02,-50.0,162.0,2325,0.2500075,False,REGULAR,USD,Put,2026-01-02,3
90,AAPL260102P00260000,2025-12-30 20:54:33+00:00,260.0,0.03,0.02,0.03,-0.03,-50.0,768.0,5421,0.2148516015625,False,REGULAR,USD,Put,2026-01-02,3
91,AAPL260102P00262500,2025-12-30 20:55:19+00:00,262.5,0.04,0.04,0.05,-0.04,-50.0,2248.0,5200,0.1914143359375,False,REGULAR,USD,Put,2026-01-02,3
92,AAPL260102P00265000,2025-12-30 20:59:34+00:00,265.0,0.07,0.07,0.08,-0.07,-50.0,4853.0,8060,0.16602396484375004,False,REGULAR,USD,Put,2026-01-02,3
93,AAPL260102P00267500,2025-12-30 20:59:44+00:00,267.5,0.15,0.15,0.16,-0.120000005,-44.444443,3031.0,5782,0.14405152832031248,False,REGULAR,USD,Put,2026-01-02,3
94,AAPL260102P00270000,2025-12-30 20:59:57+00:00,270.0,0.39,0.39,0.4,-0.15000004,-27.777784,13216.0,8622,0.12769427001953126,False,REGULAR,USD,Put,2026-01-02,3
95,AAPL260102P00272500,2025-12-30 20:59:53+00:00,272.5,1.08,1.04,1.08,-0.110000014,-9.243699,15682.0,7626,0.11853908813476563,False,REGULAR,USD,Put,2026-01-02,3
96,AAPL260102P00275000,2025-12-30 20:59:59+00:00,275.0,2.49,2.42,2.51,0.1400001,5.9574513,4475.0,7554,0.1167080517578125,True,REGULAR,USD,Put,2026-01-02,3
97,AAPL260102P00277500,2025-12-30 20:54:40+00:00,277.5,4.6,4.3,4.75,0.53999996,13.300492,328.0,1778,0.14795773925781253,True,REGULAR,USD,Put,2026-01-02,3
98,AAPL260102P00280000,2025-12-30 19:58:48+00:00,280.0,6.55,6.75,7.15,0.34000015,5.475043,743.0,1692,0.18140467041015623,True,REGULAR,USD,Put,2026-01-02,3
99,AAPL260102P00282500,2025-12-30 20:33:22+00:00,282.5,8.95,9.2,9.7,0.23999977,2.755451,221.0,26,0.2387771435546875,True,REGULAR,USD,Put,2026-01-02,3
100,AAPL260102P00285000,2025-12-30 20:33:22+00:00,285.0,11.45,11.75,12.3,0.34999943,3.153148,391.0,69,0.3064034204101562,True,REGULAR,USD,Put,2026-01-02,3
101,AAPL260102P00287500,2025-12-29 16:49:36+00:00,287.5,14.37,13.15,15.6,0.0,0.0,12.0,2,0.4885305053710938,True,REGULAR,USD,Put,2026-01-02,3
102,AAPL260102P00290000,2025-12-30 20:33:22+00:00,290.0,16.46,16.4,17.45,0.15999985,0.9815942,21300.0,1652,0.4292049267578125,True,REGULAR,USD,Put,2026-01-02,3
103,AAPL260102P00292500,2025-12-29 20:14:13+00:00,292.5,18.53,18.15,20.25,0.0,0.0,120.0,3,0.53320779296875,True,REGULAR,USD,Put,2026-01-02,3
104,AAPL260102P00295000,2025-12-30 19:38:39+00:00,295.0,21.68,21.35,22.5,0.38000107,1.7840426,10000.0,0,0.5283250292968751,True,REGULAR,USD,Put,2026-01-02,3
105,AAPL260102P00297500,2025-12-17 20:05:19+00:00,297.5,23.05,23.15,25.6,0.0,0.0,,0,0.6884796777343751,True,REGULAR,USD,Put,2026-01-02,3
106,AAPL260102P00300000,2025-12-30 20:49:23+00:00,300.0,26.05,26.15,27.75,-0.010000229,-0.038373865,1.0,5,0.6684603466796877,True,REGULAR,USD,Put,2026-01-02,3
107,AAPL260102P00305000,2025-12-29 20:50:06+00:00,305.0,30.28,30.65,33.1,0.0,0.0,1.0,1,0.8244646459960936,True,REGULAR,USD,Put,2026-01-02,3
108,AAPL260102P00310000,2025-12-29 20:50:06+00:00,310.0,35.3,35.75,38.05,0.0,0.0,1.0,0,0.8999033447265624,True,REGULAR,USD,Put,2026-01-02,3
109,AAPL260102P00315000,2025-12-15 15:48:02+00:00,315.0,41.05,40.65,43.1,0.0,0.0,1.0,0,0.9924317163085938,True,REGULAR,USD,Put,2026-01-02,3
110,AAPL260102P00340000,2025-12-26 20:27:40+00:00,340.0,66.1,65.75,68.05,0.0,0.0,2.0,0,1.3525422998046874,True,REGULAR,USD,Put,2026-01-02,3
111,AAPL260102P00345000,2025-11-17 14:40:46+00:00,345.0,76.5,70.65,73.1,0.0,0.0,,0,1.43359658203125,True,REGULAR,USD,Put,2026-01-02,3
112,AAPL260102P00350000,2025-11-18 14:30:00+00:00,350.0,78.84,75.75,78.05,0.0,0.0,,0,1.4868189721679688,True,REGULAR,USD,Put,2026-01-02,3
113,AAPL260102P00360000,2025-12-26 16:19:27+00:00,360.0,85.4,85.75,88.05,0.0,0.0,2.0,0,1.6142597412109376,True,REGULAR,USD,Put,2026-01-02,3
114,AAPL260109C00145000,2025-12-26 19:24:20+00:00,145.0,130.02,126.45,130.15,0.0,0.0,1.0,1,1.60547072265625,True,REGULAR,USD,Call,2026-01-09,10
115,AAPL260109C00150000,2025-12-22 18:38:38+00:00,150.0,121.4,121.55,125.15,0.0,0.0,1.0,5,1.5703146484375,True,REGULAR,USD,Call,2026-01-09,10
116,AAPL260109C00155000,2025-12-19 20:28:51+00:00,155.0,116.07,116.45,120.15,0.0,0.0,5.0,5,1.451174619140625,True,REGULAR,USD,Call,2026-01-09,10
117,AAPL260109C00160000,2025-12-17 15:20:42+00:00,160.0,115.37,111.55,115.15,0.0,0.0,,1,1.4169951025390626,True,REGULAR,USD,Call,2026-01-09,10
118,AAPL260109C00170000,2025-12-30 20:18:40+00:00,170.0,103.44,102.15,104.5,-7.959999,-7.1454206,3.0,1,1.2548865380859375,True,REGULAR,USD,Call,2026-01-09,10
119,AAPL260109C00185000,2025-12-30 18:31:31+00:00,185.0,88.44,87.3,90.2,-1.6399994,-1.8206033,1.0,4,1.2392616162109373,True,REGULAR,USD,Call,2026-01-09,10
120,AAPL260109C00190000,2025-12-30 19:21:44+00:00,190.0,83.68,81.6,85.2,0.13999939,0.16758366,2.0,4,1.0302782861328126,True,REGULAR,USD,Call,2026-01-09,10
121,AAPL260109C00195000,2025-12-23 18:33:19+00:00,195.0,77.21,77.35,80.2,0.0,0.0,3.0,7,1.1025435498046878,True,REGULAR,USD,Call,2026-01-09,10
122,AAPL260109C00200000,2025-12-30 15:46:05+00:00,200.0,72.92,71.6,75.2,-1.1900024,-1.6057245,1.0,75,0.9023447265625,True,REGULAR,USD,Call,2026-01-09,10
123,AAPL260109C00205000,2025-12-30 17:11:23+00:00,205.0,67.75,66.5,70.25,-0.66000366,-0.9647765,1.0,41,0.8291032714843749,True,REGULAR,USD,Call,2026-01-09,10
124,AAPL260109C00210000,2025-12-29 17:34:07+00:00,210.0,63.4,61.6,65.25,0.0,0.0,1.0,11,0.7885763330078125,True,REGULAR,USD,Call,2026-01-09,10
125,AAPL260109C00215000,2025-12-29 18:37:46+00:00,215.0,59.35,56.55,60.25,0.0,0.0,1.0,26,0.7187528125,True,REGULAR,USD,Call,2026-01-09,10
126,AAPL260109C00220000,2025-12-26 20:04:37+00:00,220.0,55.05,52.15,55.25,0.0,0.0,2.0,55,0.7446314599609375,True,REGULAR,USD,Call,2026-01-09,10
127,AAPL260109C00225000,2025-12-30 20:20:46+00:00,225.0,48.61,47.5,49.35,0.020000458,0.041161675,33.0,124,0.6088906298828126,True,REGULAR,USD,Call,2026-01-09,10
128,AAPL260109C00230000,2025-12-30 15:14:41+00:00,230.0,43.17,41.75,44.0,-0.98000336,-2.219713,2.0,39,0.673098972167969,True,REGULAR,USD,Call,2026-01-09,10
129,AAPL260109C00235000,2025-12-30 18:13:22+00:00,235.0,38.45,36.7,40.3,-0.36999893,-0.9531142,12.0,268,0.5112353564453125,True,REGULAR,USD,Call,2026-01-09,10
130,AAPL260109C00240000,2025-12-29 15:57:32+00:00,240.0,33.85,31.8,35.3,0.0,0.0,1.0,263,0.692385888671875,True,REGULAR,USD,Call,2026-01-09,10
131,AAPL260109C00245000,2025-12-30 17:22:37+00:00,245.0,27.75,26.85,30.35,0.42000008,1.5367731,1.0,155,0.6189002954101563,True,REGULAR,USD,Call,2026-01-09,10
132,AAPL260109C00247500,2025-12-30 14:41:08+00:00,247.5,25.95,24.7,27.2,1.4000015,5.702654,1.0,1,0.51758294921875,True,REGULAR,USD,Call,2026-01-09,10
133,AAPL260109C00250000,2025-12-30 19:36:04+00:00,250.0,23.65,23.15,23.75,-0.52000046,-2.1514292,13.0,150,0.37280900634765624,True,REGULAR,USD,Call,2026-01-09,10
134,AAPL260109C00252500,2025-12-30 15:33:09+00:00,252.5,20.3,19.8,22.6,-2.8400002,-12.273121,6.0,4,0.47827670166015623,True,REGULAR,USD,Call,2026-01-09,10
135,AAPL260109C00255000,2025-12-30 20:03:39+00:00,255.0,18.75,18.1,19.45,-0.5799999,-3.000517,21.0,304,0.3820862573242187,True,REGULAR,USD,Call,2026-01-09,10
136,AAPL260109C00257500,2025-12-30 16:39:41+00:00,257.5,15.94,15.1,17.1,-0.7600012,-4.550905,2.0,32,0.3577945080566406,True,REGULAR,USD,Call,2026-01-09,10
137,AAPL260109C00260000,2025-12-30 20:44:07+00:00,260.0,13.8,13.5,13.95,-0.77999973,-5.349792,38.0,241,0.2622144091796875,True,REGULAR,USD,Call,2026-01-09,10
138,AAPL260109C00262500,2025-12-30 20:07:28+00:00,262.5,11.3,11.25,11.5,-0.17999935,-1.5679387,65.0,172,0.2309647216796875,True,REGULAR,USD,Call,2026-01-09,10
139,AAPL260109C00265000,2025-12-30 20:56:34+00:00,265.0,9.18,8.95,9.2,-0.7699995,-7.738689,150.0,783,0.2092364233398437,True,REGULAR,USD,Call,2026-01-09,10
140,AAPL260109C00267500,2025-12-30 20:42:56+00:00,267.5,7.07,6.7,7.05,-0.62999964,-8.181813,226.0,264,0.19178054321289065,True,REGULAR,USD,Call,2026-01-09,10
141,AAPL260109C00270000,2025-12-30 20:59:35+00:00,270.0,5.1,5.05,5.2,-0.71000004,-12.22031,563.0,765,0.18311363769531247,True,REGULAR,USD,Call,2026-01-09,10
142,AAPL260109C00272500,2025-12-30 20:59:39+00:00,272.5,3.5,3.45,3.55,-0.6500001,-15.662652,4877.0,1733,0.17212741943359378,True,REGULAR,USD,Call,2026-01-09,10
143,AAPL260109C00275000,2025-12-30 20:58:54+00:00,275.0,2.22,2.2,2.28,-0.53,-19.272726,8168.0,8622,0.16577982666015628,False,REGULAR,USD,Call,2026-01-09,10
144,AAPL260109C00277500,2025-12-30 20:59:34+00:00,277.5,1.29,1.27,1.36,-0.43000007,-25.000004,1097.0,2888,0.1615074084472656,False,REGULAR,USD,Call,2026-01-09,10
145,AAPL260109C00280000,2025-12-30 20:59:27+00:00,280.0,0.71,0.68,0.7,-0.29000002,-29.000002,4828.0,27945,0.1544274011230469,False,REGULAR,USD,Call,2026-01-09,10
146,AAPL260109C00282500,2025-12-30 20:56:53+00:00,282.5,0.37,0.35,0.37,-0.18,-32.727272,993.0,3341,0.1550377465820313,False,REGULAR,USD,Call,2026-01-09,10
147,AAPL260109C00285000,2025-12-30 20:59:00+00:00,285.0,0.19,0.18,0.2,-0.120000005,-38.70968,1325.0,4331,0.15869981933593752,False,REGULAR,USD,Call,2026-01-09,10
148,AAPL260109C00287500,2025-12-30 20:58:56+00:00,287.5,0.1,0.09,0.11,-0.080000006,-44.444447,304.0,2123,0.16358258300781253,False,REGULAR,USD,Call,2026-01-09,10
149,AAPL260109C00290000,2025-12-30 20:53:26+00:00,290.0,0.06,0.05,0.07,-0.05,-45.454544,869.0,5589,0.17237155761718753,False,REGULAR,USD,Call,2026-01-09,10
150,AAPL260109C00292500,2025-12-30 19:49:46+00:00,292.5,0.04,0.03,0.04,-0.030000001,-42.857143,486.0,720,0.17774259765625,False,REGULAR,USD,Call,2026-01-09,10
151,AAPL260109C00295000,2025-12-30 20:26:22+00:00,295.0,0.03,0.02,0.03,-0.01,-25.0,91.0,3442,0.18946123046875002,False,REGULAR,USD,Call,2026-01-09,10
152,AAPL260109C00297500,2025-12-30 16:16:15+00:00,297.5,0.02,0.01,0.03,-0.01,-33.333336,105.0,216,0.20703917968749996,False,REGULAR,USD,Call,2026-01-09,10
153,AAPL260109C00300000,2025-12-30 20:56:46+00:00,300.0,0.02,0.01,0.03,0.0,0.0,186.0,3520,0.22461712890624996,False,REGULAR,USD,Call,2026-01-09,10
154,AAPL260109C00305000,2025-12-30 19:29:56+00:00,305.0,0.01,0.0,0.02,-0.01,-50.0,74.0,1510,0.24805439453125,False,REGULAR,USD,Call,2026-01-09,10
155,AAPL260109C00310000,2025-12-30 18:28:15+00:00,310.0,0.01,0.0,0.05,-0.04,-80.00001,1.0,549,0.31055376953124997,False,REGULAR,USD,Call,2026-01-09,10
156,AAPL260109C00315000,2025-12-29 18:57:46+00:00,315.0,0.01,0.0,0.01,0.0,0.0,2.0,1193,0.2890696093749999,False,REGULAR,USD,Call,2026-01-09,10
157,AAPL260109C00320000,2025-12-22 16:35:38+00:00,320.0,0.02,0.0,0.21,0.0,0.0,1.0,204,0.46094289062500005,False,REGULAR,USD,Call,2026-01-09,10
158,AAPL260109C00325000,2025-12-29 17:05:37+00:00,325.0,0.02,0.0,0.02,0.0,0.0,2.0,180,0.3711000390625,False,REGULAR,USD,Call,2026-01-09,10
159,AAPL260109C00330000,2025-12-09 20:06:19+00:00,330.0,0.02,0.0,0.25,0.0,0.0,103.0,137,0.5483443603515626,False,REGULAR,USD,Call,2026-01-09,10
160,AAPL260109C00335000,2025-12-26 16:27:55+00:00,335.0,0.01,0.0,0.01,0.0,0.0,1.0,97,0.398443515625,False,REGULAR,USD,Call,2026-01-09,10
161,AAPL260109C00340000,2025-12-22 14:30:07+00:00,340.0,0.41,0.0,0.24,0.0,0.0,1.0,29,0.5576216113281252,False,REGULAR,USD,Call,2026-01-09,10
162,AAPL260109C00345000,2025-12-10 18:12:08+00:00,345.0,0.02,0.0,0.23,0.0,0.0,1.0,505,0.585941640625,False,REGULAR,USD,Call,2026-01-09,10
163,AAPL260109C00350000,2025-12-03 17:28:16+00:00,350.0,0.01,0.0,0.01,0.0,0.0,1.0,500,0.476567734375,False,REGULAR,USD,Call,2026-01-09,10
164,AAPL260109C00370000,2025-12-18 17:15:19+00:00,370.0,0.01,0.0,0.21,0.0,0.0,5.0,6,0.725588681640625,False,REGULAR,USD,Call,2026-01-09,10
165,AAPL260109C00375000,2025-12-03 18:57:53+00:00,375.0,0.01,0.0,0.2,0.0,0.0,8.0,7,0.7480493945312501,False,REGULAR,USD,Call,2026-01-09,10
166,AAPL260109C00380000,2025-12-22 15:18:02+00:00,380.0,0.3,0.0,0.2,0.0,0.0,1.0,4,0.7753928710937501,False,REGULAR,USD,Call,2026-01-09,10
167,AAPL260109C00400000,2025-12-26 16:20:20+00:00,400.0,0.01,0.0,0.19,0.0,0.0,1.0,2,0.8730481445312499,False,REGULAR,USD,Call,2026-01-09,10
168,AAPL260109P00160000,2025-12-12 16:49:24+00:00,160.0,0.01,0.0,0.2,0.0,0.0,,107,1.2480506347656248,False,REGULAR,USD,Put,2026-01-09,10
169,AAPL260109P00165000,2025-12-30 14:46:24+00:00,165.0,0.02,0.0,0.1,0.0,0.0,2.0,67,1.09375453125,False,REGULAR,USD,Put,2026-01-09,10
170,AAPL260109P00170000,2025-12-12 16:15:49+00:00,170.0,0.02,0.0,0.1,0.0,0.0,,190,1.0351610742187503,False,REGULAR,USD,Put,2026-01-09,10
171,AAPL260109P00175000,2025-12-12 16:15:49+00:00,175.0,0.02,0.0,0.22,0.0,0.0,,717,1.0683640332031252,False,REGULAR,USD,Put,2026-01-09,10
172,AAPL260109P00180000,2025-12-12 16:15:49+00:00,180.0,0.02,0.0,0.01,0.0,0.0,,211,0.7500025,False,REGULAR,USD,Put,2026-01-09,10
173,AAPL260109P00185000,2025-12-05 14:47:08+00:00,185.0,0.05,0.0,0.23,0.0,0.0,2.0,3,0.9531254687499999,False,REGULAR,USD,Put,2026-01-09,10
174,AAPL260109P00195000,2025-12-03 19:51:01+00:00,195.0,0.07,0.0,0.24,0.0,0.0,,1,0.8398453515625,False,REGULAR,USD,Put,2026-01-09,10
175,AAPL260109P00200000,2025-12-26 15:47:26+00:00,200.0,0.02,0.0,0.02,0.0,0.0,111.0,169,0.6015664843750002,False,REGULAR,USD,Put,2026-01-09,10
176,AAPL260109P00205000,2025-12-12 18:31:33+00:00,205.0,0.03,0.0,0.25,0.0,0.0,10.0,10,0.7324245507812499,False,REGULAR,USD,Put,2026-01-09,10
177,AAPL260109P00210000,2025-12-29 18:17:06+00:00,210.0,0.01,0.0,0.26,0.0,0.0,1.0,14,0.6816438085937502,False,REGULAR,USD,Put,2026-01-09,10
178,AAPL260109P00215000,2025-12-30 17:00:02+00:00,215.0,0.01,0.0,0.26,0.0,0.0,1.0,30,0.6269568554687501,False,REGULAR,USD,Put,2026-01-09,10
179,AAPL260109P00220000,2025-12-30 20:56:18+00:00,220.0,0.01,0.01,0.1,-0.01,-50.0,79.0,139,0.5136767382812499,False,REGULAR,USD,Put,2026-01-09,10
180,AAPL260109P00225000,2025-12-22 18:43:42+00:00,225.0,0.01,0.01,0.03,-0.02,-66.66667,3.0,25,0.4335994140625,False,REGULAR,USD,Put,2026-01-09,10
181,AAPL260109P00230000,2025-12-30 20:59:34+00:00,230.0,0.01,0.01,0.03,-0.01,-50.0,1.0,144,0.39063109375,False,REGULAR,USD,Put,2026-01-09,10
182,AAPL260109P00235000,2025-12-29 20:23:30+00:00,235.0,0.03,0.02,0.03,0.0,0.0,70.0,485,0.34570966796874997,False,REGULAR,USD,Put,2026-01-09,10
183,AAPL260109P00240000,2025-12-30 19:17:34+00:00,240.0,0.03,0.03,0.04,-0.01,-25.0,12.0,1000,0.31250687499999996,False,REGULAR,USD,Put,2026-01-09,10
184,AAPL260109P00245000,2025-12-30 20:08:06+00:00,245.0,0.04,0.04,0.05,-0.010000002,-20.000002,26.0,528,0.27539787109374997,False,REGULAR,USD,Put,2026-01-09,10
185,AAPL260109P00247500,2025-12-30 20:59:21+00:00,247.5,0.05,0.05,0.06,-0.02,-28.571428,31.0,188,0.25977302734375,False,REGULAR,USD,Put,2026-01-09,10
186,AAPL260109P00250000,2025-12-30 20:59:43+00:00,250.0,0.07,0.06,0.07,-0.009999998,-12.499997,232.0,1464,0.242195078125,False,REGULAR,USD,Put,2026-01-09,10
187,AAPL260109P00252500,2025-12-30 19:59:42+00:00,252.5,0.09,0.08,0.09,-0.029999994,-24.999994,148.0,145,0.22657023437499998,False,REGULAR,USD,Put,2026-01-09,10
188,AAPL260109P00255000,2025-12-30 20:59:43+00:00,255.0,0.12,0.11,0.13,-0.04,-25.0,166.0,1697,0.2153398779296875,False,REGULAR,USD,Put,2026-01-09,10
189,AAPL260109P00257500,2025-12-30 20:30:30+00:00,257.5,0.17,0.17,0.18,-0.060000002,-26.086956,206.0,278,0.2016681396484375,False,REGULAR,USD,Put,2026-01-09,10
190,AAPL260109P00260000,2025-12-30 20:48:19+00:00,260.0,0.27,0.26,0.28,-0.06999999,-20.588232,332.0,1548,0.192390888671875,False,REGULAR,USD,Put,2026-01-09,10
191,AAPL260109P00262500,2025-12-30 20:59:25+00:00,262.5,0.41,0.41,0.43,-0.060000002,-12.765958,1693.0,702,0.18238122314453126,False,REGULAR,USD,Put,2026-01-09,10
192,AAPL260109P00265000,2025-12-30 20:59:34+00:00,265.0,0.66,0.67,0.7,-0.089999974,-11.999996,1101.0,2795,0.1753012158203125,False,REGULAR,USD,Put,2026-01-09,10
193,AAPL260109P00267500,2025-12-30 20:59:28+00:00,267.5,1.07,1.07,1.1,-0.049999952,-4.4642816,978.0,1639,0.16724465576171876,False,REGULAR,USD,Put,2026-01-09,10
194,AAPL260109P00270000,2025-12-30 20:59:22+00:00,270.0,1.72,1.64,1.73,0.01999998,1.1764694,1256.0,2363,0.1607749938964844,False,REGULAR,USD,Put,2026-01-09,10
195,AAPL260109P00272500,2025-12-30 20:59:39+00:00,272.5,2.65,2.56,2.65,0.120000124,4.743088,1943.0,1465,0.15515981567382814,False,REGULAR,USD,Put,2026-01-09,10
196,AAPL260109P00275000,2025-12-30 20:59:14+00:00,275.0,3.87,3.8,3.9,0.21999979,6.0273914,1053.0,3069,0.14954463745117189,True,REGULAR,USD,Put,2026-01-09,10
197,AAPL260109P00277500,2025-12-30 20:48:05+00:00,277.5,5.35,5.35,5.5,0.3499999,6.9999986,195.0,423,0.14380739013671873,True,REGULAR,USD,Put,2026-01-09,10
198,AAPL260109P00280000,2025-12-30 19:37:35+00:00,280.0,7.15,7.2,7.5,0.23000002,3.3236997,632.0,1399,0.1445398046875,True,REGULAR,USD,Put,2026-01-09,10
199,AAPL260109P00282500,2025-12-30 20:18:20+00:00,282.5,9.2,9.3,9.8,0.13000011,1.4332979,11.0,39,0.1562584375,True,REGULAR,USD,Put,2026-01-09,10
200,AAPL260109P00285000,2025-12-30 20:33:22+00:00,285.0,11.45,11.7,12.2,0.19999981,1.7777761,2761.0,539,0.1713950048828125,True,REGULAR,USD,Put,2026-01-09,10
201,AAPL260109P00287500,2025-12-30 15:43:27+00:00,287.5,14.82,13.95,14.9,-1.6700001,-10.12735,54.0,0,0.22510540527343748,True,REGULAR,USD,Put,2026-01-09,10
202,AAPL260109P00290000,2025-12-30 20:33:22+00:00,290.0,16.25,16.2,17.6,0.0,0.0,1453.0,280,0.2766185620117187,True,REGULAR,USD,Put,2026-01-09,10
203,AAPL260109P00295000,2025-12-30 20:33:22+00:00,295.0,20.75,21.35,22.45,-0.2800007,-1.3314345,70.0,14,0.3117744604492187,True,REGULAR,USD,Put,2026-01-09,10
204,AAPL260109P00300000,2025-12-30 20:33:22+00:00,300.0,25.8,26.3,27.6,0.8499985,3.4068074,20.0,3,0.38355108642578123,True,REGULAR,USD,Put,2026-01-09,10
205,AAPL260109P00305000,2025-12-08 18:02:51+00:00,305.0,27.5,30.45,33.3,0.0,0.0,2.0,0,0.5192919165039063,True,REGULAR,USD,Put,2026-01-09,10
206,AAPL260109P00310000,2025-12-05 18:17:49+00:00,310.0,30.9,35.55,38.2,0.0,0.0,2.0,0,0.5607954077148438,True,REGULAR,USD,Put,2026-01-09,10
207,AAPL260109P00315000,2025-12-12 17:51:41+00:00,315.0,36.25,40.45,43.3,0.0,0.0,,0,0.62305064453125,True,REGULAR,USD,Put,2026-01-09,10
208,AAPL260109P00320000,2025-12-11 20:54:48+00:00,320.0,41.07,45.55,48.1,0.0,0.0,,0,0.64648791015625,True,REGULAR,USD,Put,2026-01-09,10
209,AAPL260109P00330000,2025-12-03 18:05:49+00:00,330.0,44.1,55.5,58.1,0.0,0.0,,0,0.7375514526367187,True,REGULAR,USD,Put,2026-01-09,10
210,AAPL260109P00385000,2025-12-05 19:46:56+00:00,385.0,106.08,110.45,113.3,0.0,0.0,4.0,0,1.1980020568847656,True,REGULAR,USD,Put,2026-01-09,10
211,AAPL260109P00390000,2025-12-04 16:32:47+00:00,390.0,109.52,115.55,118.2,0.0,0.0,,0,1.2141152575683591,True,REGULAR,USD,Put,2026-01-09,10
212,AAPL260116C00005000,2025-12-24 17:16:56+00:00,5.0,270.3,266.85,268.8,0.0,0.0,3.0,41,9.960941274414063,True,REGULAR,USD,Call,2026-01-16,17
213,AAPL260116C00010000,2025-12-29 14:51:03+00:00,10.0,264.04,261.25,265.0,0.0,0.0,8.0,28,5.375003281249999,True,REGULAR,USD,Call,2026-01-16,17
214,AAPL260116C00015000,2025-11-07 20:25:47+00:00,15.0,252.05,256.3,260.0,0.0,0.0,80.0,0,4.875003906249999,True,REGULAR,USD,Call,2026-01-16,17
215,AAPL260116C00020000,2025-12-29 15:35:14+00:00,20.0,254.09,251.3,255.0,0.0,0.0,10.0,146,4.367192041015624,True,REGULAR,USD,Call,2026-01-16,17
216,AAPL260116C00025000,2025-12-22 18:27:04+00:00,25.0,245.99,246.3,250.0,0.0,0.0,2.0,15,3.9843750390625,True,REGULAR,USD,Call,2026-01-16,17
217,AAPL260116C00030000,2025-12-29 16:07:20+00:00,30.0,243.44,241.3,245.05,0.0,0.0,2.0,127,3.7890630273437504,True,REGULAR,USD,Call,2026-01-16,17
218,AAPL260116C00035000,2025-10-01 16:47:36+00:00,35.0,221.72,236.05,239.7,0.0,0.0,1.0,43,5.280276837158203,True,REGULAR,USD,Call,2026-01-16,17
219,AAPL260116C00040000,2025-10-24 15:56:09+00:00,40.0,223.28,235.75,239.3,0.0,0.0,2.0,27,6.174318688354491,True,REGULAR,USD,Call,2026-01-16,17
220,AAPL260116C00045000,2025-09-19 14:46:56+00:00,45.0,197.13,226.05,229.75,0.0,0.0,1.0,90,4.638676076660157,True,REGULAR,USD,Call,2026-01-16,17
221,AAPL260116C00050000,2025-11-28 17:20:33+00:00,50.0,227.04,222.1,224.25,0.0,0.0,1.0,1339,2.902346494140625,True,REGULAR,USD,Call,2026-01-16,17
222,AAPL260116C00055000,2025-12-16 15:29:54+00:00,55.0,218.56,217.1,220.1,0.0,0.0,4.0,296,3.388673403320312,True,REGULAR,USD,Call,2026-01-16,17
223,AAPL260116C00060000,2025-12-23 19:30:15+00:00,60.0,212.1,211.4,215.1,0.0,0.0,2.0,382,2.7695343261718754,True,REGULAR,USD,Call,2026-01-16,17
224,AAPL260116C00065000,2025-12-24 15:38:10+00:00,65.0,209.9,206.4,210.1,0.0,0.0,19.0,81,2.6250034375,True,REGULAR,USD,Call,2026-01-16,17
225,AAPL260116C00070000,2025-10-15 16:43:18+00:00,70.0,180.48,201.3,204.95,0.0,0.0,45.0,172,2.16406708984375,True,REGULAR,USD,Call,2026-01-16,17
226,AAPL260116C00075000,2025-12-23 15:17:30+00:00,75.0,196.7,196.4,200.15,0.0,0.0,2.0,267,2.410160224609375,True,REGULAR,USD,Call,2026-01-16,17
227,AAPL260116C00080000,2025-12-22 19:38:55+00:00,80.0,191.23,191.45,195.15,0.0,0.0,2.0,438,2.330082299804687,True,REGULAR,USD,Call,2026-01-16,17
228,AAPL260116C00085000,2025-12-18 20:45:46+00:00,85.0,187.92,186.45,190.15,0.0,0.0,2.0,230,2.2187544531249994,True,REGULAR,USD,Call,2026-01-16,17
229,AAPL260116C00090000,2025-12-29 16:48:47+00:00,90.0,183.28,181.95,184.55,0.0,0.0,1.0,208,2.050786123046875,True,REGULAR,USD,Call,2026-01-16,17
230,AAPL260116C00095000,2025-12-08 16:14:53+00:00,95.0,183.1,176.95,180.15,0.0,0.0,12.0,103,2.236332534179687,True,REGULAR,USD,Call,2026-01-16,17
231,AAPL260116C00100000,2025-12-29 15:46:38+00:00,100.0,174.02,172.2,174.45,0.0,0.0,11.0,1961,1.953125234375,True,REGULAR,USD,Call,2026-01-16,17
232,AAPL260116C00105000,2025-12-03 19:43:31+00:00,105.0,180.15,166.5,170.2,0.0,0.0,2.0,200,1.88671931640625,True,REGULAR,USD,Call,2026-01-16,17
233,AAPL260116C00110000,2025-12-29 18:01:09+00:00,110.0,163.72,161.5,165.2,0.0,0.0,45.0,559,1.8007822460937497,True,REGULAR,USD,Call,2026-01-16,17
234,AAPL260116C00115000,2025-12-18 20:22:17+00:00,115.0,157.23,156.5,160.2,0.0,0.0,1.0,280,1.71875140625,True,REGULAR,USD,Call,2026-01-16,17
235,AAPL260116C00120000,2025-12-23 15:15:35+00:00,120.0,152.0,151.5,155.25,0.0,0.0,26.0,791,1.6601579492187502,True,REGULAR,USD,Call,2026-01-16,17
236,AAPL260116C00125000,2025-12-23 15:13:10+00:00,125.0,149.05,147.05,150.1,2.5,1.7059023,1.0,919,1.7060561572265625,True,REGULAR,USD,Call,2026-01-16,17
237,AAPL260116C00130000,2025-12-23 15:29:40+00:00,130.0,141.32,141.55,145.25,0.0,0.0,17.0,595,1.5273461132812498,True,REGULAR,USD,Call,2026-01-16,17
238,AAPL260116C00135000,2025-12-30 19:57:23+00:00,135.0,139.0,137.6,139.25,-0.22999573,-0.16519122,9.0,286,1.4716823291015624,True,REGULAR,USD,Call,2026-01-16,17
239,AAPL260116C00140000,2025-12-30 20:07:04+00:00,140.0,133.58,131.55,135.3,2.0400085,1.5508657,2.0,914,1.40234673828125,True,REGULAR,USD,Call,2026-01-16,17
240,AAPL260116C00145000,2025-12-30 19:00:36+00:00,145.0,128.7,126.55,130.3,-0.040008545,-0.03107701,1.0,353,1.3359408203124996,True,REGULAR,USD,Call,2026-01-16,17
241,AAPL260116C00150000,2025-12-30 18:11:18+00:00,150.0,123.95,122.75,124.1,0.13999939,0.113075994,6.0,57096,1.2714880175781247,True,REGULAR,USD,Call,2026-01-16,17
242,AAPL260116C00155000,2025-12-29 17:27:44+00:00,155.0,118.61,117.85,119.5,0.0,0.0,76.0,2302,1.3149448315429684,True,REGULAR,USD,Call,2026-01-16,17
243,AAPL260116C00160000,2025-12-30 18:59:51+00:00,160.0,114.0,112.85,114.1,-0.30000305,-0.26246986,5.0,10435,1.1709025830078126,True,REGULAR,USD,Call,2026-01-16,17
244,AAPL260116C00165000,2025-12-30 20:30:03+00:00,165.0,108.58,107.85,109.1,-0.11999512,-0.110391095,27.0,6192,1.1108442895507813,True,REGULAR,USD,Call,2026-01-16,17
245,AAPL260116C00170000,2025-12-29 17:16:19+00:00,170.0,103.5,102.85,104.15,0.0,0.0,6.0,5061,1.0625046875000002,True,REGULAR,USD,Call,2026-01-16,17
246,AAPL260116C00175000,2025-12-29 20:02:15+00:00,175.0,98.03,97.85,99.1,-1.2900009,-1.298833,4.0,16684,0.9951172363281251,True,REGULAR,USD,Call,2026-01-16,17
247,AAPL260116C00180000,2025-12-30 17:34:44+00:00,180.0,93.25,92.9,94.15,-0.69000244,-0.734514,2.0,43900,0.9580082324218748,True,REGULAR,USD,Call,2026-01-16,17
248,AAPL260116C00185000,2025-12-30 18:17:22+00:00,185.0,88.92,87.8,89.2,0.16999817,0.19154723,7.0,6729,0.8945323046874999,True,REGULAR,USD,Call,2026-01-16,17
249,AAPL260116C00190000,2025-12-30 20:38:17+00:00,190.0,83.74,82.85,84.2,-0.23000336,-0.27391133,33.0,3941,0.848634326171875,True,REGULAR,USD,Call,2026-01-16,17
250,AAPL260116C00195000,2025-12-30 19:23:45+00:00,195.0,78.8,77.9,79.25,-0.45999908,-0.5803672,25.0,6718,0.8105487695312499,True,REGULAR,USD,Call,2026-01-16,17
251,AAPL260116C00200000,2025-12-30 20:36:22+00:00,200.0,73.75,73.1,74.2,-0.75,-1.0067114,75.0,21312,0.7773459765625,True,REGULAR,USD,Call,2026-01-16,17
252,AAPL260116C00205000,2025-12-30 19:59:47+00:00,205.0,68.77,67.95,69.25,-0.4300003,-0.6213878,28.0,6476,0.7128934960937501,True,REGULAR,USD,Call,2026-01-16,17
253,AAPL260116C00210000,2025-12-30 20:51:26+00:00,210.0,64.2,62.95,64.25,-0.29000092,-0.44968355,2514.0,13799,0.6621127539062501,True,REGULAR,USD,Call,2026-01-16,17
254,AAPL260116C00215000,2025-12-30 20:43:41+00:00,215.0,58.69,57.95,59.3,-0.7900009,-1.3281791,126.0,13033,0.6171913281250001,True,REGULAR,USD,Call,2026-01-16,17
255,AAPL260116C00220000,2025-12-30 20:54:18+00:00,220.0,53.5,53.0,53.75,-1.1500015,-2.104303,1483.0,22373,0.5083056982421875,True,REGULAR,USD,Call,2026-01-16,17
256,AAPL260116C00225000,2025-12-30 20:57:39+00:00,225.0,48.77,48.1,49.3,-0.5099983,-1.0348992,86.0,26177,0.5319871020507813,True,REGULAR,USD,Call,2026-01-16,17
257,AAPL260116C00230000,2025-12-30 20:41:25+00:00,230.0,43.69,43.25,43.85,-0.65999985,-1.488162,86.0,21712,0.5053760400390624,True,REGULAR,USD,Call,2026-01-16,17
258,AAPL260116C00235000,2025-12-30 20:51:57+00:00,235.0,38.8,38.45,39.35,-0.3500023,-0.8940033,27.0,25786,0.5136767382812499,True,REGULAR,USD,Call,2026-01-16,17
259,AAPL260116C00240000,2025-12-30 20:41:33+00:00,240.0,33.77,33.3,33.9,-0.63000107,-1.8313984,145.0,27565,0.40991801025390623,True,REGULAR,USD,Call,2026-01-16,17
260,AAPL260116C00245000,2025-12-30 20:41:33+00:00,245.0,28.82,28.2,29.35,-0.2800007,-0.96220165,47.0,17678,0.40332627929687503,True,REGULAR,USD,Call,2026-01-16,17
261,AAPL260116C00247500,2025-12-30 18:58:06+00:00,247.5,26.37,24.45,28.05,-0.7799988,-2.8729236,1.0,40,0.4666801379394532,True,REGULAR,USD,Call,2026-01-16,17
262,AAPL260116C00250000,2025-12-30 20:54:40+00:00,250.0,23.92,23.7,23.95,-0.62000084,-2.5264907,620.0,46204,0.31201859863281245,True,REGULAR,USD,Call,2026-01-16,17
263,AAPL260116C00252500,2025-12-30 20:59:31+00:00,252.5,21.45,20.65,21.5,-0.6499996,-2.9411747,2.0,153,0.2902903002929687,True,REGULAR,USD,Call,2026-01-16,17
264,AAPL260116C00255000,2025-12-30 20:58:27+00:00,255.0,19.15,18.9,19.1,-0.6700001,-3.3804243,157.0,29739,0.27173579833984374,True,REGULAR,USD,Call,2026-01-16,17
265,AAPL260116C00257500,2025-12-30 20:22:39+00:00,257.5,17.05,16.2,17.4,-0.25,-1.4450867,27.0,74,0.2990792749023437,True,REGULAR,USD,Call,2026-01-16,17
266,AAPL260116C00260000,2025-12-30 20:57:14+00:00,260.0,14.45,14.25,14.45,-0.6999998,-4.620461,362.0,61057,0.23975369628906246,True,REGULAR,USD,Call,2026-01-16,17
267,AAPL260116C00262500,2025-12-30 20:45:43+00:00,262.5,12.22,12.05,12.2,-0.7399998,-5.7098746,70.0,268,0.22412885253906245,True,REGULAR,USD,Call,2026-01-16,17
268,AAPL260116C00265000,2025-12-30 20:28:33+00:00,265.0,10.2,9.95,10.1,-0.5500002,-5.116281,452.0,32837,0.21265435791015624,True,REGULAR,USD,Call,2026-01-16,17
269,AAPL260116C00267500,2025-12-30 20:54:40+00:00,267.5,8.1,8.0,8.15,-0.8499994,-9.4972,138.0,745,0.20288883056640622,True,REGULAR,USD,Call,2026-01-16,17
270,AAPL260116C00270000,2025-12-30 20:59:50+00:00,270.0,6.3,6.25,6.35,-0.5999999,-8.695651,1901.0,86977,0.19324537231445313,True,REGULAR,USD,Call,2026-01-16,17
271,AAPL260116C00272500,2025-12-30 20:59:04+00:00,272.5,4.82,4.7,4.8,-0.52999973,-9.906537,1256.0,1705,0.1863484686279297,True,REGULAR,USD,Call,2026-01-16,17
272,AAPL260116C00275000,2025-12-30 20:59:31+00:00,275.0,3.4,3.4,3.5,-0.5,-12.820513,2659.0,33194,0.18091639404296872,False,REGULAR,USD,Call,2026-01-16,17
273,AAPL260116C00277500,2025-12-30 20:59:02+00:00,277.5,2.4,2.35,2.45,-0.48000002,-16.666666,706.0,1811,0.17646087219238282,False,REGULAR,USD,Call,2026-01-16,17
274,AAPL260116C00280000,2025-12-30 20:59:45+00:00,280.0,1.55,1.55,1.6,-0.4100001,-20.918371,4066.0,72339,0.1706625903320313,False,REGULAR,USD,Call,2026-01-16,17
275,AAPL260116C00282500,2025-12-30 20:59:43+00:00,282.5,1.0,0.99,1.04,-0.26999998,-21.259842,1038.0,12958,0.16895362304687503,False,REGULAR,USD,Call,2026-01-16,17
276,AAPL260116C00285000,2025-12-30 20:59:17+00:00,285.0,0.65,0.63,0.65,-0.18,-21.686747,1363.0,34685,0.16773293212890628,False,REGULAR,USD,Call,2026-01-16,17
277,AAPL260116C00287500,2025-12-30 20:58:49+00:00,287.5,0.42,0.4,0.42,-0.120000035,-22.222229,300.0,1401,0.16993017578125003,False,REGULAR,USD,Call,2026-01-16,17
278,AAPL260116C00290000,2025-12-30 20:57:48+00:00,290.0,0.28,0.27,0.28,-0.06999999,-19.999998,2785.0,57264,0.17383638671875,False,REGULAR,USD,Call,2026-01-16,17
279,AAPL260116C00292500,2025-12-30 20:56:18+00:00,292.5,0.19,0.18,0.2,-0.060000002,-24.0,40.0,1459,0.18042811767578126,False,REGULAR,USD,Call,2026-01-16,17
280,AAPL260116C00295000,2025-12-30 20:54:15+00:00,295.0,0.13,0.13,0.15,-0.040000007,-23.529415,2900.0,24681,0.18799640136718748,False,REGULAR,USD,Call,2026-01-16,17
281,AAPL260116C00300000,2025-12-30 20:59:44+00:00,300.0,0.08,0.08,0.09,-0.030000001,-27.272728,1893.0,58404,0.20410952148437497,False,REGULAR,USD,Call,2026-01-16,17
282,AAPL260116C00305000,2025-12-30 20:24:18+00:00,305.0,0.06,0.05,0.06,-0.010000002,-14.285716,595.0,9337,0.22168747070312497,False,REGULAR,USD,Call,2026-01-16,17
283,AAPL260116C00310000,2025-12-30 20:44:24+00:00,310.0,0.02,0.03,0.04,-0.02,-50.0,551.0,57871,0.23633576171874998,False,REGULAR,USD,Call,2026-01-16,17
284,AAPL260116C00315000,2025-12-30 19:18:06+00:00,315.0,0.03,0.02,0.03,0.0,0.0,349.0,11810,0.25391371093750004,False,REGULAR,USD,Call,2026-01-16,17
285,AAPL260116C00320000,2025-12-30 20:49:48+00:00,320.0,0.01,0.01,0.03,-0.02,-66.66667,525.0,14328,0.27930408203124996,False,REGULAR,USD,Call,2026-01-16,17
286,AAPL260116C00325000,2025-12-30 20:33:13+00:00,325.0,0.01,0.01,0.02,-0.01,-50.0,4.0,2798,0.2890696093749999,False,REGULAR,USD,Call,2026-01-16,17
287,AAPL260116C00330000,2025-12-30 19:40:51+00:00,330.0,0.01,0.0,0.01,-0.01,-50.0,134.0,9276,0.2929758203124999,False,REGULAR,USD,Call,2026-01-16,17
288,AAPL260116C00335000,2025-12-29 18:51:07+00:00,335.0,0.01,0.0,0.23,0.0,0.0,1.0,422,0.45117736328125,False,REGULAR,USD,Call,2026-01-16,17
289,AAPL260116C00340000,2025-12-30 18:23:04+00:00,340.0,0.01,0.0,0.01,0.0,0.0,1.0,4901,0.335944140625,False,REGULAR,USD,Call,2026-01-16,17
290,AAPL260116C00350000,2025-12-30 15:35:36+00:00,350.0,0.01,0.0,0.01,0.0,0.0,3.0,12145,0.37500625,False,REGULAR,USD,Call,2026-01-16,17
291,AAPL260116C00360000,2025-12-22 17:11:31+00:00,360.0,0.01,0.0,0.01,0.0,0.0,2.0,2430,0.414068359375,False,REGULAR,USD,Call,2026-01-16,17
292,AAPL260116C00370000,2025-12-29 14:45:22+00:00,370.0,0.01,0.0,0.02,0.0,0.0,2.0,3191,0.476567734375,False,REGULAR,USD,Call,2026-01-16,17
293,AAPL260116C00380000,2025-12-30 15:29:01+00:00,380.0,0.01,0.0,0.04,-0.03,-75.0,1.0,8086,0.51562984375,False,REGULAR,USD,Call,2026-01-16,17
294,AAPL260116C00390000,2025-12-29 19:53:50+00:00,390.0,0.03,0.0,0.01,0.0,0.0,352.0,14690,0.51562984375,False,REGULAR,USD,Call,2026-01-16,17
295,AAPL260116C00400000,2025-12-09 14:36:29+00:00,400.0,0.01,0.0,0.01,0.0,0.0,2.0,774,0.51562984375,False,REGULAR,USD,Call,2026-01-16,17
296,AAPL260116C00410000,2025-12-17 18:57:15+00:00,410.0,0.01,0.0,0.01,0.0,0.0,1.0,298,0.5468795312500001,False,REGULAR,USD,Call,2026-01-16,17
297,AAPL260116C00420000,2025-12-10 20:36:26+00:00,420.0,0.01,0.0,0.08,0.0,0.0,1.0,1650,0.69336244140625,False,REGULAR,USD,Call,2026-01-16,17
298,AAPL260116C00430000,2025-12-17 18:57:15+00:00,430.0,0.01,0.0,0.17,0.0,0.0,1.0,721,0.7832052929687501,False,REGULAR,USD,Call,2026-01-16,17
299,AAPL260116C00440000,2025-12-22 18:19:19+00:00,440.0,0.01,0.0,0.17,0.0,0.0,3.0,4087,0.8183611914062499,False,REGULAR,USD,Call,2026-01-16,17
300,AAPL260116C00450000,2025-12-17 15:45:13+00:00,450.0,0.01,0.0,0.01,0.0,0.0,4.0,1716,0.6718782812500002,False,REGULAR,USD,Call,2026-01-16,17
301,AAPL260116P00005000,2025-11-10 15:08:41+00:00,5.0,0.01,0.0,0.01,0.0,0.0,1.0,13664,5.500003124999999,False,REGULAR,USD,Put,2026-01-16,17
302,AAPL260116P00010000,2025-07-25 18:31:23+00:00,10.0,0.01,0.0,0.02,0.0,0.0,1.0,2191,4.687504140625,False,REGULAR,USD,Put,2026-01-16,17
303,AAPL260116P00015000,2025-12-26 19:22:34+00:00,15.0,0.05,0.0,0.25,0.0,0.0,4.0,130,5.20312849609375,False,REGULAR,USD,Put,2026-01-16,17
304,AAPL260116P00020000,2025-09-11 13:56:00+00:00,20.0,0.01,0.0,0.01,0.0,0.0,1.0,520,3.50000125,False,REGULAR,USD,Put,2026-01-16,17
305,AAPL260116P00025000,2025-11-10 19:16:22+00:00,25.0,0.01,0.0,0.01,0.0,0.0,7.0,17,3.1875020312499998,False,REGULAR,USD,Put,2026-01-16,17
306,AAPL260116P00030000,2025-08-12 19:28:51+00:00,30.0,0.01,0.0,0.0,0.0,0.0,3.0,2367,0.500005,False,REGULAR,USD,Put,2026-01-16,17
307,AAPL260116P00035000,2025-07-25 19:45:13+00:00,35.0,0.01,0.0,0.02,0.0,0.0,10.0,152,2.8750028125,False,REGULAR,USD,Put,2026-01-16,17
308,AAPL260116P00040000,2025-08-27 18:51:39+00:00,40.0,0.01,0.0,0.1,0.0,0.0,5.0,1016,3.0781273046874995,False,REGULAR,USD,Put,2026-01-16,17
309,AAPL260116P00045000,2025-12-24 16:55:54+00:00,45.0,0.02,0.0,0.13,0.0,0.0,2.0,2381,2.9687525781249997,False,REGULAR,USD,Put,2026-01-16,17
310,AAPL260116P00050000,2025-10-22 15:55:53+00:00,50.0,0.01,0.0,0.01,0.0,0.0,1.0,6165,2.2500043749999996,False,REGULAR,USD,Put,2026-01-16,17
311,AAPL260116P00055000,2025-11-20 14:30:09+00:00,55.0,0.01,0.0,0.04,0.0,0.0,1.0,866,2.3750040624999995,False,REGULAR,USD,Put,2026-01-16,17
312,AAPL260116P00060000,2025-11-04 16:26:37+00:00,60.0,0.01,0.0,0.1,0.0,0.0,10.0,1808,2.42969142578125,False,REGULAR,USD,Put,2026-01-16,17
313,AAPL260116P00065000,2025-10-09 19:42:03+00:00,65.0,0.01,0.0,0.01,0.0,0.0,1.0,5734,1.9062504687500001,False,REGULAR,USD,Put,2026-01-16,17
314,AAPL260116P00070000,2025-11-06 16:12:02+00:00,70.0,0.01,0.0,0.14,0.0,0.0,1.0,2823,2.2656293359374997,False,REGULAR,USD,Put,2026-01-16,17
315,AAPL260116P00075000,2025-12-02 17:08:41+00:00,75.0,0.01,0.0,0.01,0.0,0.0,29.0,3753,1.71875140625,False,REGULAR,USD,Put,2026-01-16,17
316,AAPL260116P00080000,2025-12-02 17:08:37+00:00,80.0,0.01,0.0,0.02,0.0,0.0,33.0,2477,1.71875140625,False,REGULAR,USD,Put,2026-01-16,17
317,AAPL260116P00085000,2025-11-04 19:41:03+00:00,85.0,0.01,0.0,0.03,0.0,0.0,6.0,1799,1.6875015625,False,REGULAR,USD,Put,2026-01-16,17
318,AAPL260116P00090000,2025-12-24 17:17:00+00:00,90.0,0.02,0.0,0.02,0.0,0.0,1.0,1910,1.5625021874999998,False,REGULAR,USD,Put,2026-01-16,17
319,AAPL260116P00095000,2025-11-28 17:52:38+00:00,95.0,0.01,0.0,0.05,0.0,0.0,3.0,6035,1.609376953125,False,REGULAR,USD,Put,2026-01-16,17
320,AAPL260116P00100000,2025-12-22 19:52:27+00:00,100.0,0.01,0.0,0.01,0.0,0.0,2.0,6923,1.3437532812499997,False,REGULAR,USD,Put,2026-01-16,17
321,AAPL260116P00105000,2025-12-17 18:56:48+00:00,105.0,0.01,0.0,0.02,0.0,0.0,1.0,5273,1.3437532812499997,False,REGULAR,USD,Put,2026-01-16,17
322,AAPL260116P00110000,2025-12-17 18:56:48+00:00,110.0,0.01,0.0,0.16,0.0,0.0,1.0,2930,1.5585959570312498,False,REGULAR,USD,Put,2026-01-16,17
323,AAPL260116P00115000,2025-12-17 18:56:48+00:00,115.0,0.01,0.0,0.03,0.0,0.0,1.0,1498,1.2656286718749998,False,REGULAR,USD,Put,2026-01-16,17
324,AAPL260116P00120000,2025-12-24 17:18:30+00:00,120.0,0.02,0.0,0.03,0.0,0.0,1.0,3706,1.2109414453124998,False,REGULAR,USD,Put,2026-01-16,17
325,AAPL260116P00125000,2025-12-12 16:13:47+00:00,125.0,0.01,0.0,0.02,0.0,0.0,168.0,3340,1.109379453125,False,REGULAR,USD,Put,2026-01-16,17
326,AAPL260116P00130000,2025-12-17 18:56:48+00:00,130.0,0.01,0.0,0.01,0.0,0.0,1.0,9642,1.000005,False,REGULAR,USD,Put,2026-01-16,17
327,AAPL260116P00135000,2025-12-26 14:30:02+00:00,135.0,0.01,0.0,0.03,0.0,0.0,52.0,4021,1.0468797656250002,False,REGULAR,USD,Put,2026-01-16,17
328,AAPL260116P00140000,2025-12-29 14:30:01+00:00,140.0,0.01,0.0,0.04,0.0,0.0,14.0,4459,1.015629921875,False,REGULAR,USD,Put,2026-01-16,17
329,AAPL260116P00145000,2025-12-19 16:02:11+00:00,145.0,0.01,0.0,0.03,0.0,0.0,15.0,4638,0.945313046875,False,REGULAR,USD,Put,2026-01-16,17
330,AAPL260116P00150000,2025-12-30 17:27:30+00:00,150.0,0.01,0.0,0.03,0.0,0.0,5.0,63372,0.8984385156249999,False,REGULAR,USD,Put,2026-01-16,17
331,AAPL260116P00155000,2025-12-26 14:35:22+00:00,155.0,0.01,0.0,0.01,0.0,0.0,34.0,6230,0.7812521875,False,REGULAR,USD,Put,2026-01-16,17
332,AAPL260116P00160000,2025-12-29 18:16:42+00:00,160.0,0.01,0.0,0.01,0.0,0.0,1.0,14564,0.73437765625,False,REGULAR,USD,Put,2026-01-16,17
333,AAPL260116P00165000,2025-12-29 18:58:22+00:00,165.0,0.01,0.0,0.01,0.0,0.0,1.0,14832,0.6875031250000001,False,REGULAR,USD,Put,2026-01-16,17
334,AAPL260116P00170000,2025-12-29 18:55:43+00:00,170.0,0.01,0.0,0.01,0.0,0.0,72.0,27827,0.6562534375000001,False,REGULAR,USD,Put,2026-01-16,17
335,AAPL260116P00175000,2025-12-29 19:31:43+00:00,175.0,0.02,0.0,0.01,0.0,0.0,76.0,26254,0.6250037500000001,False,REGULAR,USD,Put,2026-01-16,17
336,AAPL260116P00180000,2025-12-30 18:34:06+00:00,180.0,0.01,0.0,0.01,0.0,0.0,115.0,61300,0.57812921875,False,REGULAR,USD,Put,2026-01-16,17
337,AAPL260116P00185000,2025-12-26 19:37:34+00:00,185.0,0.01,0.0,0.05,0.0,0.0,727.0,16999,0.6289099609375001,False,REGULAR,USD,Put,2026-01-16,17
338,AAPL260116P00190000,2025-12-30 16:19:48+00:00,190.0,0.02,0.0,0.05,0.0,0.0,16.0,16393,0.5898478515625001,False,REGULAR,USD,Put,2026-01-16,17
339,AAPL260116P00195000,2025-12-29 18:55:43+00:00,195.0,0.01,0.0,0.06,0.0,0.0,6.0,17917,0.5625043750000001,False,REGULAR,USD,Put,2026-01-16,17
340,AAPL260116P00200000,2025-12-30 20:42:45+00:00,200.0,0.01,0.0,0.01,0.0,0.0,2.0,42430,0.4687553125,False,REGULAR,USD,Put,2026-01-16,17
341,AAPL260116P00205000,2025-12-30 20:42:54+00:00,205.0,0.02,0.0,0.04,0.01,100.0,2.0,15091,0.500005,False,REGULAR,USD,Put,2026-01-16,17
342,AAPL260116P00210000,2025-12-30 20:43:01+00:00,210.0,0.02,0.0,0.04,0.01,100.0,22.0,35245,0.46094289062500005,False,REGULAR,USD,Put,2026-01-16,17
343,AAPL260116P00215000,2025-12-30 20:43:08+00:00,215.0,0.01,0.01,0.02,0.0,0.0,6.0,20328,0.39453730468750003,False,REGULAR,USD,Put,2026-01-16,17
344,AAPL260116P00220000,2025-12-30 20:50:39+00:00,220.0,0.02,0.01,0.03,0.0,0.0,62.0,28311,0.37500625,False,REGULAR,USD,Put,2026-01-16,17
345,AAPL260116P00225000,2025-12-30 20:35:15+00:00,225.0,0.03,0.02,0.04,0.0,0.0,23.0,16313,0.34961587890624996,False,REGULAR,USD,Put,2026-01-16,17
346,AAPL260116P00230000,2025-12-30 20:44:24+00:00,230.0,0.04,0.03,0.05,0.01,33.333336,99.0,24819,0.3232489550781249,False,REGULAR,USD,Put,2026-01-16,17
347,AAPL260116P00235000,2025-12-30 20:43:34+00:00,235.0,0.05,0.05,0.06,-0.009999998,-16.666662,28.0,16334,0.29395237304687494,False,REGULAR,USD,Put,2026-01-16,17
348,AAPL260116P00240000,2025-12-30 20:43:04+00:00,240.0,0.07,0.07,0.09,-0.009999998,-12.499997,118.0,21204,0.27197993652343744,False,REGULAR,USD,Put,2026-01-16,17
349,AAPL260116P00245000,2025-12-30 20:57:48+00:00,245.0,0.12,0.12,0.13,-0.020000003,-14.285716,146.0,12266,0.2475661181640625,False,REGULAR,USD,Put,2026-01-16,17
350,AAPL260116P00247500,2025-12-30 20:40:47+00:00,247.5,0.15,0.16,0.17,-0.030000001,-16.666666,513.0,240,0.23828886718749998,False,REGULAR,USD,Put,2026-01-16,17
351,AAPL260116P00250000,2025-12-30 20:54:40+00:00,250.0,0.22,0.21,0.22,-0.019999996,-8.333331,494.0,31410,0.22852333984375,False,REGULAR,USD,Put,2026-01-16,17
352,AAPL260116P00252500,2025-12-30 20:39:56+00:00,252.5,0.29,0.28,0.3,-0.030000001,-9.375,151.0,85,0.22071091796874998,False,REGULAR,USD,Put,2026-01-16,17
353,AAPL260116P00255000,2025-12-30 20:42:52+00:00,255.0,0.38,0.38,0.4,-0.030000001,-7.3170733,337.0,13119,0.21167780517578122,False,REGULAR,USD,Put,2026-01-16,17
354,AAPL260116P00257500,2025-12-30 20:59:23+00:00,257.5,0.52,0.52,0.54,-0.04000002,-7.1428604,129.0,504,0.20288883056640622,False,REGULAR,USD,Put,2026-01-16,17
355,AAPL260116P00260000,2025-12-30 20:54:40+00:00,260.0,0.72,0.72,0.75,-0.029999971,-3.9999962,1460.0,20482,0.1958088232421875,False,REGULAR,USD,Put,2026-01-16,17
356,AAPL260116P00262500,2025-12-30 20:59:33+00:00,262.5,1.01,1.0,1.03,-0.029999971,-2.8846128,240.0,1083,0.18799640136718748,False,REGULAR,USD,Put,2026-01-16,17
357,AAPL260116P00265000,2025-12-30 20:59:33+00:00,265.0,1.39,1.39,1.44,-0.03999996,-2.7972002,1987.0,16364,0.18189294677734374,False,REGULAR,USD,Put,2026-01-16,17
358,AAPL260116P00267500,2025-12-30 20:58:18+00:00,267.5,1.89,1.93,1.98,-0.05000007,-2.5773232,417.0,777,0.1751181121826172,False,REGULAR,USD,Put,2026-01-16,17
359,AAPL260116P00270000,2025-12-30 20:58:03+00:00,270.0,2.62,2.6,2.72,0.0,0.0,647.0,23269,0.1694418994140625,False,REGULAR,USD,Put,2026-01-16,17
360,AAPL260116P00272500,2025-12-30 20:45:54+00:00,272.5,3.6,3.55,3.7,0.099999905,2.85714,414.0,1590,0.1648643084716797,False,REGULAR,USD,Put,2026-01-16,17
361,AAPL260116P00275000,2025-12-30 20:59:34+00:00,275.0,4.8,4.75,4.9,0.1500001,3.2258084,2018.0,18955,0.159188095703125,True,REGULAR,USD,Put,2026-01-16,17
362,AAPL260116P00277500,2025-12-30 20:38:37+00:00,277.5,6.2,6.2,6.35,0.19999981,3.3333302,164.0,2083,0.15302360656738284,True,REGULAR,USD,Put,2026-01-16,17
363,AAPL260116P00280000,2025-12-30 20:42:01+00:00,280.0,7.87,7.95,8.1,0.21999979,2.8758142,163.0,5700,0.14869015380859374,True,REGULAR,USD,Put,2026-01-16,17
364,AAPL260116P00282500,2025-12-30 15:26:54+00:00,282.5,10.44,9.1,10.1,0.4499998,4.504503,12.0,85,0.14563842651367187,True,REGULAR,USD,Put,2026-01-16,17
365,AAPL260116P00285000,2025-12-30 20:54:40+00:00,285.0,12.15,12.1,12.25,0.62999916,5.4687424,27.0,5705,0.13941290283203128,True,REGULAR,USD,Put,2026-01-16,17
366,AAPL260116P00287500,2025-12-26 20:49:16+00:00,287.5,14.2,13.85,14.6,0.0,0.0,1444.0,1011,0.14063359375,True,REGULAR,USD,Put,2026-01-16,17
367,AAPL260116P00290000,2025-12-30 20:35:27+00:00,290.0,16.8,16.9,17.05,0.6499996,4.0247655,3658.0,576,0.14991084472656252,True,REGULAR,USD,Put,2026-01-16,17
368,AAPL260116P00292500,2025-12-24 17:55:00+00:00,292.5,19.35,19.4,19.55,0.75,4.032258,6.0,1,0.16700051757812504,True,REGULAR,USD,Put,2026-01-16,17
369,AAPL260116P00295000,2025-12-30 20:33:22+00:00,295.0,21.27,21.4,22.45,0.5699997,2.7536216,1991.0,349,0.2436599072265625,True,REGULAR,USD,Put,2026-01-16,17
370,AAPL260116P00300000,2025-12-30 20:33:22+00:00,300.0,25.8,26.45,27.4,-0.9000015,-3.3707922,610.0,70,0.27686270019531245,True,REGULAR,USD,Put,2026-01-16,17
371,AAPL260116P00305000,2025-12-30 20:33:22+00:00,305.0,30.75,31.4,32.4,-0.39999962,-1.2841079,50.0,6,0.31372756591796874,True,REGULAR,USD,Put,2026-01-16,17
372,AAPL260116P00310000,2025-12-30 20:33:22+00:00,310.0,35.8,36.4,37.4,-0.40000153,-1.1049765,180.0,27,0.3491276025390625,True,REGULAR,USD,Put,2026-01-16,17
373,AAPL260116P00315000,2025-12-04 19:30:31+00:00,315.0,36.1,40.55,43.1,0.0,0.0,1.0,0,0.46802289794921875,True,REGULAR,USD,Put,2026-01-16,17
374,AAPL260116P00320000,2025-12-29 14:41:31+00:00,320.0,45.9,45.6,47.1,0.0,0.0,1.0,1,0.35205726074218746,True,REGULAR,USD,Put,2026-01-16,17
375,AAPL260116P00325000,2025-12-24 17:48:34+00:00,325.0,49.77,50.55,53.25,0.0,0.0,1.0,0,0.5573774731445313,True,REGULAR,USD,Put,2026-01-16,17
376,AAPL260116P00330000,2025-12-04 20:58:13+00:00,330.0,48.73,55.6,58.15,0.0,0.0,1.0,0,0.5822795678710937,True,REGULAR,USD,Put,2026-01-16,17
377,AAPL260116P00335000,2025-12-04 20:58:13+00:00,335.0,53.75,60.55,63.25,0.0,0.0,1.0,0,0.6276892700195313,True,REGULAR,USD,Put,2026-01-16,17
378,AAPL260116P00340000,2025-12-03 18:09:04+00:00,340.0,54.5,65.6,68.15,0.0,0.0,2.0,0,0.6497837756347657,True,REGULAR,USD,Put,2026-01-16,17
379,AAPL260116P00350000,2025-09-22 19:06:30+00:00,350.0,94.24,76.4,78.9,0.0,0.0,25.0,0,0.6425816992187501,True,REGULAR,USD,Put,2026-01-16,17
380,AAPL260116P00360000,2025-12-30 20:49:22+00:00,360.0,85.95,86.4,87.55,-0.20000458,-0.23215853,2.0,3,0.6811555322265627,True,REGULAR,USD,Put,2026-01-16,17
381,AAPL260116P00365000,2025-12-30 20:49:22+00:00,365.0,90.97,91.4,92.4,-0.8499985,-0.9257226,2.0,0,0.6762727685546877,True,REGULAR,USD,Put,2026-01-16,17
382,AAPL260116P00370000,2025-12-19 20:50:54+00:00,370.0,98.12,95.6,98.15,0.0,0.0,1.0,0,0.8327653442382811,True,REGULAR,USD,Put,2026-01-16,17
383,AAPL260116P00390000,2025-11-13 17:07:27+00:00,390.0,116.3,115.6,118.15,0.0,0.0,14.0,0,0.9418951123046875,True,REGULAR,USD,Put,2026-01-16,17
384,AAPL260116P00400000,2025-12-01 20:48:24+00:00,400.0,117.67,125.6,128.15,0.0,0.0,4.0,0,0.993164130859375,True,REGULAR,USD,Put,2026-01-16,17
385,AAPL260116P00410000,2025-12-03 19:42:33+00:00,410.0,125.3,135.6,138.15,0.0,0.0,2.0,0,1.0427293957519534,True,REGULAR,USD,Put,2026-01-16,17
386,AAPL260116P00420000,2025-12-29 20:14:13+00:00,420.0,145.95,146.1,147.85,-0.22000122,-0.15051052,1.0,2,0.7187528125,True,REGULAR,USD,Put,2026-01-16,17
387,AAPL260116P00430000,2025-12-29 14:51:03+00:00,430.0,155.97,156.1,157.8,-0.05000305,-0.032049127,1.0,0,0.710940390625,True,REGULAR,USD,Put,2026-01-16,17
388,AAPL260123C00145000,2025-12-19 16:52:08+00:00,145.0,126.82,126.7,130.4,0.0,0.0,1.0,1,1.1865275048828123,True,REGULAR,USD,Call,2026-01-23,24
389,AAPL260123C00200000,2025-12-26 17:24:07+00:00,200.0,75.39,71.85,75.35,0.0,0.0,2.0,8,0.6489292919921875,True,REGULAR,USD,Call,2026-01-23,24
390,AAPL260123C00210000,2025-12-23 18:21:57+00:00,210.0,62.32,61.9,65.4,0.0,0.0,1.0,3,0.5712933496093751,True,REGULAR,USD,Call,2026-01-23,24
391,AAPL260123C00215000,2025-12-19 17:35:58+00:00,215.0,56.5,56.9,60.55,0.0,0.0,2.0,4,0.5410202148437502,True,REGULAR,USD,Call,2026-01-23,24
392,AAPL260123C00220000,2025-12-24 17:12:11+00:00,220.0,55.75,51.95,55.45,0.0,0.0,2.0,36,0.6799348413085939,True,REGULAR,USD,Call,2026-01-23,24
393,AAPL260123C00225000,2025-12-30 17:02:22+00:00,225.0,48.59,47.5,49.85,-0.22999954,-0.47111747,2.0,6,0.5772747351074219,True,REGULAR,USD,Call,2026-01-23,24
394,AAPL260123C00230000,2025-12-29 15:26:08+00:00,230.0,44.25,42.0,44.45,0.0,0.0,2.0,63,0.49219257812500006,True,REGULAR,USD,Call,2026-01-23,24
395,AAPL260123C00235000,2025-12-23 20:21:07+00:00,235.0,38.21,37.05,39.85,0.0,0.0,14.0,61,0.477544287109375,True,REGULAR,USD,Call,2026-01-23,24
396,AAPL260123C00240000,2025-12-29 15:57:32+00:00,240.0,34.45,32.2,35.85,0.0,0.0,1.0,510,0.49451189086914066,True,REGULAR,USD,Call,2026-01-23,24
397,AAPL260123C00245000,2025-12-29 20:54:39+00:00,245.0,29.31,27.5,30.55,0.0,0.0,5.0,459,0.4226131958007812,True,REGULAR,USD,Call,2026-01-23,24
398,AAPL260123C00250000,2025-12-29 16:33:05+00:00,250.0,24.45,23.1,25.6,0.0,0.0,8.0,721,0.3719545227050781,True,REGULAR,USD,Call,2026-01-23,24
399,AAPL260123C00255000,2025-12-30 14:36:07+00:00,255.0,19.13,19.25,20.25,-0.9200001,-4.588529,1.0,68,0.2990792749023437,True,REGULAR,USD,Call,2026-01-23,24
400,AAPL260123C00260000,2025-12-30 20:57:27+00:00,260.0,15.05,14.75,15.15,-0.6499996,-4.140125,17.0,1608,0.2395095581054687,True,REGULAR,USD,Call,2026-01-23,24
401,AAPL260123C00265000,2025-12-30 20:29:57+00:00,265.0,10.87,10.7,10.8,-0.6800003,-5.8874483,275.0,377,0.21009090698242186,True,REGULAR,USD,Call,2026-01-23,24
402,AAPL260123C00270000,2025-12-30 20:59:58+00:00,270.0,7.16,7.1,7.2,-0.64000034,-8.205132,309.0,994,0.1948322705078125,True,REGULAR,USD,Call,2026-01-23,24
403,AAPL260123C00275000,2025-12-30 20:58:33+00:00,275.0,4.3,4.2,4.3,-0.5499997,-11.3402,471.0,1904,0.18189294677734374,False,REGULAR,USD,Call,2026-01-23,24
404,AAPL260123C00280000,2025-12-30 20:59:01+00:00,280.0,2.29,2.23,2.37,-0.36000013,-13.584911,410.0,5242,0.17664397583007813,False,REGULAR,USD,Call,2026-01-23,24
405,AAPL260123C00285000,2025-12-30 20:59:19+00:00,285.0,1.11,1.06,1.1,-0.19999993,-15.26717,527.0,3319,0.16919776123046876,False,REGULAR,USD,Call,2026-01-23,24
406,AAPL260123C00290000,2025-12-30 20:54:32+00:00,290.0,0.51,0.49,0.52,-0.13,-20.3125,167.0,3190,0.17078465942382814,False,REGULAR,USD,Call,2026-01-23,24
407,AAPL260123C00295000,2025-12-30 20:26:23+00:00,295.0,0.26,0.24,0.27,-0.07000002,-21.212128,864.0,3002,0.1782308740234375,False,REGULAR,USD,Call,2026-01-23,24
408,AAPL260123C00300000,2025-12-30 20:48:24+00:00,300.0,0.13,0.13,0.15,-0.050000012,-27.777782,245.0,2251,0.187508125,False,REGULAR,USD,Call,2026-01-23,24
409,AAPL260123C00305000,2025-12-30 20:22:13+00:00,305.0,0.08,0.07,0.08,-0.030000001,-27.272728,130.0,294,0.195320546875,False,REGULAR,USD,Call,2026-01-23,24
410,AAPL260123C00310000,2025-12-30 20:11:38+00:00,310.0,0.05,0.05,0.06,-0.009999998,-16.666662,22.0,486,0.21094539062499998,False,REGULAR,USD,Call,2026-01-23,24
411,AAPL260123C00315000,2025-12-30 17:02:52+00:00,315.0,0.05,0.02,0.04,0.010000002,25.000004,31.0,106,0.22266402343749997,False,REGULAR,USD,Call,2026-01-23,24
412,AAPL260123C00320000,2025-12-29 20:14:02+00:00,320.0,0.02,0.01,0.03,0.0,0.0,14.0,44,0.23633576171874998,False,REGULAR,USD,Call,2026-01-23,24
413,AAPL260123C00325000,2025-12-30 14:55:30+00:00,325.0,0.02,0.0,0.04,-0.01,-33.333336,100.0,4,0.264655791015625,False,REGULAR,USD,Call,2026-01-23,24
414,AAPL260123C00330000,2025-12-26 17:25:50+00:00,330.0,0.03,0.0,0.22,0.0,0.0,12.0,144,0.35645174804687496,False,REGULAR,USD,Call,2026-01-23,24
415,AAPL260123C00335000,2025-12-26 16:01:17+00:00,335.0,0.03,0.0,0.25,0.0,0.0,60.0,67,0.387701435546875,False,REGULAR,USD,Call,2026-01-23,24
416,AAPL260123C00340000,2025-12-22 20:34:58+00:00,340.0,0.02,0.0,0.06,0.0,0.0,585.0,585,0.3398503515625,False,REGULAR,USD,Call,2026-01-23,24
417,AAPL260123C00350000,2025-12-22 18:38:40+00:00,350.0,0.02,0.0,0.24,0.0,0.0,1.0,10,0.45264219238281256,False,REGULAR,USD,Call,2026-01-23,24
418,AAPL260123C00355000,2025-12-18 14:46:03+00:00,355.0,0.01,0.0,0.24,0.0,0.0,,5,0.47412635253906255,False,REGULAR,USD,Call,2026-01-23,24
419,AAPL260123C00360000,2025-12-17 18:55:28+00:00,360.0,0.01,0.0,0.22,0.0,0.0,1.0,1,0.4892629199218751,False,REGULAR,USD,Call,2026-01-23,24
420,AAPL260123C00365000,2025-12-17 15:41:16+00:00,365.0,0.02,0.0,0.22,0.0,0.0,,1,0.5097705273437501,False,REGULAR,USD,Call,2026-01-23,24
421,AAPL260123C00400000,2025-12-26 20:40:19+00:00,400.0,0.05,0.0,0.2,0.0,0.0,4.0,0,0.5830119824218749,False,REGULAR,USD,Call,2026-01-23,24
422,AAPL260123P00150000,2025-12-16 19:39:18+00:00,150.0,0.02,0.0,0.2,0.0,0.0,,9,0.91992267578125,False,REGULAR,USD,Put,2026-01-23,24
423,AAPL260123P00175000,2025-12-19 16:04:08+00:00,175.0,0.02,0.0,0.24,0.0,0.0,80.0,80,0.71679970703125,False,REGULAR,USD,Put,2026-01-23,24
424,AAPL260123P00185000,2025-12-05 15:53:15+00:00,185.0,0.07,0.0,0.25,0.0,0.0,1.0,1,0.63867548828125,False,REGULAR,USD,Put,2026-01-23,24
425,AAPL260123P00190000,2025-12-30 20:07:28+00:00,190.0,0.01,0.0,0.25,-0.01,-50.0,1.0,49,0.5986368261718751,False,REGULAR,USD,Put,2026-01-23,24
426,AAPL260123P00195000,2025-12-19 20:36:24+00:00,195.0,0.02,0.0,0.26,0.0,0.0,3.0,2,0.5634809277343751,False,REGULAR,USD,Put,2026-01-23,24
427,AAPL260123P00200000,2025-12-30 18:56:46+00:00,200.0,0.06,0.0,0.27,0.04,200.0,21.0,187,0.5283250292968751,False,REGULAR,USD,Put,2026-01-23,24
428,AAPL260123P00205000,2025-12-18 14:52:02+00:00,205.0,0.06,0.0,0.05,0.0,0.0,,4,0.4335994140625,False,REGULAR,USD,Put,2026-01-23,24
429,AAPL260123P00210000,2025-12-30 16:55:08+00:00,210.0,0.01,0.01,0.03,-0.04,-80.00001,4.0,46,0.3789124609375,False,REGULAR,USD,Put,2026-01-23,24
430,AAPL260123P00215000,2025-12-29 19:55:14+00:00,215.0,0.02,0.02,0.04,0.0,0.0,1.0,59,0.35938140625,False,REGULAR,USD,Put,2026-01-23,24
431,AAPL260123P00220000,2025-12-29 14:39:37+00:00,220.0,0.04,0.03,0.05,0.0,0.0,10.0,483,0.335944140625,False,REGULAR,USD,Put,2026-01-23,24
432,AAPL260123P00225000,2025-12-30 14:58:00+00:00,225.0,0.05,0.03,0.07,0.0,0.0,1.0,481,0.31836619140624994,False,REGULAR,USD,Put,2026-01-23,24
433,AAPL260123P00230000,2025-12-30 18:32:12+00:00,230.0,0.08,0.06,0.08,0.0,0.0,7.0,291,0.2910227148437499,False,REGULAR,USD,Put,2026-01-23,24
434,AAPL260123P00235000,2025-12-30 20:22:19+00:00,235.0,0.1,0.1,0.12,-0.019999996,-16.666662,8.0,210,0.274421318359375,False,REGULAR,USD,Put,2026-01-23,24
435,AAPL260123P00240000,2025-12-30 18:56:45+00:00,240.0,0.16,0.15,0.17,-0.02000001,-11.111116,23.0,345,0.25440198730468755,False,REGULAR,USD,Put,2026-01-23,24
436,AAPL260123P00245000,2025-12-30 20:50:21+00:00,245.0,0.25,0.24,0.26,-0.00999999,-3.8461504,23.0,457,0.23706817626953125,False,REGULAR,USD,Put,2026-01-23,24
437,AAPL260123P00250000,2025-12-30 19:02:26+00:00,250.0,0.39,0.39,0.41,-0.02000001,-4.8780513,30.0,792,0.22022264160156246,False,REGULAR,USD,Put,2026-01-23,24
438,AAPL260123P00255000,2025-12-30 20:54:32+00:00,255.0,0.64,0.64,0.67,-0.030000031,-4.4776163,113.0,915,0.20447572875976558,False,REGULAR,USD,Put,2026-01-23,24
439,AAPL260123P00260000,2025-12-30 20:54:49+00:00,260.0,1.11,1.1,1.14,0.0,0.0,217.0,1217,0.1905598522949219,False,REGULAR,USD,Put,2026-01-23,24
440,AAPL260123P00265000,2025-12-30 20:31:55+00:00,265.0,1.93,1.92,1.97,-0.0200001,-1.0256461,141.0,940,0.17829190856933597,False,REGULAR,USD,Put,2026-01-23,24
441,AAPL260123P00270000,2025-12-30 20:59:39+00:00,270.0,3.35,3.3,3.4,0.099999905,3.07692,148.0,849,0.16877051940917973,False,REGULAR,USD,Put,2026-01-23,24
442,AAPL260123P00275000,2025-12-30 20:59:39+00:00,275.0,5.49,5.4,5.55,0.21999979,4.174569,68.0,511,0.15821154296875,True,REGULAR,USD,Put,2026-01-23,24
443,AAPL260123P00280000,2025-12-30 17:40:03+00:00,280.0,8.74,8.45,8.6,0.48999977,5.939391,4.0,166,0.14832394653320313,True,REGULAR,USD,Put,2026-01-23,24
444,AAPL260123P00285000,2025-12-30 17:41:41+00:00,285.0,12.75,12.2,12.6,0.75,6.25,26.0,132,0.14441773559570312,True,REGULAR,USD,Put,2026-01-23,24
445,AAPL260123P00290000,2025-12-29 18:44:37+00:00,290.0,16.15,16.05,17.95,0.0,0.0,182.0,158,0.2074053869628906,True,REGULAR,USD,Put,2026-01-23,24
446,AAPL260123P00295000,2025-12-29 15:55:01+00:00,295.0,21.57,20.3,23.45,0.0,0.0,6.0,4,0.2782054602050781,True,REGULAR,USD,Put,2026-01-23,24
447,AAPL260123P00300000,2025-12-30 19:29:47+00:00,300.0,26.63,25.4,28.35,0.47999954,1.8355623,2.0,2,0.3110420458984374,True,REGULAR,USD,Put,2026-01-23,24
448,AAPL260123P00305000,2025-12-12 15:43:26+00:00,305.0,26.6,30.3,33.45,0.0,0.0,2.0,2,0.35474278076171867,True,REGULAR,USD,Put,2026-01-23,24
449,AAPL260123P00310000,2025-12-29 14:30:01+00:00,310.0,37.2,35.4,38.35,0.0,0.0,3.0,0,0.3833069482421875,True,REGULAR,USD,Put,2026-01-23,24
450,AAPL260123P00320000,2025-12-18 15:32:44+00:00,320.0,48.87,45.4,48.35,0.0,0.0,80.0,0,0.44995667236328124,True,REGULAR,USD,Put,2026-01-23,24
451,AAPL260130C00170000,2025-12-30 16:28:43+00:00,170.0,103.82,101.7,105.65,0.040000916,0.038543954,1.0,6,0.8432632861328124,True,REGULAR,USD,Call,2026-01-30,31
452,AAPL260130C00185000,2025-12-24 15:06:42+00:00,185.0,89.84,86.75,90.8,0.0,0.0,,1,0.7309597216796875,True,REGULAR,USD,Call,2026-01-30,31
453,AAPL260130C00190000,2025-12-17 18:00:16+00:00,190.0,84.52,81.75,84.85,0.0,0.0,,11,0.5708050732421875,True,REGULAR,USD,Call,2026-01-30,31
454,AAPL260130C00195000,2025-12-17 15:01:29+00:00,195.0,81.7,76.85,80.75,0.0,0.0,,3,0.65039412109375,True,REGULAR,USD,Call,2026-01-30,31
455,AAPL260130C00200000,2025-12-22 20:15:36+00:00,200.0,72.18,71.85,75.8,0.0,0.0,,5,0.6127968408203126,True,REGULAR,USD,Call,2026-01-30,31
456,AAPL260130C00205000,2025-12-18 19:11:45+00:00,205.0,68.17,66.9,70.0,0.0,0.0,,1,0.5039112109375,True,REGULAR,USD,Call,2026-01-30,31
457,AAPL260130C00210000,2025-12-26 17:49:35+00:00,210.0,65.6,61.95,66.0,0.0,0.0,17.0,30,0.5520064331054688,True,REGULAR,USD,Call,2026-01-30,31
458,AAPL260130C00215000,2025-12-22 20:14:20+00:00,215.0,57.2,57.0,60.95,0.0,0.0,2.0,12,0.5114794946289063,True,REGULAR,USD,Call,2026-01-30,31
459,AAPL260130C00220000,2025-12-30 16:14:43+00:00,220.0,54.41,52.05,56.0,-1.3800011,-2.4735634,6.0,27,0.6391637646484375,True,REGULAR,USD,Call,2026-01-30,31
460,AAPL260130C00225000,2025-12-30 16:10:54+00:00,225.0,49.15,47.15,50.15,-1.8199997,-3.570727,5.0,27,0.5328415856933593,True,REGULAR,USD,Call,2026-01-30,31
461,AAPL260130C00230000,2025-12-29 19:10:56+00:00,230.0,44.24,42.25,46.25,0.0,0.0,44.0,54,0.5565229895019532,True,REGULAR,USD,Call,2026-01-30,31
462,AAPL260130C00235000,2025-12-30 19:44:26+00:00,235.0,39.13,37.35,40.25,-1.5599976,-3.83386,5.0,96,0.4484918432617187,True,REGULAR,USD,Call,2026-01-30,31
463,AAPL260130C00240000,2025-12-29 15:05:29+00:00,240.0,35.3,32.65,35.7,0.0,0.0,3.0,138,0.4288387194824219,True,REGULAR,USD,Call,2026-01-30,31
464,AAPL260130C00245000,2025-12-29 20:49:17+00:00,245.0,30.46,28.1,31.4,0.0,0.0,44.0,492,0.4163876721191406,True,REGULAR,USD,Call,2026-01-30,31
465,AAPL260130C00250000,2025-12-30 16:50:46+00:00,250.0,24.74,23.2,27.2,-0.55999947,-2.2134366,13.0,78,0.401373173828125,True,REGULAR,USD,Call,2026-01-30,31
466,AAPL260130C00255000,2025-12-30 19:30:42+00:00,255.0,21.1,18.75,21.75,-0.34000015,-1.5858215,14.0,262,0.32971861694335935,True,REGULAR,USD,Call,2026-01-30,31
467,AAPL260130C00260000,2025-12-30 18:46:01+00:00,260.0,16.64,15.8,16.8,-0.460001,-2.6900642,32.0,235,0.2779613220214844,True,REGULAR,USD,Call,2026-01-30,31
468,AAPL260130C00265000,2025-12-30 20:00:48+00:00,265.0,12.9,12.5,12.95,-0.5500002,-4.089221,12.0,645,0.26093268371582035,True,REGULAR,USD,Call,2026-01-30,31
469,AAPL260130C00270000,2025-12-30 20:38:27+00:00,270.0,9.48,9.3,9.45,-0.5500002,-5.4835515,1591.0,957,0.24359887268066405,True,REGULAR,USD,Call,2026-01-30,31
470,AAPL260130C00275000,2025-12-30 20:21:38+00:00,275.0,6.78,6.5,6.65,-0.48999977,-6.7400246,498.0,1665,0.23389437988281248,False,REGULAR,USD,Call,2026-01-30,31
471,AAPL260130C00280000,2025-12-30 20:53:01+00:00,280.0,4.4,4.3,4.45,-0.5,-10.204082,352.0,2006,0.22657023437499998,False,REGULAR,USD,Call,2026-01-30,31
472,AAPL260130C00285000,2025-12-30 20:55:51+00:00,285.0,2.77,2.67,2.8,-0.37000012,-11.7834425,627.0,1254,0.220161607055664,False,REGULAR,USD,Call,2026-01-30,31
473,AAPL260130C00290000,2025-12-30 20:57:55+00:00,290.0,1.65,1.58,1.69,-0.25,-13.157895,559.0,4420,0.21656056884765623,False,REGULAR,USD,Call,2026-01-30,31
474,AAPL260130C00295000,2025-12-30 20:59:04+00:00,295.0,0.96,0.91,1.0,-0.16000003,-14.285716,174.0,1956,0.215828154296875,False,REGULAR,USD,Call,2026-01-30,31
475,AAPL260130C00300000,2025-12-30 20:51:27+00:00,300.0,0.56,0.52,0.6,-0.110000014,-16.417913,485.0,1756,0.21826953613281247,False,REGULAR,USD,Call,2026-01-30,31
476,AAPL260130C00305000,2025-12-30 20:54:40+00:00,305.0,0.34,0.3,0.38,-0.06999999,-17.073168,56.0,507,0.22412885253906245,False,REGULAR,USD,Call,2026-01-30,31
477,AAPL260130C00310000,2025-12-30 20:58:37+00:00,310.0,0.2,0.19,0.25,-0.07000001,-25.925928,33.0,562,0.231452998046875,False,REGULAR,USD,Call,2026-01-30,31
478,AAPL260130C00315000,2025-12-30 19:36:43+00:00,315.0,0.15,0.1,0.17,-0.019999996,-11.764703,72.0,373,0.23926541992187497,False,REGULAR,USD,Call,2026-01-30,31
479,AAPL260130C00320000,2025-12-30 16:54:24+00:00,320.0,0.08,0.05,0.1,-0.04,-33.333336,5.0,131,0.242195078125,False,REGULAR,USD,Call,2026-01-30,31
480,AAPL260130C00325000,2025-12-30 14:30:01+00:00,325.0,0.11,0.05,0.09,0.05,83.333336,1.0,163,0.25879647460937505,False,REGULAR,USD,Call,2026-01-30,31
481,AAPL260130C00330000,2025-12-30 20:45:39+00:00,330.0,0.03,0.01,0.08,-0.020000001,-40.000004,32.0,88,0.273444765625,False,REGULAR,USD,Call,2026-01-30,31
482,AAPL260130C00335000,2025-12-26 17:25:20+00:00,335.0,0.07,0.01,0.07,0.0,0.0,3.0,9,0.28711650390624993,False,REGULAR,USD,Call,2026-01-30,31
483,AAPL260130C00340000,2025-12-29 15:37:04+00:00,340.0,0.01,0.0,0.06,0.0,0.0,1.0,3,0.299811689453125,False,REGULAR,USD,Call,2026-01-30,31
484,AAPL260130C00345000,2025-12-30 18:31:48+00:00,345.0,0.04,0.0,0.05,0.0,0.0,11.0,5,0.31055376953124997,False,REGULAR,USD,Call,2026-01-30,31
485,AAPL260130C00350000,2025-12-30 16:51:30+00:00,350.0,0.01,0.0,2.13,-0.02,-66.66667,1.0,6,0.5190477783203125,False,REGULAR,USD,Call,2026-01-30,31
486,AAPL260130C00355000,2025-12-12 18:41:32+00:00,355.0,0.12,0.0,2.13,0.0,0.0,,8,0.5417526293945314,False,REGULAR,USD,Call,2026-01-30,31
487,AAPL260130C00400000,2025-12-22 19:22:18+00:00,400.0,0.02,0.0,2.13,0.0,0.0,,1,0.7248562670898437,False,REGULAR,USD,Call,2026-01-30,31
488,AAPL260130P00170000,2025-12-22 20:20:47+00:00,170.0,0.02,0.0,2.13,0.0,0.0,,300,0.9372564868164062,False,REGULAR,USD,Put,2026-01-30,31
489,AAPL260130P00180000,2025-12-29 20:43:34+00:00,180.0,0.01,0.0,0.01,0.0,0.0,2.0,4,0.46094289062500005,False,REGULAR,USD,Put,2026-01-30,31
490,AAPL260130P00185000,2025-12-26 18:06:10+00:00,185.0,0.03,0.0,2.14,0.0,0.0,50.0,50,0.7941915112304687,False,REGULAR,USD,Put,2026-01-30,31
491,AAPL260130P00190000,2025-12-24 17:50:14+00:00,190.0,0.04,0.0,0.26,0.0,0.0,10.0,45,0.532231240234375,False,REGULAR,USD,Put,2026-01-30,31
492,AAPL260130P00195000,2025-12-29 20:44:20+00:00,195.0,0.06,0.0,0.07,0.0,0.0,22.0,47,0.46094289062500005,False,REGULAR,USD,Put,2026-01-30,31
493,AAPL260130P00200000,2025-12-30 18:31:48+00:00,200.0,0.04,0.01,0.06,0.0,0.0,13.0,83,0.42188078125,False,REGULAR,USD,Put,2026-01-30,31
494,AAPL260130P00205000,2025-12-30 18:41:56+00:00,205.0,0.05,0.03,0.1,-0.029999997,-37.499996,90.0,7,0.41699801757812494,False,REGULAR,USD,Put,2026-01-30,31
495,AAPL260130P00210000,2025-12-29 14:30:01+00:00,210.0,0.11,0.05,0.11,0.0,0.0,5.0,23,0.39063109375,False,REGULAR,USD,Put,2026-01-30,31
496,AAPL260130P00215000,2025-12-24 16:32:49+00:00,215.0,0.12,0.09,0.14,0.0,0.0,4.0,30,0.3715883154296875,False,REGULAR,USD,Put,2026-01-30,31
497,AAPL260130P00220000,2025-12-30 20:41:05+00:00,220.0,0.15,0.11,0.18,0.0,0.0,2.0,89,0.352545537109375,False,REGULAR,USD,Put,2026-01-30,31
498,AAPL260130P00225000,2025-12-30 17:13:01+00:00,225.0,0.21,0.17,0.24,-0.010000005,-4.545457,1.0,453,0.335944140625,False,REGULAR,USD,Put,2026-01-30,31
499,AAPL260130P00230000,2025-12-30 15:02:24+00:00,230.0,0.29,0.25,0.32,-0.02000001,-6.451616,5.0,448,0.31836619140624994,False,REGULAR,USD,Put,2026-01-30,31
500,AAPL260130P00235000,2025-12-30 17:12:11+00:00,235.0,0.39,0.36,0.42,-0.04000002,-9.30233,64.0,332,0.299811689453125,False,REGULAR,USD,Put,2026-01-30,31
501,AAPL260130P00240000,2025-12-30 20:26:32+00:00,240.0,0.57,0.53,0.6,-0.01999998,-3.3898275,43.0,525,0.28601788208007806,False,REGULAR,USD,Put,2026-01-30,31
502,AAPL260130P00245000,2025-12-30 20:18:24+00:00,245.0,0.81,0.77,0.85,-0.01999998,-2.4096363,113.0,507,0.27149166015625,False,REGULAR,USD,Put,2026-01-30,31
503,AAPL260130P00250000,2025-12-30 20:07:20+00:00,250.0,1.15,1.13,1.21,-0.05000007,-4.166672,218.0,999,0.25708750732421876,False,REGULAR,USD,Put,2026-01-30,31
504,AAPL260130P00255000,2025-12-30 20:29:17+00:00,255.0,1.69,1.67,1.78,-0.049999952,-2.8735604,157.0,549,0.24549094360351562,False,REGULAR,USD,Put,2026-01-30,31
505,AAPL260130P00260000,2025-12-30 20:51:05+00:00,260.0,2.5,2.47,2.6,-0.03999996,-1.5748017,229.0,821,0.23401644897460935,False,REGULAR,USD,Put,2026-01-30,31
506,AAPL260130P00265000,2025-12-30 20:53:18+00:00,265.0,3.67,3.65,3.8,-0.12999988,-3.4210494,139.0,855,0.2241898870849609,False,REGULAR,USD,Put,2026-01-30,31
507,AAPL260130P00270000,2025-12-30 20:53:18+00:00,270.0,5.27,5.3,5.4,0.0,0.0,316.0,898,0.21302056518554688,False,REGULAR,USD,Put,2026-01-30,31
508,AAPL260130P00275000,2025-12-30 20:56:46+00:00,275.0,7.48,7.45,7.65,0.07999992,1.0810801,48.0,337,0.20539124694824218,True,REGULAR,USD,Put,2026-01-30,31
509,AAPL260130P00280000,2025-12-30 20:42:01+00:00,280.0,10.21,10.2,10.45,0.15999985,1.5920383,18.0,114,0.1961139959716797,True,REGULAR,USD,Put,2026-01-30,31
510,AAPL260130P00285000,2025-12-30 20:24:17+00:00,285.0,13.42,13.35,13.95,-0.27999973,-2.0437937,9.0,368,0.19031571411132814,True,REGULAR,USD,Put,2026-01-30,31
511,AAPL260130P00290000,2025-12-30 15:12:22+00:00,290.0,18.42,15.7,19.65,-1.1800003,-6.0204096,1.0,26,0.2616040637207031,True,REGULAR,USD,Put,2026-01-30,31
512,AAPL260130P00295000,2025-12-30 15:12:22+00:00,295.0,21.97,20.15,24.05,1.4499989,7.066271,1.0,7,0.2755199401855468,True,REGULAR,USD,Put,2026-01-30,31
513,AAPL260130P00300000,2025-12-22 15:56:55+00:00,300.0,27.82,24.9,28.95,0.0,0.0,,3,0.3071968695068359,True,REGULAR,USD,Put,2026-01-30,31
514,AAPL260130P00305000,2025-12-22 15:53:19+00:00,305.0,32.78,30.0,33.95,0.0,0.0,2.0,0,0.34180345703125,True,REGULAR,USD,Put,2026-01-30,31
515,AAPL260130P00310000,2025-12-22 15:53:19+00:00,310.0,37.82,35.0,38.95,0.0,0.0,,0,0.37476211181640623,True,REGULAR,USD,Put,2026-01-30,31
516,AAPL260206C00190000,2025-12-26 16:15:19+00:00,190.0,85.54,81.9,86.0,0.0,0.0,2.0,2,0.65039412109375,True,REGULAR,USD,Call,2026-02-06,38
517,AAPL260206C00205000,2025-12-26 15:25:39+00:00,205.0,70.84,67.1,70.15,0.0,0.0,1.0,1,0.651492742919922,True,REGULAR,USD,Call,2026-02-06,38
518,AAPL260206C00220000,2025-12-29 15:41:22+00:00,220.0,55.22,52.3,56.25,0.0,0.0,1.0,8,0.5937540625000001,True,REGULAR,USD,Call,2026-02-06,38
519,AAPL260206C00225000,2025-12-30 20:20:46+00:00,225.0,49.21,47.4,51.45,-1.3600006,-2.6893427,1.0,4,0.5598188549804688,True,REGULAR,USD,Call,2026-02-06,38
520,AAPL260206C00235000,2025-12-24 14:45:07+00:00,235.0,41.21,37.7,41.75,0.0,0.0,,25,0.4840139489746094,True,REGULAR,USD,Call,2026-02-06,38
521,AAPL260206C00240000,2025-12-30 19:37:02+00:00,240.0,35.03,32.95,36.9,-1.3400002,-3.6843557,1.0,3,0.4449518395996094,True,REGULAR,USD,Call,2026-02-06,38
522,AAPL260206C00250000,2025-12-30 17:42:10+00:00,250.0,25.53,24.35,27.0,0.5700016,2.2836604,88.0,23,0.3557803680419921,True,REGULAR,USD,Call,2026-02-06,38
523,AAPL260206C00255000,2025-12-30 17:46:35+00:00,255.0,21.11,19.4,22.3,-1.0799999,-4.867057,10.0,13,0.31879343322753895,True,REGULAR,USD,Call,2026-02-06,38
524,AAPL260206C00260000,2025-12-30 20:35:13+00:00,260.0,17.4,16.05,17.5,-0.6000004,-3.3333354,48.0,26,0.27545890563964837,True,REGULAR,USD,Call,2026-02-06,38
525,AAPL260206C00265000,2025-12-30 20:58:56+00:00,265.0,13.67,13.5,13.7,-0.4300003,-3.0496476,58.0,27,0.25928475097656256,True,REGULAR,USD,Call,2026-02-06,38
526,AAPL260206C00270000,2025-12-30 20:32:19+00:00,270.0,10.32,10.15,10.4,-0.7800007,-7.027033,66.0,75,0.24781025634765624,True,REGULAR,USD,Call,2026-02-06,38
527,AAPL260206C00275000,2025-12-30 20:58:15+00:00,275.0,7.55,7.4,7.6,-0.5500002,-6.7901254,39.0,64,0.23859403991699218,False,REGULAR,USD,Call,2026-02-06,38
528,AAPL260206C00280000,2025-12-30 20:58:33+00:00,280.0,5.28,5.1,5.3,-0.38999987,-6.878304,154.0,174,0.23035437622070312,False,REGULAR,USD,Call,2026-02-06,38
529,AAPL260206C00285000,2025-12-30 20:49:43+00:00,285.0,3.47,3.4,3.5,-0.43000007,-11.025642,76.0,49,0.22272505798339842,False,REGULAR,USD,Call,2026-02-06,38
530,AAPL260206C00290000,2025-12-30 20:56:06+00:00,290.0,2.23,2.15,2.29,-0.27999997,-11.155377,197.0,108,0.22034471069335934,False,REGULAR,USD,Call,2026-02-06,38
531,AAPL260206C00295000,2025-12-30 20:44:25+00:00,295.0,1.39,1.32,1.44,-0.19000006,-12.02532,38.0,429,0.21826953613281247,False,REGULAR,USD,Call,2026-02-06,38
532,AAPL260206C00300000,2025-12-30 20:21:56+00:00,300.0,0.86,0.79,0.88,-0.13999999,-13.999998,85.0,253,0.2172929833984375,False,REGULAR,USD,Call,2026-02-06,38
533,AAPL260206C00305000,2025-12-30 18:12:29+00:00,305.0,0.53,0.48,0.57,-0.110000014,-17.187504,24.0,16,0.22095505615234373,False,REGULAR,USD,Call,2026-02-06,38
534,AAPL260206C00310000,2025-12-30 20:35:49+00:00,310.0,0.33,0.28,0.37,-0.06999999,-17.499998,7.0,78,0.22510540527343748,False,REGULAR,USD,Call,2026-02-06,38
535,AAPL260206C00315000,2025-12-29 16:50:57+00:00,315.0,0.26,0.17,0.25,0.0,0.0,11.0,22,0.2309647216796875,False,REGULAR,USD,Call,2026-02-06,38
536,AAPL260206C00320000,2025-12-26 20:20:04+00:00,320.0,0.62,0.1,0.38,0.0,0.0,2.0,2,0.270515107421875,False,REGULAR,USD,Call,2026-02-06,38
537,AAPL260206C00330000,2025-12-29 18:42:38+00:00,330.0,0.07,0.02,0.1,0.0,0.0,5.0,5,0.25489026367187506,False,REGULAR,USD,Call,2026-02-06,38
538,AAPL260206P00200000,2025-12-24 15:26:41+00:00,200.0,0.1,0.0,0.12,0.0,0.0,,2,0.41602146484374997,False,REGULAR,USD,Put,2026-02-06,38
539,AAPL260206P00210000,2025-12-30 16:48:52+00:00,210.0,0.13,0.09,0.17,-0.97,-88.181816,7.0,7,0.3754945263671875,False,REGULAR,USD,Put,2026-02-06,38
540,AAPL260206P00215000,2025-12-30 18:00:03+00:00,215.0,0.18,0.13,0.21,0.0,0.0,16.0,20,0.3569400244140625,False,REGULAR,USD,Put,2026-02-06,38
541,AAPL260206P00220000,2025-12-30 20:33:10+00:00,220.0,0.22,0.19,0.27,-0.019999996,-8.333331,4.0,10,0.3403386279296875,False,REGULAR,USD,Put,2026-02-06,38
542,AAPL260206P00225000,2025-12-29 17:04:39+00:00,225.0,0.33,0.27,0.35,0.0,0.0,3.0,3,0.3242255078124999,False,REGULAR,USD,Put,2026-02-06,38
543,AAPL260206P00230000,2025-12-30 18:12:20+00:00,230.0,0.42,0.11,0.44,-0.030000001,-6.666667,267.0,6,0.30591514404296877,False,REGULAR,USD,Put,2026-02-06,38
544,AAPL260206P00235000,2025-12-30 18:29:05+00:00,235.0,0.58,0.53,0.62,-0.030000031,-4.918038,14.0,19,0.29431858032226554,False,REGULAR,USD,Put,2026-02-06,38
545,AAPL260206P00240000,2025-12-30 19:52:45+00:00,240.0,0.78,0.75,0.85,-0.01000005,-1.2658291,5.0,20,0.2810130493164062,False,REGULAR,USD,Put,2026-02-06,38
546,AAPL260206P00245000,2025-12-30 20:56:53+00:00,245.0,1.06,1.06,1.17,-0.07000005,-6.194695,51.0,30,0.26782958740234375,False,REGULAR,USD,Put,2026-02-06,38
547,AAPL260206P00250000,2025-12-30 20:40:55+00:00,250.0,1.54,1.5,1.62,-0.04000008,-2.5316505,149.0,59,0.2551344018554688,False,REGULAR,USD,Put,2026-02-06,38
548,AAPL260206P00255000,2025-12-30 20:15:36+00:00,255.0,2.2,2.14,2.27,-0.03999996,-1.7857126,40.0,109,0.24372094177246095,False,REGULAR,USD,Put,2026-02-06,38
549,AAPL260206P00260000,2025-12-30 20:19:50+00:00,260.0,3.04,3.0,3.25,-0.07999992,-2.5641003,62.0,51,0.23548127807617186,False,REGULAR,USD,Put,2026-02-06,38
550,AAPL260206P00265000,2025-12-30 19:37:31+00:00,265.0,4.3,4.25,4.5,-0.049999714,-1.1494187,32.0,187,0.2249833361816406,False,REGULAR,USD,Put,2026-02-06,38
551,AAPL260206P00270000,2025-12-30 20:54:24+00:00,270.0,6.02,5.95,6.1,-0.010000229,-0.16584127,68.0,32,0.21302056518554688,False,REGULAR,USD,Put,2026-02-06,38
552,AAPL260206P00275000,2025-12-30 20:31:05+00:00,275.0,8.19,8.15,8.4,0.009999275,0.12224052,14.0,31,0.20716124877929684,True,REGULAR,USD,Put,2026-02-06,38
553,AAPL260206P00280000,2025-12-30 20:54:24+00:00,280.0,10.95,10.9,11.15,-0.6100006,-5.2768216,4.0,3,0.19879951599121093,True,REGULAR,USD,Put,2026-02-06,38
554,AAPL260206P00285000,2025-12-30 16:48:23+00:00,285.0,14.57,14.2,14.45,0.53999996,3.848895,1.0,8,0.1901936450195313,True,REGULAR,USD,Put,2026-02-06,38
555,AAPL260206P00290000,2025-12-30 16:48:23+00:00,290.0,18.2,17.0,18.25,1.0500011,6.1224556,1.0,1,0.18042811767578126,True,REGULAR,USD,Put,2026-02-06,38
556,AAPL260220C00100000,2025-12-19 20:15:38+00:00,100.0,172.27,171.65,175.4,0.0,0.0,5.0,23,1.2334022705078125,True,REGULAR,USD,Call,2026-02-20,52
557,AAPL260220C00105000,2025-12-15 17:40:59+00:00,105.0,170.75,166.6,170.45,0.0,0.0,1.0,2,1.1777384863281248,True,REGULAR,USD,Call,2026-02-20,52
558,AAPL260220C00110000,2025-12-16 17:51:24+00:00,110.0,163.54,161.7,165.45,0.0,0.0,1.0,60,1.1420941333007812,True,REGULAR,USD,Call,2026-02-20,52
559,AAPL260220C00115000,2025-11-26 20:45:21+00:00,115.0,164.48,156.65,160.5,0.0,0.0,3.0,2,1.0908248583984377,True,REGULAR,USD,Call,2026-02-20,52
560,AAPL260220C00120000,2025-12-01 17:20:11+00:00,120.0,160.35,151.75,155.5,0.0,0.0,2.0,75,1.056645341796875,True,REGULAR,USD,Call,2026-02-20,52
561,AAPL260220C00125000,2025-12-19 18:34:17+00:00,125.0,146.25,146.7,150.55,0.0,0.0,3.0,28,1.0087940185546875,True,REGULAR,USD,Call,2026-02-20,52
562,AAPL260220C00130000,2025-12-30 15:07:23+00:00,130.0,143.79,141.8,145.55,-1.9600067,-1.344773,1.0,83,0.9760744580078126,True,REGULAR,USD,Call,2026-02-20,52
563,AAPL260220C00135000,2025-12-29 15:07:11+00:00,135.0,139.56,136.75,140.6,0.0,0.0,1.0,12,0.9311530322265625,True,REGULAR,USD,Call,2026-02-20,52
564,AAPL260220C00140000,2025-12-02 17:03:52+00:00,140.0,146.45,131.9,135.4,0.0,0.0,45.0,129,0.8813488427734374,True,REGULAR,USD,Call,2026-02-20,52
565,AAPL260220C00145000,2025-12-29 17:27:28+00:00,145.0,129.05,126.9,130.65,0.0,0.0,1.0,15,0.8676771044921875,True,REGULAR,USD,Call,2026-02-20,52
566,AAPL260220C00150000,2025-12-30 15:12:33+00:00,150.0,123.93,122.65,125.1,-5.8199997,-4.485549,1.0,113,0.8457046679687499,True,REGULAR,USD,Call,2026-02-20,52
567,AAPL260220C00155000,2025-12-29 20:11:10+00:00,155.0,119.47,116.95,120.55,0.0,0.0,3.0,30,0.7812521875,True,REGULAR,USD,Call,2026-02-20,52
568,AAPL260220C00160000,2025-12-30 19:26:13+00:00,160.0,113.93,112.7,115.15,-0.58000183,-0.5065076,2.0,154,0.773439765625,True,REGULAR,USD,Call,2026-02-20,52
569,AAPL260220C00165000,2025-12-30 19:26:13+00:00,165.0,108.98,107.7,110.0,-0.18999481,-0.17403574,2.0,44,0.7224148852539063,True,REGULAR,USD,Call,2026-02-20,52
570,AAPL260220C00170000,2025-12-29 16:55:22+00:00,170.0,104.07,102.1,105.6,0.0,0.0,1.0,129,0.6850617431640625,True,REGULAR,USD,Call,2026-02-20,52
571,AAPL260220C00175000,2025-12-26 18:24:57+00:00,175.0,100.51,97.1,100.7,0.0,0.0,1.0,104,0.6562534375000001,True,REGULAR,USD,Call,2026-02-20,52
572,AAPL260220C00180000,2025-12-30 16:07:33+00:00,180.0,94.15,92.75,95.7,0.15000153,0.15957609,11.0,186,0.6621127539062501,True,REGULAR,USD,Call,2026-02-20,52
573,AAPL260220C00185000,2025-12-30 19:46:16+00:00,185.0,89.12,87.2,90.9,-1.6299973,-1.7961402,1.0,237,0.6049844189453126,True,REGULAR,USD,Call,2026-02-20,52
574,AAPL260220C00190000,2025-12-29 14:54:36+00:00,190.0,85.0,82.25,85.75,0.0,0.0,10.0,205,0.5639692041015626,True,REGULAR,USD,Call,2026-02-20,52
575,AAPL260220C00195000,2025-12-30 14:55:19+00:00,195.0,79.6,78.15,80.3,-0.48000336,-0.59940475,2.0,404,0.5542036767578126,True,REGULAR,USD,Call,2026-02-20,52
576,AAPL260220C00200000,2025-12-30 19:46:56+00:00,200.0,74.3,73.5,75.25,-0.75,-0.99933374,9.0,1388,0.5338181384277343,True,REGULAR,USD,Call,2026-02-20,52
577,AAPL260220C00205000,2025-12-30 18:27:27+00:00,205.0,68.97,68.0,70.25,-1.0299988,-1.4714268,12.0,777,0.5656781713867188,True,REGULAR,USD,Call,2026-02-20,52
578,AAPL260220C00210000,2025-12-30 19:59:47+00:00,210.0,64.57,63.5,65.35,-0.6100006,-0.9358708,18.0,1252,0.5347946911621093,True,REGULAR,USD,Call,2026-02-20,52
579,AAPL260220C00215000,2025-12-30 19:46:42+00:00,215.0,59.65,58.7,60.4,-0.65999985,-1.0943456,74.0,1401,0.5008594836425782,True,REGULAR,USD,Call,2026-02-20,52
580,AAPL260220C00220000,2025-12-30 20:36:54+00:00,220.0,54.73,54.1,55.1,-0.40000153,-0.72556055,62.0,3449,0.44653873779296877,True,REGULAR,USD,Call,2026-02-20,52
581,AAPL260220C00225000,2025-12-30 20:05:09+00:00,225.0,49.8,49.3,50.2,-0.5300026,-1.0530549,137.0,2707,0.4167538793945312,True,REGULAR,USD,Call,2026-02-20,52
582,AAPL260220C00230000,2025-12-30 19:08:04+00:00,230.0,45.25,44.8,44.95,-0.5600014,-1.2224435,7.0,5552,0.3676821044921875,True,REGULAR,USD,Call,2026-02-20,52
583,AAPL260220C00235000,2025-12-30 20:06:17+00:00,235.0,40.4,39.85,40.2,-0.44999695,-1.1015837,8.0,4246,0.3459538061523437,True,REGULAR,USD,Call,2026-02-20,52
584,AAPL260220C00240000,2025-12-30 20:59:08+00:00,240.0,35.6,35.4,35.55,-0.670002,-1.8472621,33.0,5943,0.32660585510253903,True,REGULAR,USD,Call,2026-02-20,52
585,AAPL260220C00245000,2025-12-30 20:46:47+00:00,245.0,31.05,30.7,31.0,-0.6000004,-1.8957359,366.0,6216,0.30823445678710937,True,REGULAR,USD,Call,2026-02-20,52
586,AAPL260220C00250000,2025-12-30 20:59:01+00:00,250.0,26.54,26.5,26.65,-0.90999985,-3.3151178,190.0,5527,0.29321995849609367,True,REGULAR,USD,Call,2026-02-20,52
587,AAPL260220C00255000,2025-12-30 19:45:10+00:00,255.0,22.49,22.3,22.45,-0.710001,-3.060349,55.0,36574,0.27808339111328123,True,REGULAR,USD,Call,2026-02-20,52
588,AAPL260220C00260000,2025-12-30 20:40:25+00:00,260.0,18.56,18.35,18.5,-0.6000004,-3.131526,107.0,10945,0.26450320465087884,True,REGULAR,USD,Call,2026-02-20,52
589,AAPL260220C00265000,2025-12-30 20:33:02+00:00,265.0,14.83,14.75,14.85,-0.5699997,-3.7012968,64.0,7438,0.25214370910644535,True,REGULAR,USD,Call,2026-02-20,52
590,AAPL260220C00270000,2025-12-30 20:54:27+00:00,270.0,11.6,11.5,11.6,-0.5999994,-4.9180284,436.0,15381,0.2418899053955078,True,REGULAR,USD,Call,2026-02-20,52
591,AAPL260220C00275000,2025-12-30 20:57:04+00:00,275.0,8.83,8.7,8.8,-0.47000027,-5.0537663,1263.0,20248,0.2335892071533203,False,REGULAR,USD,Call,2026-02-20,52
592,AAPL260220C00280000,2025-12-30 20:59:10+00:00,280.0,6.45,6.35,6.45,-0.4500003,-6.5217433,601.0,11611,0.22632609619140626,False,REGULAR,USD,Call,2026-02-20,52
593,AAPL260220C00285000,2025-12-30 20:59:42+00:00,285.0,4.55,4.5,4.6,-0.39999962,-8.080801,2617.0,10371,0.2211991943359375,False,REGULAR,USD,Call,2026-02-20,52
594,AAPL260220C00290000,2025-12-30 20:58:50+00:00,290.0,3.15,3.05,3.15,-0.26999998,-7.8947363,520.0,20012,0.21625539611816402,False,REGULAR,USD,Call,2026-02-20,52
595,AAPL260220C00295000,2025-12-30 20:49:24+00:00,295.0,2.08,2.05,2.1,-0.3000002,-12.605049,2113.0,10209,0.21289849609375,False,REGULAR,USD,Call,2026-02-20,52
596,AAPL260220C00300000,2025-12-30 20:58:21+00:00,300.0,1.38,1.35,1.39,-0.19000006,-12.101914,846.0,32216,0.21167780517578122,False,REGULAR,USD,Call,2026-02-20,52
597,AAPL260220C00305000,2025-12-30 20:58:14+00:00,305.0,0.9,0.88,0.91,-0.13999999,-13.461537,349.0,5290,0.21167780517578122,False,REGULAR,USD,Call,2026-02-20,52
598,AAPL260220C00310000,2025-12-30 20:57:59+00:00,310.0,0.59,0.57,0.6,-0.100000024,-14.492757,273.0,67383,0.21302056518554688,False,REGULAR,USD,Call,2026-02-20,52
599,AAPL260220C00315000,2025-12-30 18:36:32+00:00,315.0,0.38,0.37,0.4,-0.06999999,-15.555553,39.0,2514,0.21558401611328126,False,REGULAR,USD,Call,2026-02-20,52
600,AAPL260220C00320000,2025-12-30 20:56:55+00:00,320.0,0.25,0.25,0.26,-0.060000002,-19.35484,560.0,12406,0.2172929833984375,False,REGULAR,USD,Call,2026-02-20,52
601,AAPL260220C00325000,2025-12-30 17:09:29+00:00,325.0,0.17,0.16,0.18,-0.030000001,-15.0,145.0,1201,0.22144333251953124,False,REGULAR,USD,Call,2026-02-20,52
602,AAPL260220C00330000,2025-12-30 20:58:38+00:00,330.0,0.12,0.12,0.13,-0.020000003,-14.285716,40.0,3073,0.22657023437499998,False,REGULAR,USD,Call,2026-02-20,52
603,AAPL260220C00335000,2025-12-30 15:02:36+00:00,335.0,0.09,0.07,0.1,-0.009999998,-9.999997,1.0,431,0.233406103515625,False,REGULAR,USD,Call,2026-02-20,52
604,AAPL260220C00340000,2025-12-30 17:13:22+00:00,340.0,0.06,0.04,0.07,-0.010000002,-14.285716,1.0,2476,0.23731231445312498,False,REGULAR,USD,Call,2026-02-20,52
605,AAPL260220C00345000,2025-12-30 17:14:43+00:00,345.0,0.05,0.02,0.06,0.0,0.0,4.0,278,0.24658956542968752,False,REGULAR,USD,Call,2026-02-20,52
606,AAPL260220C00350000,2025-12-30 17:14:52+00:00,350.0,0.03,0.03,0.05,-0.020000001,-40.000004,17.0,1770,0.25489026367187506,False,REGULAR,USD,Call,2026-02-20,52
607,AAPL260220C00355000,2025-12-30 19:02:10+00:00,355.0,0.02,0.01,0.04,-0.02,-50.0,1.0,31,0.260749580078125,False,REGULAR,USD,Call,2026-02-20,52
608,AAPL260220C00360000,2025-12-30 19:02:10+00:00,360.0,0.05,0.02,0.13,0.020000001,66.66668,6.0,742,0.3129951513671875,False,REGULAR,USD,Call,2026-02-20,52
609,AAPL260220C00365000,2025-12-19 15:20:28+00:00,365.0,0.03,0.0,0.34,0.0,0.0,3.0,3,0.37305314453125,False,REGULAR,USD,Call,2026-02-20,52
610,AAPL260220C00370000,2025-12-26 15:58:19+00:00,370.0,0.03,0.0,0.32,0.0,0.0,2.0,9135,0.383795224609375,False,REGULAR,USD,Call,2026-02-20,52
611,AAPL260220C00375000,2025-12-26 16:41:03+00:00,375.0,0.01,0.0,0.31,0.0,0.0,1.0,4,0.39600213378906257,False,REGULAR,USD,Call,2026-02-20,52
612,AAPL260220C00380000,2025-12-30 15:23:05+00:00,380.0,0.05,0.01,0.05,0.010000002,25.000004,4.0,934,0.327155166015625,False,REGULAR,USD,Call,2026-02-20,52
613,AAPL260220C00390000,2025-12-17 20:32:53+00:00,390.0,0.01,0.0,0.03,0.0,0.0,19.0,926,0.3320379296875,False,REGULAR,USD,Call,2026-02-20,52
614,AAPL260220C00400000,2025-12-30 20:37:24+00:00,400.0,0.01,0.0,0.01,0.0,0.0,9.0,6903,0.32031929687499994,False,REGULAR,USD,Call,2026-02-20,52
615,AAPL260220C00410000,2025-12-26 17:10:34+00:00,410.0,0.01,0.0,0.02,0.0,0.0,3.0,288,0.35938140625,False,REGULAR,USD,Call,2026-02-20,52
616,AAPL260220C00420000,2025-12-08 15:42:05+00:00,420.0,0.01,0.0,0.27,0.0,0.0,100.0,162,0.5014698291015626,False,REGULAR,USD,Call,2026-02-20,52
617,AAPL260220C00430000,2025-12-30 19:21:46+00:00,430.0,0.01,0.0,0.14,0.0,0.0,1.0,267,0.48340360351562506,False,REGULAR,USD,Call,2026-02-20,52
618,AAPL260220C00440000,2025-12-01 18:45:13+00:00,440.0,0.01,0.0,0.03,0.0,0.0,143.0,162,0.42969320312500003,False,REGULAR,USD,Call,2026-02-20,52
619,AAPL260220C00450000,2025-12-22 16:05:53+00:00,450.0,0.01,0.0,0.26,0.0,0.0,10.0,2452,0.5200243310546875,False,REGULAR,USD,Call,2026-02-20,52
620,AAPL260220P00100000,2025-12-24 17:51:29+00:00,100.0,0.01,0.0,0.18,0.0,0.0,3.0,803,1.01172369140625,False,REGULAR,USD,Put,2026-02-20,52
621,AAPL260220P00105000,2025-12-15 20:19:06+00:00,105.0,0.02,0.0,0.26,0.0,0.0,23.0,381,1.0058643457031249,False,REGULAR,USD,Put,2026-02-20,52
622,AAPL260220P00110000,2025-12-01 19:05:41+00:00,110.0,0.02,0.0,0.26,0.0,0.0,1.0,198,0.9589847851562499,False,REGULAR,USD,Put,2026-02-20,52
623,AAPL260220P00115000,2025-12-01 15:45:11+00:00,115.0,0.05,0.0,0.26,0.0,0.0,20.0,81,0.9150399121093751,False,REGULAR,USD,Put,2026-02-20,52
624,AAPL260220P00120000,2025-12-26 16:04:29+00:00,120.0,0.02,0.0,0.27,0.0,0.0,99.0,160,0.87695435546875,False,REGULAR,USD,Put,2026-02-20,52
625,AAPL260220P00125000,2025-12-30 20:51:10+00:00,125.0,0.11,0.01,0.27,0.06,120.0,12.0,630,0.8398453515625,False,REGULAR,USD,Put,2026-02-20,52
626,AAPL260220P00130000,2025-12-02 15:09:18+00:00,130.0,0.04,0.0,0.28,0.0,0.0,2.0,476,0.8007832421875,False,REGULAR,USD,Put,2026-02-20,52
627,AAPL260220P00135000,2025-12-26 16:04:04+00:00,135.0,0.02,0.0,0.1,0.0,0.0,33.0,629,0.6816438085937502,False,REGULAR,USD,Put,2026-02-20,52
628,AAPL260220P00140000,2025-12-26 14:30:03+00:00,140.0,0.01,0.0,0.31,0.0,0.0,32.0,1107,0.735354208984375,False,REGULAR,USD,Put,2026-02-20,52
629,AAPL260220P00145000,2025-12-30 20:02:55+00:00,145.0,0.03,0.0,0.32,0.0,0.0,5.0,1669,0.70312796875,False,REGULAR,USD,Put,2026-02-20,52
630,AAPL260220P00150000,2025-12-30 20:50:04+00:00,150.0,0.14,0.02,0.33,0.11,366.66666,11.0,559,0.6757844921875001,False,REGULAR,USD,Put,2026-02-20,52
631,AAPL260220P00155000,2025-12-26 20:52:45+00:00,155.0,0.03,0.0,0.1,0.0,0.0,5.0,464,0.5546919531250001,False,REGULAR,USD,Put,2026-02-20,52
632,AAPL260220P00160000,2025-12-30 20:59:25+00:00,160.0,0.16,0.01,0.35,0.12,300.0,28.0,3393,0.6113320117187502,False,REGULAR,USD,Put,2026-02-20,52
633,AAPL260220P00165000,2025-12-30 20:51:23+00:00,165.0,0.05,0.02,0.25,0.0,0.0,16.0,1186,0.5585981640625001,False,REGULAR,USD,Put,2026-02-20,52
634,AAPL260220P00170000,2025-12-30 20:59:25+00:00,170.0,0.06,0.03,0.06,0.009999998,19.999994,9.0,1280,0.4804739453125,False,REGULAR,USD,Put,2026-02-20,52
635,AAPL260220P00175000,2025-12-30 20:19:40+00:00,175.0,0.07,0.05,0.07,0.0,0.0,40.0,2605,0.46094289062500005,False,REGULAR,USD,Put,2026-02-20,52
636,AAPL260220P00180000,2025-12-30 20:50:04+00:00,180.0,0.08,0.05,0.08,0.009999998,14.285711,11.0,3892,0.4414118359375,False,REGULAR,USD,Put,2026-02-20,52
637,AAPL260220P00185000,2025-12-30 19:39:14+00:00,185.0,0.08,0.06,0.09,0.0,0.0,4.0,3507,0.42090422851562503,False,REGULAR,USD,Put,2026-02-20,52
638,AAPL260220P00190000,2025-12-30 19:23:49+00:00,190.0,0.09,0.08,0.11,-0.009999998,-9.999997,5.0,1487,0.40430283203125,False,REGULAR,USD,Put,2026-02-20,52
639,AAPL260220P00195000,2025-12-30 20:11:47+00:00,195.0,0.12,0.11,0.13,-0.009999998,-7.692306,5.0,2024,0.38672488281249995,False,REGULAR,USD,Put,2026-02-20,52
640,AAPL260220P00200000,2025-12-30 18:53:27+00:00,200.0,0.14,0.13,0.16,-0.019999996,-12.499997,20.0,5951,0.3711000390625,False,REGULAR,USD,Put,2026-02-20,52
641,AAPL260220P00205000,2025-12-30 19:29:58+00:00,205.0,0.17,0.17,0.2,-0.019999996,-10.526314,118.0,4464,0.35596347167968745,False,REGULAR,USD,Put,2026-02-20,52
642,AAPL260220P00210000,2025-12-30 16:04:47+00:00,210.0,0.22,0.22,0.25,-0.03999999,-15.384612,2.0,6177,0.3413151806640625,False,REGULAR,USD,Put,2026-02-20,52
643,AAPL260220P00215000,2025-12-30 20:01:54+00:00,215.0,0.29,0.29,0.32,-0.030000001,-9.375,21.0,3259,0.3276434423828125,False,REGULAR,USD,Put,2026-02-20,52
644,AAPL260220P00220000,2025-12-30 19:40:45+00:00,220.0,0.41,0.38,0.41,-0.02000001,-4.651165,149.0,17297,0.31372756591796874,False,REGULAR,USD,Put,2026-02-20,52
645,AAPL260220P00225000,2025-12-30 20:56:55+00:00,225.0,0.53,0.51,0.54,-0.01000005,-1.851861,87.0,4089,0.301764794921875,False,REGULAR,USD,Put,2026-02-20,52
646,AAPL260220P00230000,2025-12-30 20:56:55+00:00,230.0,0.69,0.68,0.7,-0.01999998,-2.8168988,34.0,10242,0.2885813330078124,False,REGULAR,USD,Put,2026-02-20,52
647,AAPL260220P00235000,2025-12-30 20:58:14+00:00,235.0,0.92,0.91,0.95,-0.029999971,-3.1578918,185.0,3319,0.278327529296875,False,REGULAR,USD,Put,2026-02-20,52
648,AAPL260220P00240000,2025-12-30 20:57:09+00:00,240.0,1.22,1.23,1.26,-0.059999943,-4.6874957,269.0,5580,0.26673096557617193,False,REGULAR,USD,Put,2026-02-20,52
649,AAPL260220P00245000,2025-12-30 20:23:25+00:00,245.0,1.63,1.64,1.7,-0.07000005,-4.11765,236.0,10225,0.25659923095703124,False,REGULAR,USD,Put,2026-02-20,52
650,AAPL260220P00250000,2025-12-30 20:50:25+00:00,250.0,2.25,2.23,2.28,-0.029999971,-1.3157883,364.0,6904,0.24622335815429688,False,REGULAR,USD,Put,2026-02-20,52
651,AAPL260220P00255000,2025-12-30 20:57:48+00:00,255.0,3.0,3.0,3.1,-0.049999952,-1.6393427,284.0,5530,0.237739556274414,False,REGULAR,USD,Put,2026-02-20,52
652,AAPL260220P00260000,2025-12-30 20:55:36+00:00,260.0,4.05,4.05,4.15,-0.029999733,-0.7352876,351.0,5752,0.22858437438964846,False,REGULAR,USD,Put,2026-02-20,52
653,AAPL260220P00265000,2025-12-30 20:38:54+00:00,265.0,5.4,5.4,5.5,0.0,0.0,308.0,9729,0.21936815795898437,False,REGULAR,USD,Put,2026-02-20,52
654,AAPL260220P00270000,2025-12-30 20:59:16+00:00,270.0,7.15,7.15,7.25,0.07000017,0.988703,332.0,12452,0.21094539062499998,False,REGULAR,USD,Put,2026-02-20,52
655,AAPL260220P00275000,2025-12-30 20:57:38+00:00,275.0,9.3,9.3,9.45,0.10000038,1.0869607,715.0,5099,0.20307193420410152,True,REGULAR,USD,Put,2026-02-20,52
656,AAPL260220P00280000,2025-12-30 20:54:40+00:00,280.0,12.05,12.0,12.1,0.10000038,0.8368233,105.0,3638,0.19464916687011719,True,REGULAR,USD,Put,2026-02-20,52
657,AAPL260220P00285000,2025-12-30 19:49:00+00:00,285.0,15.1,15.15,15.3,0.25,1.6835016,257.0,3249,0.18781329772949218,True,REGULAR,USD,Put,2026-02-20,52
658,AAPL260220P00290000,2025-12-30 18:17:25+00:00,290.0,18.77,18.75,18.9,0.3199997,1.7344157,37.0,782,0.17865811584472657,True,REGULAR,USD,Put,2026-02-20,52
659,AAPL260220P00295000,2025-12-30 19:39:29+00:00,295.0,22.65,22.75,23.0,0.30999947,1.3876431,70.0,641,0.17163914306640626,True,REGULAR,USD,Put,2026-02-20,52
660,AAPL260220P00300000,2025-12-30 16:34:22+00:00,300.0,27.5,27.15,27.8,0.9899998,3.734439,90.0,1293,0.18665364135742188,True,REGULAR,USD,Put,2026-02-20,52
661,AAPL260220P00305000,2025-12-26 15:13:12+00:00,305.0,30.9,30.5,33.2,0.0,0.0,60.0,63,0.2318192053222656,True,REGULAR,USD,Put,2026-02-20,52
662,AAPL260220P00310000,2025-12-30 14:46:54+00:00,310.0,36.65,35.6,38.35,-0.20999908,-0.5697208,1.0,5,0.2633130310058594,True,REGULAR,USD,Put,2026-02-20,52
663,AAPL260220P00315000,2025-12-17 14:49:11+00:00,315.0,39.55,40.6,43.25,0.0,0.0,1.0,0,0.28125718749999995,True,REGULAR,USD,Put,2026-02-20,52
664,AAPL260220P00320000,2025-12-12 15:35:30+00:00,320.0,41.68,45.4,48.4,0.0,0.0,1.0,0,0.3118354949951171,True,REGULAR,USD,Put,2026-02-20,52
665,AAPL260220P00325000,2025-12-11 15:28:38+00:00,325.0,48.72,50.3,53.5,0.0,0.0,1.0,0,0.33924000610351557,True,REGULAR,USD,Put,2026-02-20,52
666,AAPL260220P00330000,2025-12-30 20:44:06+00:00,330.0,56.84,55.9,58.0,4.540001,8.68069,16.0,0,0.32959654785156245,True,REGULAR,USD,Put,2026-02-20,52
667,AAPL260220P00340000,2025-09-30 15:11:37+00:00,340.0,85.35,66.15,69.05,0.0,0.0,,0,0.4322566540527344,True,REGULAR,USD,Put,2026-02-20,52
668,AAPL260220P00350000,2025-10-16 13:30:03+00:00,350.0,102.19,76.15,79.05,0.0,0.0,,0,0.4725394543457031,True,REGULAR,USD,Put,2026-02-20,52
669,AAPL260220P00450000,2025-11-14 20:47:48+00:00,450.0,177.25,175.4,178.4,0.0,0.0,6.0,0,0.7382838671874999,True,REGULAR,USD,Put,2026-02-20,52
670,AAPL260320C00090000,2025-11-26 18:25:11+00:00,90.0,189.64,181.9,185.6,0.0,0.0,1.0,133,1.1650432373046877,True,REGULAR,USD,Call,2026-03-20,80
671,AAPL260320C00095000,2025-07-11 15:30:24+00:00,95.0,118.29,133.75,135.95,0.0,0.0,7.0,8,1.0000000000000003e-05,True,REGULAR,USD,Call,2026-03-20,80
672,AAPL260320C00100000,2025-12-03 17:27:09+00:00,100.0,187.6,171.95,175.7,0.0,0.0,8.0,54,1.0795944458007813,True,REGULAR,USD,Call,2026-03-20,80
673,AAPL260320C00105000,2025-12-22 14:30:11+00:00,105.0,169.32,167.0,170.75,0.0,0.0,1.0,31,1.0419969775390627,True,REGULAR,USD,Call,2026-03-20,80
674,AAPL260320C00110000,2025-12-15 20:39:07+00:00,110.0,164.85,162.05,165.8,0.0,0.0,1.0,21,1.0053760668945313,True,REGULAR,USD,Call,2026-03-20,80
675,AAPL260320C00115000,2025-12-30 20:51:12+00:00,115.0,158.95,157.55,160.4,-6.01001,-3.6433132,22.0,189,0.9697268652343749,True,REGULAR,USD,Call,2026-03-20,80
676,AAPL260320C00120000,2025-12-30 15:29:40+00:00,120.0,153.8,152.25,155.7,-1.0,-0.64599484,2.0,75,0.9262702685546875,True,REGULAR,USD,Call,2026-03-20,80
677,AAPL260320C00125000,2025-12-15 20:43:54+00:00,125.0,149.97,147.2,150.9,0.0,0.0,3.0,129,0.8969736865234373,True,REGULAR,USD,Call,2026-03-20,80
678,AAPL260320C00130000,2025-12-10 14:45:49+00:00,130.0,149.09,142.25,145.95,0.0,0.0,1.0,226,0.8642591699218749,True,REGULAR,USD,Call,2026-03-20,80
679,AAPL260320C00135000,2025-12-26 17:33:01+00:00,135.0,140.9,137.3,141.0,0.0,0.0,2.0,296,0.8322770678710936,True,REGULAR,USD,Call,2026-03-20,80
680,AAPL260320C00140000,2025-12-30 15:29:40+00:00,140.0,133.85,132.35,136.05,0.2400055,0.17963138,2.0,329,0.8007832421875,True,REGULAR,USD,Call,2026-03-20,80
681,AAPL260320C00145000,2025-12-22 14:33:27+00:00,145.0,129.45,127.4,131.1,0.0,0.0,1.0,293,0.7700218310546876,True,REGULAR,USD,Call,2026-03-20,80
682,AAPL260320C00150000,2025-12-26 16:45:42+00:00,150.0,125.2,122.45,126.15,0.0,0.0,1.0,533,0.7397486962890624,True,REGULAR,USD,Call,2026-03-20,80
683,AAPL260320C00155000,2025-12-30 19:11:20+00:00,155.0,119.55,117.5,121.25,1.340004,1.1335793,1.0,215,0.7128934960937501,True,REGULAR,USD,Call,2026-03-20,80
684,AAPL260320C00160000,2025-12-30 15:29:40+00:00,160.0,114.47,113.3,116.05,-0.5299988,-0.4608685,2.0,395,0.707888663330078,True,REGULAR,USD,Call,2026-03-20,80
685,AAPL260320C00165000,2025-12-29 16:09:44+00:00,165.0,109.85,107.65,111.35,0.0,0.0,2.0,269,0.6569858520507813,True,REGULAR,USD,Call,2026-03-20,80
686,AAPL260320C00170000,2025-12-29 14:30:07+00:00,170.0,104.55,102.7,106.4,0.0,0.0,1.0,754,0.6284216845703126,True,REGULAR,USD,Call,2026-03-20,80
687,AAPL260320C00175000,2025-12-24 14:30:58+00:00,175.0,100.0,97.75,101.5,0.0,0.0,2.0,461,0.6022988989257814,True,REGULAR,USD,Call,2026-03-20,80
688,AAPL260320C00180000,2025-12-30 15:29:40+00:00,180.0,94.55,93.95,96.4,-0.5299988,-0.557424,2.0,637,0.6113320117187502,True,REGULAR,USD,Call,2026-03-20,80
689,AAPL260320C00185000,2025-12-30 19:46:16+00:00,185.0,89.85,88.45,91.25,1.0999985,1.239435,7.0,676,0.5559126440429689,True,REGULAR,USD,Call,2026-03-20,80
690,AAPL260320C00190000,2025-12-29 19:30:51+00:00,190.0,84.8,83.55,86.1,-0.65999603,-0.7722865,1.0,721,0.5229539892578124,True,REGULAR,USD,Call,2026-03-20,80
691,AAPL260320C00195000,2025-12-30 18:16:04+00:00,195.0,80.1,78.95,81.4,-0.76000214,-0.9398987,51.0,1829,0.514653291015625,True,REGULAR,USD,Call,2026-03-20,80
692,AAPL260320C00200000,2025-12-30 17:43:52+00:00,200.0,74.61,74.5,75.85,-1.7900009,-2.3429332,3.0,5608,0.5206346765136718,True,REGULAR,USD,Call,2026-03-20,80
693,AAPL260320C00205000,2025-12-30 14:34:23+00:00,205.0,70.0,68.3,72.05,-0.48000336,-0.681049,1.0,6,0.5432174584960938,True,REGULAR,USD,Call,2026-03-20,80
694,AAPL260320C00210000,2025-12-30 17:36:52+00:00,210.0,65.06,64.7,66.0,-0.6800003,-1.0343784,9.0,4466,0.46405565246582037,True,REGULAR,USD,Call,2026-03-20,80
695,AAPL260320C00215000,2025-12-30 17:20:04+00:00,215.0,59.46,59.35,61.75,0.16999817,0.28672317,5.0,23,0.46411668701171876,True,REGULAR,USD,Call,2026-03-20,80
696,AAPL260320C00220000,2025-12-30 20:49:57+00:00,220.0,55.7,55.2,56.25,-0.54999924,-0.9777764,41.0,5267,0.4119321502685547,True,REGULAR,USD,Call,2026-03-20,80
697,AAPL260320C00225000,2025-12-30 18:53:11+00:00,225.0,50.95,50.1,51.8,1.6300011,3.3049495,6.0,29,0.40131213928222653,True,REGULAR,USD,Call,2026-03-20,80
698,AAPL260320C00230000,2025-12-30 20:57:39+00:00,230.0,46.44,46.1,46.55,-0.40999985,-0.8751331,36.0,6461,0.3605410626220703,True,REGULAR,USD,Call,2026-03-20,80
699,AAPL260320C00235000,2025-12-29 20:50:04+00:00,235.0,42.41,41.5,41.95,0.0,0.0,2.0,65,0.3423527679443359,True,REGULAR,USD,Call,2026-03-20,80
700,AAPL260320C00240000,2025-12-30 20:52:56+00:00,240.0,37.28,37.05,37.45,-0.7200012,-1.8947401,45.0,12962,0.32532412963867186,True,REGULAR,USD,Call,2026-03-20,80
701,AAPL260320C00245000,2025-12-30 20:52:21+00:00,245.0,32.98,32.65,33.05,-0.25,-0.7523322,45.0,198,0.3089058367919921,True,REGULAR,USD,Call,2026-03-20,80
702,AAPL260320C00250000,2025-12-30 20:19:00+00:00,250.0,28.9,28.5,28.85,-0.55999947,-1.9008808,27.0,14274,0.2948678912353515,True,REGULAR,USD,Call,2026-03-20,80
703,AAPL260320C00255000,2025-12-30 20:24:13+00:00,255.0,24.8,24.5,24.85,-0.77000046,-3.0113432,17.0,245,0.2821727056884765,True,REGULAR,USD,Call,2026-03-20,80
704,AAPL260320C00260000,2025-12-30 20:56:01+00:00,260.0,20.99,20.85,21.0,-0.80999947,-3.715594,109.0,10587,0.2688671746826171,True,REGULAR,USD,Call,2026-03-20,80
705,AAPL260320C00265000,2025-12-30 20:52:21+00:00,265.0,17.55,17.35,17.5,-0.5700016,-3.145704,61.0,299,0.2584913018798829,True,REGULAR,USD,Call,2026-03-20,80
706,AAPL260320C00270000,2025-12-30 20:46:50+00:00,270.0,14.28,14.2,14.35,-0.6100006,-4.096713,390.0,12457,0.24994646545410154,True,REGULAR,USD,Call,2026-03-20,80
707,AAPL260320C00275000,2025-12-30 20:39:04+00:00,275.0,11.45,11.4,11.5,-0.5500002,-4.583335,287.0,3734,0.24155421539306643,False,REGULAR,USD,Call,2026-03-20,80
708,AAPL260320C00280000,2025-12-30 20:57:22+00:00,280.0,9.02,8.9,9.05,-0.45999908,-4.852311,319.0,48485,0.23480989807128905,False,REGULAR,USD,Call,2026-03-20,80
709,AAPL260320C00285000,2025-12-30 20:59:16+00:00,285.0,6.96,6.85,6.95,-0.38999987,-5.3061204,202.0,1088,0.22852333984375,False,REGULAR,USD,Call,2026-03-20,80
710,AAPL260320C00290000,2025-12-30 20:49:49+00:00,290.0,5.2,5.15,5.25,-0.4000001,-7.1428585,497.0,12771,0.22382367980957027,False,REGULAR,USD,Call,2026-03-20,80
711,AAPL260320C00295000,2025-12-30 20:03:14+00:00,295.0,3.85,3.8,3.9,-0.38999987,-9.198111,85.0,6227,0.22022264160156246,False,REGULAR,USD,Call,2026-03-20,80
712,AAPL260320C00300000,2025-12-30 20:49:49+00:00,300.0,2.83,2.79,2.84,-0.26999998,-8.709677,814.0,26474,0.21723194885253905,False,REGULAR,USD,Call,2026-03-20,80
713,AAPL260320C00305000,2025-12-30 18:49:19+00:00,305.0,2.08,2.01,2.05,-0.20000005,-8.771932,146.0,2597,0.2153398779296875,False,REGULAR,USD,Call,2026-03-20,80
714,AAPL260320C00310000,2025-12-30 20:34:55+00:00,310.0,1.46,1.43,1.47,-0.14999998,-9.316769,259.0,8842,0.21442435974121093,False,REGULAR,USD,Call,2026-03-20,80
715,AAPL260320C00315000,2025-12-30 19:43:34+00:00,315.0,1.05,1.02,1.06,-0.1400001,-11.764714,37.0,903,0.21472953247070312,False,REGULAR,USD,Call,2026-03-20,80
716,AAPL260320C00320000,2025-12-30 20:58:50+00:00,320.0,0.74,0.73,0.76,-0.110000014,-12.941178,202.0,10334,0.2153398779296875,False,REGULAR,USD,Call,2026-03-20,80
717,AAPL260320C00325000,2025-12-30 20:51:23+00:00,325.0,0.54,0.52,0.55,-0.120000005,-18.181818,9.0,394,0.21680470703125,False,REGULAR,USD,Call,2026-03-20,80
718,AAPL260320C00330000,2025-12-30 20:59:25+00:00,330.0,0.39,0.37,0.4,-0.050000012,-11.363639,52.0,3110,0.21851367431640623,False,REGULAR,USD,Call,2026-03-20,80
719,AAPL260320C00335000,2025-12-30 17:30:58+00:00,335.0,0.29,0.27,0.3,-0.08000001,-21.621624,30.0,109,0.22168747070312497,False,REGULAR,USD,Call,2026-03-20,80
720,AAPL260320C00340000,2025-12-30 17:10:31+00:00,340.0,0.22,0.2,0.23,-0.030000001,-12.0,1.0,1778,0.22534954345703123,False,REGULAR,USD,Call,2026-03-20,80
721,AAPL260320C00345000,2025-12-29 16:15:20+00:00,345.0,0.19,0.14,0.17,0.0,0.0,3.0,223,0.22754678710937498,False,REGULAR,USD,Call,2026-03-20,80
722,AAPL260320C00350000,2025-12-30 20:47:00+00:00,350.0,0.12,0.1,0.12,-0.009999998,-7.692306,88.0,2901,0.22852333984375,False,REGULAR,USD,Call,2026-03-20,80
723,AAPL260320C00360000,2025-12-30 20:51:23+00:00,360.0,0.09,0.05,0.09,0.020000003,28.571432,36.0,1822,0.242195078125,False,REGULAR,USD,Call,2026-03-20,80
724,AAPL260320C00370000,2025-12-30 20:59:36+00:00,370.0,0.05,0.05,0.06,0.0,0.0,26.0,13605,0.25098405273437496,False,REGULAR,USD,Call,2026-03-20,80
725,AAPL260320C00380000,2025-12-30 20:48:12+00:00,380.0,0.04,0.01,0.04,0.01,33.333336,37.0,1561,0.25879647460937505,False,REGULAR,USD,Call,2026-03-20,80
726,AAPL260320C00390000,2025-12-30 20:50:04+00:00,390.0,0.11,0.01,0.32,0.09,450.0001,4.0,253,0.3544986425781249,False,REGULAR,USD,Call,2026-03-20,80
727,AAPL260320C00400000,2025-12-30 20:59:25+00:00,400.0,0.05,0.01,0.06,0.020000001,66.66668,92.0,1340,0.30664755859375,False,REGULAR,USD,Call,2026-03-20,80
728,AAPL260320C00410000,2025-12-30 19:37:45+00:00,410.0,0.07,0.01,0.1,0.05,250.0,23.0,114,0.34180345703125,False,REGULAR,USD,Call,2026-03-20,80
729,AAPL260320C00420000,2025-12-30 20:59:25+00:00,420.0,0.03,0.0,0.1,0.02,200.0,21.0,112,0.35938140625,False,REGULAR,USD,Call,2026-03-20,80
730,AAPL260320C00430000,2025-12-30 20:51:23+00:00,430.0,0.08,0.01,0.27,0.07,700.0001,61.0,68,0.42383388671875,False,REGULAR,USD,Call,2026-03-20,80
731,AAPL260320C00440000,2025-12-30 20:02:27+00:00,440.0,0.01,0.0,0.1,0.0,0.0,1.0,289,0.39258419921875,False,REGULAR,USD,Call,2026-03-20,80
732,AAPL260320C00450000,2025-12-30 20:02:26+00:00,450.0,0.01,0.0,0.05,0.0,0.0,9.0,1498,0.38086556640624997,False,REGULAR,USD,Call,2026-03-20,80
733,AAPL260320P00090000,2025-12-26 19:08:44+00:00,90.0,0.01,0.0,0.02,0.0,0.0,34.0,1058,0.73437765625,False,REGULAR,USD,Put,2026-03-20,80
734,AAPL260320P00095000,2025-12-04 20:18:13+00:00,95.0,0.02,0.0,0.25,0.0,0.0,5.0,259,0.8896495410156249,False,REGULAR,USD,Put,2026-03-20,80
735,AAPL260320P00100000,2025-12-30 16:26:34+00:00,100.0,0.09,0.0,0.21,0.07000001,350.00012,1.0,810,0.8320329296874999,False,REGULAR,USD,Put,2026-03-20,80
736,AAPL260320P00105000,2025-12-26 14:30:07+00:00,105.0,0.03,0.0,0.1,0.0,0.0,72.0,864,0.73437765625,False,REGULAR,USD,Put,2026-03-20,80
737,AAPL260320P00110000,2025-12-26 18:25:08+00:00,110.0,0.02,0.0,0.26,0.0,0.0,42.0,541,0.7753928710937501,False,REGULAR,USD,Put,2026-03-20,80
738,AAPL260320P00115000,2025-12-26 16:12:05+00:00,115.0,0.02,0.0,0.27,0.0,0.0,33.0,499,0.743166630859375,False,REGULAR,USD,Put,2026-03-20,80
739,AAPL260320P00120000,2025-12-29 15:10:50+00:00,120.0,0.03,0.0,0.28,0.0,0.0,1.0,626,0.711916943359375,False,REGULAR,USD,Put,2026-03-20,80
740,AAPL260320P00125000,2025-12-30 19:27:22+00:00,125.0,0.1,0.01,0.19,0.060000002,150.0,12.0,1146,0.6533237792968751,False,REGULAR,USD,Put,2026-03-20,80
741,AAPL260320P00130000,2025-12-29 18:29:41+00:00,130.0,0.03,0.0,0.31,0.0,0.0,2.0,304,0.6552768847656252,False,REGULAR,USD,Put,2026-03-20,80
742,AAPL260320P00135000,2025-12-26 18:19:21+00:00,135.0,0.04,0.0,0.22,0.0,0.0,1.0,759,0.5996133789062501,False,REGULAR,USD,Put,2026-03-20,80
743,AAPL260320P00140000,2025-12-30 19:40:18+00:00,140.0,0.11,0.01,0.34,0.06,120.0,11.0,1631,0.6035195898437502,False,REGULAR,USD,Put,2026-03-20,80
744,AAPL260320P00145000,2025-12-30 20:48:12+00:00,145.0,0.11,0.0,0.35,0.06,120.0,7.0,755,0.5747112841796875,False,REGULAR,USD,Put,2026-03-20,80
745,AAPL260320P00150000,2025-12-30 19:27:22+00:00,150.0,0.06,0.03,0.06,0.009999998,19.999994,16.0,2585,0.48242705078125003,False,REGULAR,USD,Put,2026-03-20,80
746,AAPL260320P00155000,2025-12-30 19:29:21+00:00,155.0,0.07,0.04,0.27,0.0,0.0,7.0,3308,0.5112353564453125,False,REGULAR,USD,Put,2026-03-20,80
747,AAPL260320P00160000,2025-12-30 19:28:45+00:00,160.0,0.07,0.05,0.09,-0.009999998,-12.499997,8.0,5175,0.454107021484375,False,REGULAR,USD,Put,2026-03-20,80
748,AAPL260320P00165000,2025-12-30 20:48:12+00:00,165.0,0.1,0.07,0.1,0.020000003,25.000004,4.0,3842,0.43555251953125,False,REGULAR,USD,Put,2026-03-20,80
749,AAPL260320P00170000,2025-12-30 19:40:18+00:00,170.0,0.12,0.09,0.12,0.009999998,9.090907,57.0,10042,0.42090422851562503,False,REGULAR,USD,Put,2026-03-20,80
750,AAPL260320P00175000,2025-12-30 19:59:33+00:00,175.0,0.12,0.11,0.14,-0.020000003,-14.285716,35.0,6408,0.405279384765625,False,REGULAR,USD,Put,2026-03-20,80
751,AAPL260320P00180000,2025-12-30 15:29:08+00:00,180.0,0.15,0.14,0.16,-0.00999999,-6.2499943,10.0,5542,0.3891662646484375,False,REGULAR,USD,Put,2026-03-20,80
752,AAPL260320P00185000,2025-12-29 16:23:13+00:00,185.0,0.2,0.17,0.2,0.0,0.0,7.0,3613,0.37744763183593744,False,REGULAR,USD,Put,2026-03-20,80
753,AAPL260320P00190000,2025-12-29 20:59:03+00:00,190.0,0.22,0.21,0.24,-0.010000005,-4.347828,1.0,8886,0.36377589355468753,False,REGULAR,USD,Put,2026-03-20,80
754,AAPL260320P00195000,2025-12-30 20:52:29+00:00,195.0,0.27,0.26,0.29,-0.030000001,-10.0,12.0,7030,0.3505924316406249,False,REGULAR,USD,Put,2026-03-20,80
755,AAPL260320P00200000,2025-12-30 16:58:47+00:00,200.0,0.34,0.33,0.35,-0.02000001,-5.555558,12.0,7730,0.33740896972656254,False,REGULAR,USD,Put,2026-03-20,80
756,AAPL260320P00205000,2025-12-30 18:20:36+00:00,205.0,0.43,0.41,0.44,-0.01999998,-4.4444404,4.0,34,0.32642275146484373,False,REGULAR,USD,Put,2026-03-20,80
757,AAPL260320P00210000,2025-12-30 14:42:40+00:00,210.0,0.55,0.52,0.55,0.0,0.0,23.0,14387,0.3154365332031249,False,REGULAR,USD,Put,2026-03-20,80
758,AAPL260320P00215000,2025-12-30 20:41:50+00:00,215.0,0.65,0.66,0.69,-0.04000002,-5.7971044,1.0,498,0.304694453125,False,REGULAR,USD,Put,2026-03-20,80
759,AAPL260320P00220000,2025-12-30 20:53:05+00:00,220.0,0.84,0.83,0.87,-0.030000031,-3.4482794,109.0,20006,0.29444064941406245,False,REGULAR,USD,Put,2026-03-20,80
760,AAPL260320P00225000,2025-12-30 20:41:20+00:00,225.0,1.08,1.06,1.1,-0.03999996,-3.5714252,45.0,122,0.28443098388671867,False,REGULAR,USD,Put,2026-03-20,80
761,AAPL260320P00230000,2025-12-30 20:48:43+00:00,230.0,1.37,1.35,1.39,-0.03999996,-2.8368769,137.0,12170,0.2745433874511719,False,REGULAR,USD,Put,2026-03-20,80
762,AAPL260320P00235000,2025-12-30 20:45:20+00:00,235.0,1.73,1.73,1.77,-0.03999996,-2.2598848,26.0,684,0.26538820556640624,False,REGULAR,USD,Put,2026-03-20,80
763,AAPL260320P00240000,2025-12-30 20:45:02+00:00,240.0,2.2,2.21,2.26,-0.059999943,-2.6548648,68.0,10271,0.2567213000488281,False,REGULAR,USD,Put,2026-03-20,80
764,AAPL260320P00245000,2025-12-30 20:44:42+00:00,245.0,2.81,2.82,2.87,-0.029999971,-1.056337,54.0,2393,0.2478712908935547,False,REGULAR,USD,Put,2026-03-20,80
765,AAPL260320P00250000,2025-12-30 20:44:32+00:00,250.0,3.6,3.55,3.65,0.0,0.0,240.0,25446,0.23957059265136715,False,REGULAR,USD,Put,2026-03-20,80
766,AAPL260320P00255000,2025-12-30 20:48:56+00:00,255.0,4.55,4.55,4.65,-0.14999962,-3.1914814,96.0,1925,0.23200230895996093,False,REGULAR,USD,Put,2026-03-20,80
767,AAPL260320P00260000,2025-12-30 20:52:33+00:00,260.0,5.74,5.75,5.9,-0.11000013,-1.8803442,376.0,14333,0.22480023254394527,False,REGULAR,USD,Put,2026-03-20,80
768,AAPL260320P00265000,2025-12-30 19:15:22+00:00,265.0,7.2,7.25,7.4,-0.10000038,-1.3698682,46.0,2598,0.2171098797607422,False,REGULAR,USD,Put,2026-03-20,80
769,AAPL260320P00270000,2025-12-30 20:56:40+00:00,270.0,9.1,9.1,9.2,0.020000458,0.22026937,255.0,6278,0.2092059060668945,False,REGULAR,USD,Put,2026-03-20,80
770,AAPL260320P00275000,2025-12-30 20:47:17+00:00,275.0,11.24,11.25,11.4,0.14999962,1.3525665,73.0,714,0.20230900238037108,True,REGULAR,USD,Put,2026-03-20,80
771,AAPL260320P00280000,2025-12-30 20:37:22+00:00,280.0,13.8,13.85,13.95,0.05000019,0.36363775,11.0,4158,0.19480175323486326,True,REGULAR,USD,Put,2026-03-20,80
772,AAPL260320P00285000,2025-12-30 18:10:10+00:00,285.0,16.85,16.8,16.95,0.39999962,2.4316084,9.0,126,0.1883015740966797,True,REGULAR,USD,Put,2026-03-20,80
773,AAPL260320P00290000,2025-12-30 17:20:38+00:00,290.0,20.62,20.15,20.3,0.5700016,2.8429008,13.0,805,0.1807027731323242,True,REGULAR,USD,Put,2026-03-20,80
774,AAPL260320P00295000,2025-12-30 15:54:39+00:00,295.0,24.2,22.8,24.15,1.1700001,5.0803304,2.0,88,0.17615569946289064,True,REGULAR,USD,Put,2026-03-20,80
775,AAPL260320P00300000,2025-12-29 18:19:21+00:00,300.0,27.69,27.8,28.25,0.0,0.0,2.0,1512,0.1692587957763672,True,REGULAR,USD,Put,2026-03-20,80
776,AAPL260320P00305000,2025-12-29 18:21:14+00:00,305.0,32.12,32.1,32.6,0.0,0.0,2.0,80,0.15992051025390625,True,REGULAR,USD,Put,2026-03-20,80
777,AAPL260320P00310000,2025-12-29 18:22:44+00:00,310.0,36.72,36.7,37.4,0.0,0.0,2.0,305,0.16492534301757814,True,REGULAR,USD,Put,2026-03-20,80
778,AAPL260320P00320000,2025-12-11 20:45:05+00:00,320.0,42.35,45.15,48.6,0.0,0.0,184.0,47,0.2608716491699219,True,REGULAR,USD,Put,2026-03-20,80
779,AAPL260320P00330000,2025-12-26 14:58:45+00:00,330.0,55.5,55.15,58.6,0.0,0.0,2.0,0,0.2962716857910156,True,REGULAR,USD,Put,2026-03-20,80
780,AAPL260320P00340000,2025-12-04 16:08:36+00:00,340.0,59.48,65.15,68.6,0.0,0.0,2.0,0,0.32959654785156245,True,REGULAR,USD,Put,2026-03-20,80
781,AAPL260320P00350000,2025-05-13 14:39:20+00:00,350.0,138.33,150.6,152.7,0.0,0.0,1.0,0,1.9343875350952149,True,REGULAR,USD,Put,2026-03-20,80
782,AAPL260320P00360000,2025-11-03 17:45:07+00:00,360.0,92.47,85.15,88.6,0.0,0.0,10.0,0,0.391058335571289,True,REGULAR,USD,Put,2026-03-20,80
783,AAPL260320P00370000,2025-05-07 13:30:09+00:00,370.0,171.09,0.0,0.0,0.0,0.0,1.0,0,1.0000000000000003e-05,True,REGULAR,USD,Put,2026-03-20,80
784,AAPL260417C00120000,2025-12-29 20:18:31+00:00,120.0,155.31,152.55,156.15,0.0,0.0,1.0,6,0.8498550170898438,True,REGULAR,USD,Call,2026-04-17,108
785,AAPL260417C00125000,2025-09-24 14:28:57+00:00,125.0,130.76,147.9,151.6,0.0,0.0,1.0,6,0.856324678955078,True,REGULAR,USD,Call,2026-04-17,108
786,AAPL260417C00130000,2025-12-23 15:29:40+00:00,130.0,142.47,142.7,146.4,0.0,0.0,17.0,178,0.797853583984375,True,REGULAR,USD,Call,2026-04-17,108
787,AAPL260417C00135000,2025-12-23 15:48:10+00:00,135.0,138.15,138.4,140.85,0.0,0.0,4.0,2008,0.7694114855957033,True,REGULAR,USD,Call,2026-04-17,108
788,AAPL260417C00140000,2025-11-04 16:47:01+00:00,140.0,133.61,132.85,136.55,0.0,0.0,36.0,94,0.7417018017578124,True,REGULAR,USD,Call,2026-04-17,108
789,AAPL260417C00145000,2025-12-02 17:42:22+00:00,145.0,143.41,127.9,131.6,0.0,0.0,4.0,31,0.7121610815429689,True,REGULAR,USD,Call,2026-04-17,108
790,AAPL260417C00150000,2025-12-16 16:37:55+00:00,150.0,125.0,123.0,126.65,0.0,0.0,6.0,45,0.6854279504394531,True,REGULAR,USD,Call,2026-04-17,108
791,AAPL260417C00155000,2025-12-04 18:39:37+00:00,155.0,127.36,118.05,121.8,0.0,0.0,3.0,602,0.6610141320800782,True,REGULAR,USD,Call,2026-04-17,108
792,AAPL260417C00160000,2025-12-30 16:27:55+00:00,160.0,115.12,113.65,116.3,-2.8799973,-2.4406757,1.0,1,0.6331823791503908,True,REGULAR,USD,Call,2026-04-17,108
793,AAPL260417C00165000,2025-12-02 15:08:53+00:00,165.0,122.03,108.75,111.95,0.0,0.0,5.0,6,0.6276892700195313,True,REGULAR,USD,Call,2026-04-17,108
794,AAPL260417C00170000,2025-12-26 20:42:59+00:00,170.0,105.89,103.85,106.45,0.0,0.0,1.0,563,0.5839885351562499,True,REGULAR,USD,Call,2026-04-17,108
795,AAPL260417C00175000,2025-12-17 20:13:48+00:00,175.0,101.23,98.45,101.25,0.0,0.0,63.0,68,0.5349167602539062,True,REGULAR,USD,Call,2026-04-17,108
796,AAPL260417C00180000,2025-12-29 17:34:03+00:00,180.0,95.42,94.05,97.2,0.0,0.0,7.0,114,0.5524336749267578,True,REGULAR,USD,Call,2026-04-17,108
797,AAPL260417C00185000,2025-12-03 14:42:43+00:00,185.0,106.0,89.2,91.8,0.0,0.0,10.0,29,0.5164843273925781,True,REGULAR,USD,Call,2026-04-17,108
798,AAPL260417C00190000,2025-12-30 20:38:17+00:00,190.0,85.74,83.8,86.95,-5.0699997,-5.5830855,4.0,69,0.5544478149414063,True,REGULAR,USD,Call,2026-04-17,108
799,AAPL260417C00195000,2025-12-15 17:59:06+00:00,195.0,83.14,79.0,82.55,0.0,0.0,3.0,245,0.5473067730712893,True,REGULAR,USD,Call,2026-04-17,108
800,AAPL260417C00200000,2025-12-29 20:27:44+00:00,200.0,76.41,74.7,77.55,0.0,0.0,9.0,363,0.5164843273925781,True,REGULAR,USD,Call,2026-04-17,108
801,AAPL260417C00205000,2025-12-29 16:35:00+00:00,205.0,71.19,69.5,71.45,0.0,0.0,5.0,198,0.44550115051269534,True,REGULAR,USD,Call,2026-04-17,108
802,AAPL260417C00210000,2025-12-29 14:42:57+00:00,210.0,67.35,65.65,67.1,0.0,0.0,2.0,942,0.4408014904785156,True,REGULAR,USD,Call,2026-04-17,108
803,AAPL260417C00215000,2025-12-29 20:47:29+00:00,215.0,62.22,61.2,62.05,0.0,0.0,6.0,2455,0.4102842175292969,True,REGULAR,USD,Call,2026-04-17,108
804,AAPL260417C00220000,2025-12-26 20:42:41+00:00,220.0,56.6,56.6,57.2,-1.0900002,-1.8894092,1.0,3577,0.3866638482666015,True,REGULAR,USD,Call,2026-04-17,108
805,AAPL260417C00225000,2025-12-24 16:11:59+00:00,225.0,53.0,52.05,52.6,-1.25,-2.3041475,40.0,934,0.3701845208740234,True,REGULAR,USD,Call,2026-04-17,108
806,AAPL260417C00230000,2025-12-30 20:34:53+00:00,230.0,47.94,47.5,48.05,-0.4300003,-0.8889814,5.0,951,0.3539188143920897,True,REGULAR,USD,Call,2026-04-17,108
807,AAPL260417C00235000,2025-12-30 17:33:48+00:00,235.0,42.9,43.05,43.55,-0.25999832,-0.6024057,1.0,912,0.3375310388183594,True,REGULAR,USD,Call,2026-04-17,108
808,AAPL260417C00240000,2025-12-30 16:53:51+00:00,240.0,38.57,38.8,39.1,-1.0299988,-2.6010072,20.0,3048,0.3208686077880859,True,REGULAR,USD,Call,2026-04-17,108
809,AAPL260417C00245000,2025-12-30 20:52:23+00:00,245.0,34.85,34.5,34.9,-0.7400017,-2.0792406,20.0,3435,0.30808187042236324,True,REGULAR,USD,Call,2026-04-17,108
810,AAPL260417C00250000,2025-12-30 19:56:32+00:00,250.0,30.74,30.5,30.95,-0.80000114,-2.5364652,7.0,1786,0.2980722048950195,True,REGULAR,USD,Call,2026-04-17,108
811,AAPL260417C00255000,2025-12-29 18:36:03+00:00,255.0,26.85,26.5,26.9,-0.79999924,-2.8933065,2.0,1255,0.28327132751464834,True,REGULAR,USD,Call,2026-04-17,108
812,AAPL260417C00260000,2025-12-30 20:50:25+00:00,260.0,23.15,23.1,23.25,-0.7399998,-3.0975294,10.0,5513,0.2731395928955078,True,REGULAR,USD,Call,2026-04-17,108
813,AAPL260417C00265000,2025-12-29 20:37:30+00:00,265.0,20.17,19.7,19.85,-0.1800003,-0.8845224,1.0,2346,0.26401492828369144,True,REGULAR,USD,Call,2026-04-17,108
814,AAPL260417C00270000,2025-12-30 20:46:50+00:00,270.0,16.68,16.55,16.7,-0.48999977,-2.8538134,321.0,3461,0.2553785400390626,True,REGULAR,USD,Call,2026-04-17,108
815,AAPL260417C00275000,2025-12-30 20:54:30+00:00,275.0,13.85,13.75,13.85,-0.46000004,-3.2145355,110.0,3775,0.24768818725585937,False,REGULAR,USD,Call,2026-04-17,108
816,AAPL260417C00280000,2025-12-30 20:00:18+00:00,280.0,11.27,11.2,11.35,-0.52999973,-4.4915233,77.0,3501,0.24146266357421875,False,REGULAR,USD,Call,2026-04-17,108
817,AAPL260417C00285000,2025-12-30 20:58:37+00:00,285.0,9.13,9.05,9.15,-0.42000008,-4.3979063,113.0,4488,0.23566438171386717,False,REGULAR,USD,Call,2026-04-17,108
818,AAPL260417C00290000,2025-12-30 20:54:23+00:00,290.0,7.25,7.15,7.3,-0.40999985,-5.3524785,375.0,5564,0.2312698944091797,False,REGULAR,USD,Call,2026-04-17,108
819,AAPL260417C00295000,2025-12-30 19:36:22+00:00,295.0,5.75,5.6,5.7,-0.3499999,-5.737704,9.0,6460,0.22657023437499998,False,REGULAR,USD,Call,2026-04-17,108
820,AAPL260417C00300000,2025-12-30 20:52:22+00:00,300.0,4.4,4.35,4.45,-0.3499999,-7.3684196,528.0,7030,0.22397626617431637,False,REGULAR,USD,Call,2026-04-17,108
821,AAPL260417C00305000,2025-12-30 20:11:28+00:00,305.0,3.4,3.3,3.4,-0.19999981,-5.5555506,76.0,7336,0.22098557342529296,False,REGULAR,USD,Call,2026-04-17,108
822,AAPL260417C00310000,2025-12-30 20:59:28+00:00,310.0,2.55,2.53,2.58,-0.25,-8.928572,37.0,3088,0.21887988159179686,False,REGULAR,USD,Call,2026-04-17,108
823,AAPL260417C00315000,2025-12-30 17:05:47+00:00,315.0,1.94,1.91,1.95,-0.15999985,-7.6190405,21.0,2649,0.21753712158203126,False,REGULAR,USD,Call,2026-04-17,108
824,AAPL260417C00320000,2025-12-30 18:11:15+00:00,320.0,1.46,1.44,1.48,-0.15999997,-9.876541,43.0,2702,0.2172929833984375,False,REGULAR,USD,Call,2026-04-17,108
825,AAPL260417C00325000,2025-12-29 19:59:42+00:00,325.0,1.22,1.08,1.12,0.0,0.0,8.0,2451,0.2172929833984375,False,REGULAR,USD,Call,2026-04-17,108
826,AAPL260417C00330000,2025-12-30 20:32:37+00:00,330.0,0.82,0.81,0.85,-0.120000005,-12.765958,207.0,1864,0.21790332885742186,False,REGULAR,USD,Call,2026-04-17,108
827,AAPL260417C00335000,2025-12-30 20:23:34+00:00,335.0,0.64,0.61,0.65,-0.09000003,-12.328772,2.0,66,0.21900195068359374,False,REGULAR,USD,Call,2026-04-17,108
828,AAPL260417C00340000,2025-12-26 20:22:33+00:00,340.0,0.62,0.46,0.49,0.0,0.0,39.0,1073,0.21973436523437498,False,REGULAR,USD,Call,2026-04-17,108
829,AAPL260417C00345000,2025-12-26 17:26:31+00:00,345.0,0.47,0.34,0.38,0.0,0.0,1.0,79,0.22168747070312497,False,REGULAR,USD,Call,2026-04-17,108
830,AAPL260417C00350000,2025-12-29 20:13:06+00:00,350.0,0.31,0.26,0.29,0.0,0.0,29.0,4065,0.2230302307128906,False,REGULAR,USD,Call,2026-04-17,108
831,AAPL260417C00360000,2025-12-30 15:22:29+00:00,360.0,0.16,0.14,0.18,-0.049999997,-23.809523,28.0,2292,0.22779092529296874,False,REGULAR,USD,Call,2026-04-17,108
832,AAPL260417C00370000,2025-12-30 17:02:58+00:00,370.0,0.08,0.08,0.11,-0.020000003,-20.000002,2.0,3022,0.23194127441406248,False,REGULAR,USD,Call,2026-04-17,108
833,AAPL260417C00380000,2025-12-24 16:53:58+00:00,380.0,0.1,0.04,0.08,0.0,0.0,2.0,2821,0.24024197265624997,False,REGULAR,USD,Call,2026-04-17,108
834,AAPL260417C00390000,2025-12-29 15:12:48+00:00,390.0,0.05,0.02,0.06,0.0,0.0,44.0,355,0.2485426708984375,False,REGULAR,USD,Call,2026-04-17,108
835,AAPL260417C00400000,2025-12-30 20:37:54+00:00,400.0,0.03,0.02,0.04,0.01,50.0,105.0,12420,0.252937158203125,False,REGULAR,USD,Call,2026-04-17,108
836,AAPL260417C00410000,2025-12-12 20:49:02+00:00,410.0,0.04,0.0,0.23,0.0,0.0,1.0,30,0.32617861328125,False,REGULAR,USD,Call,2026-04-17,108
837,AAPL260417C00420000,2025-12-29 14:41:35+00:00,420.0,0.02,0.0,0.23,0.0,0.0,29.0,202,0.34229173339843744,False,REGULAR,USD,Call,2026-04-17,108
838,AAPL260417C00430000,2025-12-11 15:11:18+00:00,430.0,0.02,0.0,0.22,0.0,0.0,1.0,10,0.35596347167968745,False,REGULAR,USD,Call,2026-04-17,108
839,AAPL260417C00440000,2025-12-30 20:01:07+00:00,440.0,0.01,0.0,0.01,0.0,0.0,1.0,189,0.273444765625,False,REGULAR,USD,Call,2026-04-17,108
840,AAPL260417C00450000,2025-12-23 14:30:00+00:00,450.0,0.02,0.0,0.04,0.0,0.0,85.0,880,0.32129584960937496,False,REGULAR,USD,Call,2026-04-17,108
841,AAPL260417P00120000,2025-12-30 14:54:54+00:00,120.0,0.03,0.02,0.24,0.0,0.0,6.0,521,0.6084023535156251,False,REGULAR,USD,Put,2026-04-17,108
842,AAPL260417P00125000,2025-11-11 20:01:45+00:00,125.0,0.14,0.01,0.25,0.0,0.0,1.0,36,0.5800823242187501,False,REGULAR,USD,Put,2026-04-17,108
843,AAPL260417P00130000,2025-12-22 20:56:59+00:00,130.0,0.05,0.0,0.26,0.0,0.0,5.0,412,0.5537154003906251,False,REGULAR,USD,Put,2026-04-17,108
844,AAPL260417P00135000,2025-12-17 17:10:19+00:00,135.0,0.11,0.0,0.27,0.0,0.0,8.0,62,0.5293015820312501,False,REGULAR,USD,Put,2026-04-17,108
845,AAPL260417P00140000,2025-12-29 14:41:01+00:00,140.0,0.07,0.0,0.28,0.0,0.0,2.0,119,0.506840869140625,False,REGULAR,USD,Put,2026-04-17,108
846,AAPL260417P00145000,2025-12-26 14:30:02+00:00,145.0,0.1,0.06,0.09,0.0,0.0,10.0,78,0.4580132324218751,False,REGULAR,USD,Put,2026-04-17,108
847,AAPL260417P00150000,2025-12-29 19:40:09+00:00,150.0,0.08,0.07,0.11,0.0,0.0,3.0,735,0.445318046875,False,REGULAR,USD,Put,2026-04-17,108
848,AAPL260417P00155000,2025-12-22 16:40:06+00:00,155.0,0.16,0.1,0.13,0.0,0.0,1.0,73,0.43164630859375,False,REGULAR,USD,Put,2026-04-17,108
849,AAPL260417P00160000,2025-12-26 16:29:57+00:00,160.0,0.13,0.11,0.15,0.0,0.0,1.0,164,0.4165097412109374,False,REGULAR,USD,Put,2026-04-17,108
850,AAPL260417P00165000,2025-12-26 15:01:35+00:00,165.0,0.17,0.14,0.17,0.0,0.0,1.0,63,0.4008848974609375,False,REGULAR,USD,Put,2026-04-17,108
851,AAPL260417P00170000,2025-12-29 15:50:50+00:00,170.0,0.21,0.17,0.21,0.0,0.0,6.0,118,0.39014281738281253,False,REGULAR,USD,Put,2026-04-17,108
852,AAPL260417P00175000,2025-12-29 14:40:45+00:00,175.0,0.24,0.21,0.25,0.0,0.0,30.0,187,0.37793590820312495,False,REGULAR,USD,Put,2026-04-17,108
853,AAPL260417P00180000,2025-12-29 20:46:04+00:00,180.0,0.29,0.26,0.3,0.0,0.0,42.0,426,0.366217275390625,False,REGULAR,USD,Put,2026-04-17,108
854,AAPL260417P00185000,2025-12-29 14:54:34+00:00,185.0,0.36,0.32,0.36,0.0,0.0,39.0,359,0.35474278076171867,False,REGULAR,USD,Put,2026-04-17,108
855,AAPL260417P00190000,2025-12-26 16:31:54+00:00,190.0,0.41,0.4,0.44,0.0,0.0,266.0,884,0.34448897705078124,False,REGULAR,USD,Put,2026-04-17,108
856,AAPL260417P00195000,2025-12-30 17:56:26+00:00,195.0,0.51,0.49,0.53,-0.00999999,-1.9230752,4.0,822,0.33350275878906255,False,REGULAR,USD,Put,2026-04-17,108
857,AAPL260417P00200000,2025-12-30 20:39:18+00:00,200.0,0.61,0.6,0.64,-0.00999999,-1.6129017,2.0,5329,0.3228827478027343,False,REGULAR,USD,Put,2026-04-17,108
858,AAPL260417P00205000,2025-12-24 17:23:06+00:00,205.0,0.74,0.74,0.78,0.0,0.0,1.0,807,0.31287308227539057,False,REGULAR,USD,Put,2026-04-17,108
859,AAPL260417P00210000,2025-12-30 15:25:28+00:00,210.0,0.95,0.91,0.95,0.0,0.0,4.0,1225,0.3031075549316406,False,REGULAR,USD,Put,2026-04-17,108
860,AAPL260417P00215000,2025-12-29 16:02:40+00:00,215.0,1.17,1.12,1.16,-0.00999999,-0.8474569,1.0,3796,0.2935251312255859,False,REGULAR,USD,Put,2026-04-17,108
861,AAPL260417P00220000,2025-12-30 20:09:43+00:00,220.0,1.36,1.38,1.42,-0.110000014,-7.4829946,38.0,1772,0.2843089147949218,False,REGULAR,USD,Put,2026-04-17,108
862,AAPL260417P00225000,2025-12-30 17:18:17+00:00,225.0,1.78,1.71,1.75,0.01999998,1.1363626,3.0,7141,0.2757640783691406,False,REGULAR,USD,Put,2026-04-17,108
863,AAPL260417P00230000,2025-12-30 20:08:33+00:00,230.0,2.08,2.1,2.12,-0.08000016,-3.703711,8.0,2600,0.2659985510253906,False,REGULAR,USD,Put,2026-04-17,108
864,AAPL260417P00235000,2025-12-30 20:43:06+00:00,235.0,2.58,2.59,2.64,-0.029999971,-1.1494242,2.0,4006,0.25867440551757814,False,REGULAR,USD,Put,2026-04-17,108
865,AAPL260417P00240000,2025-12-30 19:46:27+00:00,240.0,3.17,3.15,3.25,-0.06999993,-2.1604917,17.0,5145,0.2506788800048828,False,REGULAR,USD,Put,2026-04-17,108
866,AAPL260417P00245000,2025-12-30 20:47:04+00:00,245.0,3.94,3.9,4.0,0.00999999,0.25445268,32.0,4230,0.2430495617675781,False,REGULAR,USD,Put,2026-04-17,108
867,AAPL260417P00250000,2025-12-30 19:51:06+00:00,250.0,4.85,4.8,4.9,0.0,0.0,44.0,3797,0.23526765716552733,False,REGULAR,USD,Put,2026-04-17,108
868,AAPL260417P00255000,2025-12-30 19:51:06+00:00,255.0,5.9,5.9,6.0,-0.049999714,-0.8403314,7.0,1704,0.22791299438476562,False,REGULAR,USD,Put,2026-04-17,108
869,AAPL260417P00260000,2025-12-30 19:11:36+00:00,260.0,7.2,7.25,7.35,0.029999733,0.4184063,10.0,2126,0.22126022888183594,False,REGULAR,USD,Put,2026-04-17,108
870,AAPL260417P00265000,2025-12-30 19:14:32+00:00,265.0,8.75,8.8,8.95,-0.35000038,-3.8461578,17.0,1841,0.2146684979248047,False,REGULAR,USD,Put,2026-04-17,108
871,AAPL260417P00270000,2025-12-30 19:48:40+00:00,270.0,10.75,10.65,10.8,0.14999962,1.4150907,16.0,1868,0.20758849060058593,False,REGULAR,USD,Put,2026-04-17,108
872,AAPL260417P00275000,2025-12-30 19:51:42+00:00,275.0,12.85,12.85,13.0,0.0,0.0,35.0,2114,0.20130193237304686,True,REGULAR,USD,Put,2026-04-17,108
873,AAPL260417P00280000,2025-12-30 19:43:53+00:00,280.0,15.3,15.35,15.5,0.19999981,1.324502,9.0,1015,0.1945270977783203,True,REGULAR,USD,Put,2026-04-17,108
874,AAPL260417P00285000,2025-12-30 19:48:56+00:00,285.0,18.21,18.2,18.35,0.6099987,3.4659016,4.0,680,0.1878438150024414,True,REGULAR,USD,Put,2026-04-17,108
875,AAPL260417P00290000,2025-12-29 15:55:02+00:00,290.0,21.45,21.4,21.6,0.0,0.0,2.0,271,0.18204553314208982,True,REGULAR,USD,Put,2026-04-17,108
876,AAPL260417P00295000,2025-12-30 18:43:13+00:00,295.0,24.9,24.95,25.15,-1.3500004,-5.1428585,9.0,293,0.17542328491210937,True,REGULAR,USD,Put,2026-04-17,108
877,AAPL260417P00300000,2025-12-22 16:26:48+00:00,300.0,29.9,28.8,29.0,0.0,0.0,5.0,345,0.16797707031250003,True,REGULAR,USD,Put,2026-04-17,108
878,AAPL260417P00305000,2025-12-29 18:27:58+00:00,305.0,32.68,32.75,33.4,0.0,0.0,4.0,190,0.168526381225586,True,REGULAR,USD,Put,2026-04-17,108
879,AAPL260417P00310000,2025-12-30 18:47:15+00:00,310.0,37.05,37.1,37.65,-0.069999695,-0.18857677,1.0,401,0.1555870574951172,True,REGULAR,USD,Put,2026-04-17,108
880,AAPL260417P00315000,2025-12-29 18:24:42+00:00,315.0,41.45,41.7,42.45,0.0,0.0,2.0,266,0.15931016479492188,True,REGULAR,USD,Put,2026-04-17,108
881,AAPL260417P00320000,2025-12-11 16:51:44+00:00,320.0,43.44,45.25,48.55,0.0,0.0,2.0,6,0.22315229980468748,True,REGULAR,USD,Put,2026-04-17,108
882,AAPL260417P00325000,2025-12-15 20:00:17+00:00,325.0,51.65,50.1,53.7,0.0,0.0,1.0,6,0.24414818359375,True,REGULAR,USD,Put,2026-04-17,108
883,AAPL260417P00330000,2025-12-10 18:04:25+00:00,330.0,51.46,55.2,58.55,0.0,0.0,8.0,0,0.25354750366210943,True,REGULAR,USD,Put,2026-04-17,108
884,AAPL260417P00340000,2025-12-04 14:37:42+00:00,340.0,57.0,65.2,68.55,0.0,0.0,10.0,0,0.2821727056884765,True,REGULAR,USD,Put,2026-04-17,108
885,AAPL260417P00350000,2025-12-18 20:49:26+00:00,350.0,76.33,75.2,78.55,0.0,0.0,,1,0.3092110095214844,True,REGULAR,USD,Put,2026-04-17,108
886,AAPL260417P00360000,2025-12-18 20:49:26+00:00,360.0,86.35,85.2,88.55,0.0,0.0,1.0,0,0.334967587890625,True,REGULAR,USD,Put,2026-04-17,108
887,AAPL260417P00440000,2025-11-11 20:55:14+00:00,440.0,166.6,165.2,168.55,0.0,0.0,,0,0.5063525927734375,True,REGULAR,USD,Put,2026-04-17,108
888,AAPL260417P00450000,2025-11-11 20:55:14+00:00,450.0,176.58,175.2,178.55,0.0,0.0,1.0,0,0.5245408874511719,True,REGULAR,USD,Put,2026-04-17,108
889,AAPL260515C00005000,2025-12-11 20:00:58+00:00,5.0,272.85,266.3,270.0,0.0,0.0,2.0,12,2.5312536718749996,True,REGULAR,USD,Call,2026-05-15,136
890,AAPL260515C00010000,2025-11-24 14:38:04+00:00,10.0,265.39,261.25,265.0,0.0,0.0,2.0,2,1.9453127734375002,True,REGULAR,USD,Call,2026-05-15,136
891,AAPL260515C00015000,2025-12-22 15:04:53+00:00,15.0,257.64,256.3,260.05,0.0,0.0,2.0,4,1.8281258593749998,True,REGULAR,USD,Call,2026-05-15,136
892,AAPL260515C00020000,2025-12-29 17:54:12+00:00,20.0,253.29,251.35,255.1,0.0,0.0,2.0,0,1.71484517578125,True,REGULAR,USD,Call,2026-05-15,136
893,AAPL260515C00030000,2025-12-29 17:54:12+00:00,30.0,243.47,241.5,245.25,0.0,0.0,2.0,3,1.5703146484375,True,REGULAR,USD,Call,2026-05-15,136
894,AAPL260515C00035000,2025-12-22 15:04:53+00:00,35.0,237.86,236.6,240.35,0.0,0.0,2.0,4,1.5166039794921873,True,REGULAR,USD,Call,2026-05-15,136
895,AAPL260515C00040000,2025-12-03 14:50:23+00:00,40.0,248.0,231.7,235.4,0.0,0.0,,1,1.451174619140625,True,REGULAR,USD,Call,2026-05-15,136
896,AAPL260515C00050000,2025-12-30 15:10:42+00:00,50.0,223.57,221.85,225.55,0.51000977,0.22864242,2.0,4,1.334964262695312,True,REGULAR,USD,Call,2026-05-15,136
897,AAPL260515C00060000,2025-12-30 15:10:42+00:00,60.0,213.75,212.0,215.7,3.149994,1.4957236,2.0,24,1.2338905493164063,True,REGULAR,USD,Call,2026-05-15,136
898,AAPL260515C00070000,2025-10-13 15:27:40+00:00,70.0,179.25,201.95,205.65,0.0,0.0,,1,1.1001021557617188,True,REGULAR,USD,Call,2026-05-15,136
899,AAPL260515C00080000,2025-12-23 14:33:10+00:00,80.0,190.93,192.3,196.0,0.0,0.0,4.0,1,1.0639695239257816,True,REGULAR,USD,Call,2026-05-15,136
900,AAPL260515C00085000,2025-12-22 15:02:19+00:00,85.0,188.62,187.3,191.05,0.0,0.0,2.0,2,1.0183154553222655,True,REGULAR,USD,Call,2026-05-15,136
901,AAPL260515C00090000,2025-12-23 14:55:32+00:00,90.0,183.1,182.45,186.15,0.0,0.0,2.0,34,0.99023447265625,True,REGULAR,USD,Call,2026-05-15,136
902,AAPL260515C00095000,2025-11-21 16:50:26+00:00,95.0,177.32,177.5,181.2,0.0,0.0,1.0,2,0.9521489160156249,True,REGULAR,USD,Call,2026-05-15,136
903,AAPL260515C00100000,2025-12-23 15:27:52+00:00,100.0,172.28,172.6,176.25,0.0,0.0,2.0,9,0.9191902612304688,True,REGULAR,USD,Call,2026-05-15,136
904,AAPL260515C00105000,2025-12-23 14:55:32+00:00,105.0,168.4,167.65,171.3,0.0,0.0,2.0,3,0.8840343627929688,True,REGULAR,USD,Call,2026-05-15,136
905,AAPL260515C00110000,2025-12-24 14:58:15+00:00,110.0,165.75,162.75,166.4,0.0,0.0,2.0,2,0.8559584716796875,True,REGULAR,USD,Call,2026-05-15,136
906,AAPL260515C00115000,2025-12-23 15:27:52+00:00,115.0,157.61,157.8,161.5,0.0,0.0,2.0,2,0.825929475097656,True,REGULAR,USD,Call,2026-05-15,136
907,AAPL260515C00120000,2025-12-30 20:52:34+00:00,120.0,154.72,153.4,156.0,-1.3199921,-0.8459319,3.0,33,0.7943135803222656,True,REGULAR,USD,Call,2026-05-15,136
908,AAPL260515C00125000,2025-12-26 15:34:00+00:00,125.0,151.61,148.0,151.65,0.0,0.0,2.0,103,0.770510107421875,True,REGULAR,USD,Call,2026-05-15,136
909,AAPL260515C00130000,2025-12-26 15:34:00+00:00,130.0,146.67,143.05,146.7,0.0,0.0,2.0,141,0.7406031799316406,True,REGULAR,USD,Call,2026-05-15,136
910,AAPL260515C00135000,2025-12-26 20:15:53+00:00,135.0,141.12,138.15,141.85,0.0,0.0,4.0,11,0.7175321215820312,True,REGULAR,USD,Call,2026-05-15,136
911,AAPL260515C00140000,2025-12-30 19:40:35+00:00,140.0,135.31,133.25,136.9,-1.0,-0.7336219,2.0,90,0.6909210595703126,True,REGULAR,USD,Call,2026-05-15,136
912,AAPL260515C00145000,2025-12-26 20:15:53+00:00,145.0,131.4,128.35,132.0,0.0,0.0,4.0,24,0.6665072412109377,True,REGULAR,USD,Call,2026-05-15,136
913,AAPL260515C00150000,2025-12-30 19:40:35+00:00,150.0,125.41,123.45,127.1,-1.2899933,-1.0181478,2.0,166,0.6425816992187501,True,REGULAR,USD,Call,2026-05-15,136
914,AAPL260515C00155000,2025-12-24 14:58:15+00:00,155.0,121.58,118.55,121.65,0.0,0.0,2.0,501,0.6013223461914063,True,REGULAR,USD,Call,2026-05-15,136
915,AAPL260515C00160000,2025-12-30 15:10:42+00:00,160.0,115.57,114.2,116.7,-0.66999817,-0.5763921,2.0,86,0.5941202697753907,True,REGULAR,USD,Call,2026-05-15,136
916,AAPL260515C00165000,2025-12-26 20:15:53+00:00,165.0,111.8,109.45,111.9,0.0,0.0,8.0,736,0.5778850805664062,True,REGULAR,USD,Call,2026-05-15,136
917,AAPL260515C00170000,2025-12-30 15:10:42+00:00,170.0,105.81,104.5,107.05,-0.15000153,-0.1415643,2.0,19,0.5546919531250001,True,REGULAR,USD,Call,2026-05-15,136
918,AAPL260515C00175000,2025-12-30 19:40:35+00:00,175.0,100.93,99.05,102.7,-1.199997,-1.1749701,2.0,35,0.5318650329589845,True,REGULAR,USD,Call,2026-05-15,136
919,AAPL260515C00180000,2025-11-24 14:36:56+00:00,180.0,100.25,94.3,97.4,0.0,0.0,1.0,55,0.5034229345703125,True,REGULAR,USD,Call,2026-05-15,136
920,AAPL260515C00185000,2025-12-30 19:40:35+00:00,185.0,91.09,89.95,92.45,0.5699997,0.62969476,2.0,116,0.5412033184814455,True,REGULAR,USD,Call,2026-05-15,136
921,AAPL260515C00190000,2025-12-15 19:01:54+00:00,190.0,88.05,84.65,88.3,0.0,0.0,2.0,39,0.5417526293945314,True,REGULAR,USD,Call,2026-05-15,136
922,AAPL260515C00195000,2025-12-02 15:11:34+00:00,195.0,94.44,80.0,83.15,0.0,0.0,1.0,196,0.5079394909667969,True,REGULAR,USD,Call,2026-05-15,136
923,AAPL260515C00200000,2025-12-30 20:51:04+00:00,200.0,75.45,76.0,77.9,-0.6100006,-0.8019993,6.0,370,0.47186807434082034,True,REGULAR,USD,Call,2026-05-15,136
924,AAPL260515C00205000,2025-12-30 18:27:27+00:00,205.0,71.83,70.95,73.35,-0.9700012,-1.3324192,7.0,2,0.4577690942382813,True,REGULAR,USD,Call,2026-05-15,136
925,AAPL260515C00210000,2025-12-22 14:49:26+00:00,210.0,67.5,67.1,68.05,0.0,0.0,38.0,1132,0.42163664306640625,True,REGULAR,USD,Call,2026-05-15,136
926,AAPL260515C00215000,2025-12-30 19:52:25+00:00,215.0,63.02,62.55,63.25,-0.47999954,-0.7559048,1.0,40,0.4002135174560547,True,REGULAR,USD,Call,2026-05-15,136
927,AAPL260515C00220000,2025-12-30 19:19:24+00:00,220.0,58.68,58.1,58.7,-0.40999985,-0.6938566,2.0,1054,0.38507695007324216,True,REGULAR,USD,Call,2026-05-15,136
928,AAPL260515C00225000,2025-12-26 15:45:35+00:00,225.0,55.35,53.55,54.2,0.0,0.0,8.0,41,0.370123486328125,True,REGULAR,USD,Call,2026-05-15,136
929,AAPL260515C00230000,2025-12-30 20:34:37+00:00,230.0,49.54,49.25,49.65,-0.7099991,-1.4129335,42.0,1100,0.35300329620361326,True,REGULAR,USD,Call,2026-05-15,136
930,AAPL260515C00235000,2025-12-29 18:16:47+00:00,235.0,45.65,44.85,45.5,0.0,0.0,20.0,61,0.34339035522460937,True,REGULAR,USD,Call,2026-05-15,136
931,AAPL260515C00240000,2025-12-30 20:52:21+00:00,240.0,41.05,40.75,41.1,-0.54999924,-1.3221136,35.0,5164,0.32691102783203124,True,REGULAR,USD,Call,2026-05-15,136
932,AAPL260515C00245000,2025-12-30 19:20:45+00:00,245.0,37.34,36.75,37.25,-1.3699989,-3.5391345,10.0,45,0.31940377868652337,True,REGULAR,USD,Call,2026-05-15,136
933,AAPL260515C00250000,2025-12-30 20:17:48+00:00,250.0,33.0,32.9,33.2,-0.84000015,-2.48227,12.0,3071,0.3060372131347656,True,REGULAR,USD,Call,2026-05-15,136
934,AAPL260515C00255000,2025-12-30 19:50:57+00:00,255.0,29.43,29.25,29.45,-0.6100006,-2.0306277,2.0,142,0.2957834094238281,True,REGULAR,USD,Call,2026-05-15,136
935,AAPL260515C00260000,2025-12-30 19:25:38+00:00,260.0,25.87,25.75,25.9,-0.7599983,-2.8539178,43.0,2957,0.2863840893554687,True,REGULAR,USD,Call,2026-05-15,136
936,AAPL260515C00265000,2025-12-29 15:54:45+00:00,265.0,22.98,22.45,22.65,0.0,0.0,1.0,131,0.27899890930175775,True,REGULAR,USD,Call,2026-05-15,136
937,AAPL260515C00270000,2025-12-30 20:26:36+00:00,270.0,19.59,19.4,19.55,-0.44000053,-2.1967075,110.0,3189,0.2709728665161133,True,REGULAR,USD,Call,2026-05-15,136
938,AAPL260515C00275000,2025-12-30 19:20:45+00:00,275.0,16.93,16.6,16.75,-0.26000023,-1.5125085,36.0,494,0.26438113555908205,False,REGULAR,USD,Call,2026-05-15,136
939,AAPL260515C00280000,2025-12-30 20:05:12+00:00,280.0,14.2,14.05,14.2,-0.40000057,-2.73973,138.0,2640,0.2582776809692383,False,REGULAR,USD,Call,2026-05-15,136
940,AAPL260515C00285000,2025-12-30 19:07:29+00:00,285.0,11.9,11.8,11.9,-0.45000076,-3.6437309,17.0,238,0.2525404336547852,False,REGULAR,USD,Call,2026-05-15,136
941,AAPL260515C00290000,2025-12-30 20:56:38+00:00,290.0,9.9,9.8,9.9,-0.35000038,-3.4146378,12.0,3430,0.24790180816650392,False,REGULAR,USD,Call,2026-05-15,136
942,AAPL260515C00295000,2025-12-30 20:28:28+00:00,295.0,8.15,8.05,8.2,-0.4100008,-4.7897286,55.0,320,0.24451439086914065,False,REGULAR,USD,Call,2026-05-15,136
943,AAPL260515C00300000,2025-12-30 20:09:24+00:00,300.0,6.72,6.55,6.7,-0.2800002,-4.000003,166.0,8922,0.24091335266113278,False,REGULAR,USD,Call,2026-05-15,136
944,AAPL260515C00305000,2025-12-30 20:38:43+00:00,305.0,5.38,5.3,5.45,-0.25999975,-4.609925,217.0,181,0.23825834991455075,False,REGULAR,USD,Call,2026-05-15,136
945,AAPL260515C00310000,2025-12-30 19:37:48+00:00,310.0,4.4,4.3,4.4,-0.19999981,-4.347822,47.0,4604,0.23596955444335935,False,REGULAR,USD,Call,2026-05-15,136
946,AAPL260515C00315000,2025-12-30 15:59:53+00:00,315.0,3.5,3.45,3.55,-0.20000005,-5.4054065,15.0,362,0.2345657598876953,False,REGULAR,USD,Call,2026-05-15,136
947,AAPL260515C00320000,2025-12-30 19:43:14+00:00,320.0,2.83,2.77,2.82,-0.17000008,-5.6666694,7.0,9095,0.2327347235107422,False,REGULAR,USD,Call,2026-05-15,136
948,AAPL260515C00325000,2025-12-30 20:01:50+00:00,325.0,2.23,2.2,2.25,-0.109999895,-4.7008505,17.0,268,0.2318192053222656,False,REGULAR,USD,Call,2026-05-15,136
949,AAPL260515C00330000,2025-12-30 19:18:54+00:00,330.0,1.8,1.75,1.8,-0.13,-6.7357516,19.0,1939,0.23157506713867188,False,REGULAR,USD,Call,2026-05-15,136
950,AAPL260515C00335000,2025-12-26 20:45:21+00:00,335.0,1.63,1.39,1.44,0.0,0.0,9.0,29,0.23169713623046873,False,REGULAR,USD,Call,2026-05-15,136
951,AAPL260515C00340000,2025-12-30 17:24:13+00:00,340.0,1.11,1.1,1.15,-0.09000003,-7.500003,23.0,1321,0.23194127441406248,False,REGULAR,USD,Call,2026-05-15,136
952,AAPL260515C00345000,2025-12-29 19:00:31+00:00,345.0,0.95,0.87,0.92,-0.030000031,-3.0612276,10.0,36,0.23249058532714845,False,REGULAR,USD,Call,2026-05-15,136
953,AAPL260515C00350000,2025-12-29 18:59:35+00:00,350.0,0.77,0.69,0.73,0.0,0.0,63.0,1127,0.23279575805664063,False,REGULAR,USD,Call,2026-05-15,136
954,AAPL260515C00360000,2025-12-30 19:09:23+00:00,360.0,0.47,0.43,0.47,-0.119999975,-20.33898,3.0,615,0.23462679443359374,False,REGULAR,USD,Call,2026-05-15,136
955,AAPL260515C00370000,2025-12-30 15:41:57+00:00,370.0,0.3,0.27,0.3,-0.03999999,-11.764703,1.0,1448,0.23633576171874998,False,REGULAR,USD,Call,2026-05-15,136
956,AAPL260515C00380000,2025-12-24 14:55:53+00:00,380.0,0.24,0.16,0.2,0.0,0.0,1.0,897,0.23975369628906246,False,REGULAR,USD,Call,2026-05-15,136
957,AAPL260515C00390000,2025-12-30 16:58:08+00:00,390.0,0.12,0.1,0.14,-0.009999998,-7.692306,4.0,2095,0.24414818359375,False,REGULAR,USD,Call,2026-05-15,136
958,AAPL260515C00400000,2025-12-29 18:58:47+00:00,400.0,0.09,0.08,0.1,0.0,0.0,14.0,6095,0.249030947265625,False,REGULAR,USD,Call,2026-05-15,136
959,AAPL260515C00410000,2025-12-30 15:17:18+00:00,410.0,0.05,0.03,0.07,0.0,0.0,1.0,367,0.252937158203125,False,REGULAR,USD,Call,2026-05-15,136
960,AAPL260515C00420000,2025-12-19 15:19:04+00:00,420.0,0.05,0.03,0.05,0.0,0.0,4.0,105,0.256843369140625,False,REGULAR,USD,Call,2026-05-15,136
961,AAPL260515C00430000,2025-12-18 14:30:01+00:00,430.0,0.04,0.01,0.24,0.0,0.0,1.0,125,0.3210517114257812,False,REGULAR,USD,Call,2026-05-15,136
962,AAPL260515C00440000,2025-12-17 20:58:03+00:00,440.0,0.05,0.0,0.04,0.0,0.0,1.0,94,0.27539787109374997,False,REGULAR,USD,Call,2026-05-15,136
963,AAPL260515C00450000,2025-12-30 19:53:29+00:00,450.0,0.03,0.0,0.03,0.01,50.0,6.0,1516,0.27930408203124996,False,REGULAR,USD,Call,2026-05-15,136
964,AAPL260515P00005000,2025-11-18 19:48:23+00:00,5.0,0.02,0.0,0.22,0.0,0.0,1.0,3065,2.6718783203125005,False,REGULAR,USD,Put,2026-05-15,136
965,AAPL260515P00010000,2025-10-06 14:51:02+00:00,10.0,0.02,0.0,0.01,0.0,0.0,1.0,1047,1.625001875,False,REGULAR,USD,Put,2026-05-15,136
966,AAPL260515P00015000,2025-11-14 18:51:20+00:00,15.0,0.01,0.0,0.22,0.0,0.0,1.0,3,1.859375703125,False,REGULAR,USD,Put,2026-05-15,136
967,AAPL260515P00020000,2025-11-04 18:07:51+00:00,20.0,0.01,0.0,0.22,0.0,0.0,,1,1.6640641796875002,False,REGULAR,USD,Put,2026-05-15,136
968,AAPL260515P00025000,2025-11-14 18:51:20+00:00,25.0,0.01,0.0,0.22,0.0,0.0,1.0,2,1.5136743066406249,False,REGULAR,USD,Put,2026-05-15,136
969,AAPL260515P00030000,2025-12-17 18:49:34+00:00,30.0,0.01,0.0,0.22,0.0,0.0,1.0,51,1.39453427734375,False,REGULAR,USD,Put,2026-05-15,136
970,AAPL260515P00035000,2025-11-11 18:56:25+00:00,35.0,0.01,0.0,0.22,0.0,0.0,1.0,66,1.2949254003906248,False,REGULAR,USD,Put,2026-05-15,136
971,AAPL260515P00040000,2025-12-17 18:49:33+00:00,40.0,0.01,0.0,0.22,0.0,0.0,1.0,145,1.2109414453124998,False,REGULAR,USD,Put,2026-05-15,136
972,AAPL260515P00045000,2025-11-20 17:55:31+00:00,45.0,0.02,0.0,0.22,0.0,0.0,1.0,47,1.1347699511718752,False,REGULAR,USD,Put,2026-05-15,136
973,AAPL260515P00050000,2025-12-30 17:51:18+00:00,50.0,0.01,0.0,0.22,0.0,0.0,43.0,969,1.0703171484375003,False,REGULAR,USD,Put,2026-05-15,136
974,AAPL260515P00060000,2025-12-17 18:49:33+00:00,60.0,0.01,0.0,0.22,0.0,0.0,1.0,110,0.95507857421875,False,REGULAR,USD,Put,2026-05-15,136
975,AAPL260515P00070000,2025-12-15 20:26:50+00:00,70.0,0.02,0.0,0.23,0.0,0.0,35.0,76,0.8652357226562499,False,REGULAR,USD,Put,2026-05-15,136
976,AAPL260515P00080000,2025-10-31 16:11:08+00:00,80.0,0.03,0.0,0.12,0.0,0.0,98.0,13,0.7304714453125,False,REGULAR,USD,Put,2026-05-15,136
977,AAPL260515P00085000,2025-09-17 15:51:48+00:00,85.0,0.11,0.07,0.16,0.0,0.0,20.0,22,0.7460962890625,False,REGULAR,USD,Put,2026-05-15,136
978,AAPL260515P00090000,2025-11-21 16:45:43+00:00,90.0,0.1,0.0,0.24,0.0,0.0,1.0,6,0.7138700488281251,False,REGULAR,USD,Put,2026-05-15,136
979,AAPL260515P00095000,2025-10-28 13:37:02+00:00,95.0,0.1,0.01,0.27,0.0,0.0,3.0,15,0.69336244140625,False,REGULAR,USD,Put,2026-05-15,136
980,AAPL260515P00100000,2025-12-24 17:07:33+00:00,100.0,0.02,0.0,0.25,0.0,0.0,1.0,136,0.6523472265625001,False,REGULAR,USD,Put,2026-05-15,136
981,AAPL260515P00105000,2025-12-23 14:30:00+00:00,105.0,0.05,0.0,0.25,0.0,0.0,2.0,32,0.62305064453125,False,REGULAR,USD,Put,2026-05-15,136
982,AAPL260515P00110000,2025-12-26 14:30:01+00:00,110.0,0.05,0.0,0.26,0.0,0.0,3.0,74,0.596683720703125,False,REGULAR,USD,Put,2026-05-15,136
983,AAPL260515P00115000,2025-12-17 14:30:04+00:00,115.0,0.09,0.0,0.27,0.0,0.0,4.0,24,0.5712933496093751,False,REGULAR,USD,Put,2026-05-15,136
984,AAPL260515P00120000,2025-12-30 16:15:22+00:00,120.0,0.06,0.05,0.28,-0.040000003,-40.000004,10.0,92,0.5585981640625001,False,REGULAR,USD,Put,2026-05-15,136
985,AAPL260515P00125000,2025-12-23 14:30:00+00:00,125.0,0.1,0.01,0.29,0.0,0.0,6.0,31,0.526371923828125,False,REGULAR,USD,Put,2026-05-15,136
986,AAPL260515P00130000,2025-11-25 14:34:26+00:00,130.0,0.25,0.07,0.11,0.0,0.0,1.0,665,0.48438015625,False,REGULAR,USD,Put,2026-05-15,136
987,AAPL260515P00135000,2025-12-24 14:32:07+00:00,135.0,0.12,0.09,0.13,0.0,0.0,6.0,104,0.47022014160156256,False,REGULAR,USD,Put,2026-05-15,136
988,AAPL260515P00140000,2025-12-17 19:12:09+00:00,140.0,0.22,0.11,0.15,0.0,0.0,2.0,89,0.4555718505859375,False,REGULAR,USD,Put,2026-05-15,136
989,AAPL260515P00145000,2025-12-30 15:10:27+00:00,145.0,0.16,0.13,0.17,0.0,0.0,3.0,134,0.44043528320312497,False,REGULAR,USD,Put,2026-05-15,136
990,AAPL260515P00150000,2025-12-30 14:42:40+00:00,150.0,0.18,0.16,0.2,-0.00999999,-5.263153,1.0,1577,0.42774009765625004,False,REGULAR,USD,Put,2026-05-15,136
991,AAPL260515P00155000,2025-12-26 15:03:29+00:00,155.0,0.22,0.2,0.23,0.0,0.0,1.0,634,0.414068359375,False,REGULAR,USD,Put,2026-05-15,136
992,AAPL260515P00160000,2025-12-26 15:46:11+00:00,160.0,0.26,0.23,0.28,0.0,0.0,3.0,254,0.40381455566406255,False,REGULAR,USD,Put,2026-05-15,136
993,AAPL260515P00165000,2025-12-24 15:28:44+00:00,165.0,0.32,0.29,0.33,0.0,0.0,2.0,417,0.3920959228515625,False,REGULAR,USD,Put,2026-05-15,136
994,AAPL260515P00170000,2025-12-26 15:12:04+00:00,170.0,0.37,0.35,0.39,0.0,0.0,22.0,668,0.38086556640624997,False,REGULAR,USD,Put,2026-05-15,136
995,AAPL260515P00175000,2025-12-26 15:14:34+00:00,175.0,0.44,0.42,0.46,0.0,0.0,1.0,1011,0.3698793481445312,False,REGULAR,USD,Put,2026-05-15,136
996,AAPL260515P00180000,2025-12-29 17:11:55+00:00,180.0,0.54,0.51,0.56,0.0,0.0,1.0,2635,0.36084623535156246,False,REGULAR,USD,Put,2026-05-15,136
997,AAPL260515P00185000,2025-12-29 14:46:05+00:00,185.0,0.65,0.61,0.66,0.0,0.0,1.0,406,0.3502262243652343,False,REGULAR,USD,Put,2026-05-15,136
998,AAPL260515P00190000,2025-12-30 20:54:07+00:00,190.0,0.75,0.74,0.78,0.0,0.0,7.0,2220,0.3399724206542969,False,REGULAR,USD,Put,2026-05-15,136
999,AAPL260515P00195000,2025-12-29 17:06:41+00:00,195.0,0.93,0.9,0.94,0.0,0.0,3.0,943,0.3311834460449219,False,REGULAR,USD,Put,2026-05-15,136
1000,AAPL260515P00200000,2025-12-30 15:01:57+00:00,200.0,1.11,1.08,1.13,0.0,0.0,1.0,1649,0.3225165405273437,False,REGULAR,USD,Put,2026-05-15,136
1001,AAPL260515P00205000,2025-12-24 17:27:39+00:00,205.0,1.3,1.3,1.35,0.0,0.0,4.0,12,0.3136054968261719,False,REGULAR,USD,Put,2026-05-15,136
1002,AAPL260515P00210000,2025-12-30 17:30:50+00:00,210.0,1.63,1.57,1.62,0.029999971,1.8749982,54.0,5056,0.30524376403808595,False,REGULAR,USD,Put,2026-05-15,136
1003,AAPL260515P00215000,2025-12-30 17:01:34+00:00,215.0,1.98,1.89,1.94,0.0,0.0,10.0,257,0.29694306579589835,False,REGULAR,USD,Put,2026-05-15,136
1004,AAPL260515P00220000,2025-12-29 18:47:22+00:00,220.0,2.33,2.27,2.32,0.049999952,2.1929803,2.0,2307,0.28882547119140617,False,REGULAR,USD,Put,2026-05-15,136
1005,AAPL260515P00225000,2025-12-30 17:10:07+00:00,225.0,2.83,2.72,2.77,0.029999971,1.0714276,7.0,2409,0.280707876586914,False,REGULAR,USD,Put,2026-05-15,136
1006,AAPL260515P00230000,2025-12-30 16:37:51+00:00,230.0,3.35,3.25,3.35,0.0,0.0,11.0,4780,0.27411614562988285,False,REGULAR,USD,Put,2026-05-15,136
1007,AAPL260515P00235000,2025-12-30 19:57:15+00:00,235.0,3.9,3.9,4.0,-0.049999952,-1.2658216,31.0,394,0.266608896484375,False,REGULAR,USD,Put,2026-05-15,136
1008,AAPL260515P00240000,2025-12-30 19:35:40+00:00,240.0,4.65,4.65,4.75,-0.069999695,-1.4830445,44.0,6371,0.25888802642822273,False,REGULAR,USD,Put,2026-05-15,136
1009,AAPL260515P00245000,2025-12-30 20:13:20+00:00,245.0,5.52,5.55,5.65,-0.03999996,-0.7194238,13.0,387,0.25165543273925783,False,REGULAR,USD,Put,2026-05-15,136
1010,AAPL260515P00250000,2025-12-30 20:43:01+00:00,250.0,6.65,6.65,6.75,0.03000021,0.4531754,120.0,7566,0.24539939178466796,False,REGULAR,USD,Put,2026-05-15,136
1011,AAPL260515P00255000,2025-12-30 19:03:47+00:00,255.0,7.85,7.85,8.0,0.0,0.0,21.0,498,0.2386550744628906,False,REGULAR,USD,Put,2026-05-15,136
1012,AAPL260515P00260000,2025-12-30 20:13:20+00:00,260.0,9.3,9.3,9.45,-0.25,-2.617801,26.0,7437,0.23203282623291016,False,REGULAR,USD,Put,2026-05-15,136
1013,AAPL260515P00265000,2025-12-30 18:37:04+00:00,265.0,10.98,10.95,11.1,0.069999695,0.6416104,22.0,396,0.22519695709228515,False,REGULAR,USD,Put,2026-05-15,136
1014,AAPL260515P00270000,2025-12-30 18:19:20+00:00,270.0,12.9,12.85,13.0,0.14999962,1.1764675,26.0,2737,0.21854419158935545,False,REGULAR,USD,Put,2026-05-15,136
1015,AAPL260515P00275000,2025-12-30 16:04:47+00:00,275.0,15.1,15.05,15.2,0.25,1.6835016,1.0,129,0.21253228881835937,True,REGULAR,USD,Put,2026-05-15,136
1016,AAPL260515P00280000,2025-12-30 18:20:05+00:00,280.0,17.55,17.5,17.65,0.099998474,0.5730571,2.0,10425,0.20615417877197262,True,REGULAR,USD,Put,2026-05-15,136
1017,AAPL260515P00285000,2025-12-30 18:51:59+00:00,285.0,20.19,20.2,20.4,0.52000046,2.6436222,3.0,45,0.19992865509033203,True,REGULAR,USD,Put,2026-05-15,136
1018,AAPL260515P00290000,2025-12-30 18:51:59+00:00,290.0,23.19,23.25,23.45,0.20000076,0.8699468,3.0,765,0.19379468322753907,True,REGULAR,USD,Put,2026-05-15,136
1019,AAPL260515P00295000,2025-12-26 16:41:51+00:00,295.0,25.77,26.6,26.8,0.0,0.0,2.0,118,0.1876912286376953,True,REGULAR,USD,Put,2026-05-15,136
1020,AAPL260515P00300000,2025-12-30 18:18:13+00:00,300.0,30.2,30.2,31.3,0.3200016,1.0709559,10.0,451,0.1986469296264648,True,REGULAR,USD,Put,2026-05-15,136
1021,AAPL260515P00305000,2025-12-18 14:31:17+00:00,305.0,35.56,34.05,34.3,0.0,0.0,,15,0.174111042175293,True,REGULAR,USD,Put,2026-05-15,136
1022,AAPL260515P00310000,2025-12-30 17:34:12+00:00,310.0,38.5,38.1,38.65,-0.8100014,-2.0605478,1.0,195,0.1729819030761719,True,REGULAR,USD,Put,2026-05-15,136
1023,AAPL260515P00315000,2025-12-30 17:20:36+00:00,315.0,43.0,42.4,42.8,1.9000015,4.6228747,1.0,114,0.15845568115234376,True,REGULAR,USD,Put,2026-05-15,136
1024,AAPL260515P00320000,2025-12-29 18:28:59+00:00,320.0,46.66,46.95,47.6,0.0,0.0,2.0,192,0.1623008575439453,True,REGULAR,USD,Put,2026-05-15,136
1025,AAPL260515P00325000,2025-12-16 17:03:59+00:00,325.0,51.0,50.35,53.4,0.0,0.0,,12,0.20777159423828123,True,REGULAR,USD,Put,2026-05-15,136
1026,AAPL260515P00330000,2025-12-17 19:22:04+00:00,330.0,56.31,55.6,58.5,0.0,0.0,2.0,101,0.22449505981445309,True,REGULAR,USD,Put,2026-05-15,136
1027,AAPL260515P00340000,2025-12-12 18:16:36+00:00,340.0,61.0,65.25,68.5,0.0,0.0,8.0,0,0.24988543090820312,True,REGULAR,USD,Put,2026-05-15,136
1028,AAPL260515P00350000,2025-12-03 20:14:34+00:00,350.0,65.46,75.25,78.5,0.0,0.0,3.0,2,0.2739330419921875,True,REGULAR,USD,Put,2026-05-15,136
1029,AAPL260515P00390000,2025-10-09 19:51:15+00:00,390.0,136.95,115.85,119.45,0.0,0.0,,0,0.3985045501708985,True,REGULAR,USD,Put,2026-05-15,136
1030,AAPL260515P00400000,2025-10-10 18:57:36+00:00,400.0,153.0,125.85,129.45,0.0,0.0,1.0,0,0.418951123046875,True,REGULAR,USD,Put,2026-05-15,136
1031,AAPL260618C00005000,2025-11-07 20:25:47+00:00,5.0,262.55,266.3,270.0,0.0,0.0,50.0,0,2.2656293359374997,True,REGULAR,USD,Call,2026-06-18,170
1032,AAPL260618C00010000,2025-04-08 19:37:30+00:00,10.0,160.95,187.15,189.95,0.0,0.0,1.0,0,1.0000000000000003e-05,True,REGULAR,USD,Call,2026-06-18,170
1033,AAPL260618C00015000,2025-07-07 17:42:08+00:00,15.0,195.15,211.25,214.55,0.0,0.0,6.0,4,1.0000000000000003e-05,True,REGULAR,USD,Call,2026-06-18,170
1034,AAPL260618C00020000,2025-05-09 17:16:45+00:00,20.0,178.5,183.05,186.3,0.0,0.0,1.0,7,1.0000000000000003e-05,True,REGULAR,USD,Call,2026-06-18,170
1035,AAPL260618C00025000,2025-07-30 17:49:42+00:00,25.0,185.35,205.8,209.05,0.0,0.0,2.0,3221,1.0000000000000003e-05,True,REGULAR,USD,Call,2026-06-18,170
1036,AAPL260618C00030000,2025-09-10 16:06:51+00:00,30.0,198.12,213.85,217.65,0.0,0.0,1.0,4,1.0000000000000003e-05,True,REGULAR,USD,Call,2026-06-18,170
1037,AAPL260618C00035000,2025-11-04 17:28:21+00:00,35.0,235.42,236.5,240.3,0.0,0.0,3.0,3,1.3183627832031248,True,REGULAR,USD,Call,2026-06-18,170
1038,AAPL260618C00040000,2025-05-23 17:03:31+00:00,40.0,157.25,160.25,164.05,0.0,0.0,1.0,1,1.0000000000000003e-05,True,REGULAR,USD,Call,2026-06-18,170
1039,AAPL260618C00045000,2025-10-09 18:50:10+00:00,45.0,209.45,226.6,230.1,0.0,0.0,1.0,3,1.12891060546875,True,REGULAR,USD,Call,2026-06-18,170
1040,AAPL260618C00050000,2025-12-29 14:57:49+00:00,50.0,224.13,221.85,225.5,0.0,0.0,2.0,638,1.1875040625,True,REGULAR,USD,Call,2026-06-18,170
1041,AAPL260618C00055000,2025-12-17 19:52:06+00:00,55.0,220.08,216.8,220.65,0.0,0.0,10.0,152,1.1347699511718752,True,REGULAR,USD,Call,2026-06-18,170
1042,AAPL260618C00060000,2025-11-07 18:26:06+00:00,60.0,209.2,212.05,215.75,0.0,0.0,2.0,142,1.1157270776367185,True,REGULAR,USD,Call,2026-06-18,170
1043,AAPL260618C00065000,2025-11-05 15:54:45+00:00,65.0,205.2,207.15,210.85,0.0,0.0,48.0,52,1.0783737487792968,True,REGULAR,USD,Call,2026-06-18,170
1044,AAPL260618C00070000,2025-11-05 15:55:14+00:00,70.0,200.54,202.1,205.95,0.0,0.0,109.0,431,1.0290575891113285,True,REGULAR,USD,Call,2026-06-18,170
1045,AAPL260618C00075000,2025-11-07 19:55:37+00:00,75.0,194.37,197.2,201.05,0.0,0.0,5.0,306,0.9958496508789063,True,REGULAR,USD,Call,2026-06-18,170
1046,AAPL260618C00080000,2025-11-07 19:58:13+00:00,80.0,189.2,192.3,196.15,0.0,0.0,10.0,306,0.9636234106445312,True,REGULAR,USD,Call,2026-06-18,170
1047,AAPL260618C00085000,2025-11-10 19:12:45+00:00,85.0,186.37,187.4,191.2,0.0,0.0,1.0,140,0.9289557885742188,True,REGULAR,USD,Call,2026-06-18,170
1048,AAPL260618C00090000,2025-12-26 14:50:38+00:00,90.0,186.48,183.0,185.85,0.0,0.0,5.0,1721,0.9021005883789062,True,REGULAR,USD,Call,2026-06-18,170
1049,AAPL260618C00095000,2025-12-30 20:49:37+00:00,95.0,179.77,177.7,181.4,-6.080002,-3.2714562,2.0,311,0.8757336645507812,True,REGULAR,USD,Call,2026-06-18,170
1050,AAPL260618C00100000,2025-12-24 15:32:28+00:00,100.0,175.8,173.8,175.55,0.0,0.0,1.0,2250,0.84961087890625,True,REGULAR,USD,Call,2026-06-18,170
1051,AAPL260618C00105000,2025-11-25 19:37:39+00:00,105.0,175.55,167.9,171.6,0.0,0.0,7.0,189,0.8190936059570311,True,REGULAR,USD,Call,2026-06-18,170
1052,AAPL260618C00110000,2025-11-17 17:02:33+00:00,110.0,161.94,163.05,166.7,0.0,0.0,1.0,232,0.7941915112304687,True,REGULAR,USD,Call,2026-06-18,170
1053,AAPL260618C00115000,2025-12-01 19:48:58+00:00,115.0,169.11,158.15,161.8,0.0,0.0,1.0,228,0.7675804492187501,True,REGULAR,USD,Call,2026-06-18,170
1054,AAPL260618C00120000,2025-12-09 16:26:12+00:00,120.0,159.87,153.1,156.95,0.0,0.0,150.0,466,0.7377955908203124,True,REGULAR,USD,Call,2026-06-18,170
1055,AAPL260618C00125000,2025-12-02 18:40:29+00:00,125.0,164.0,148.35,152.05,0.0,0.0,19.0,156,0.7181424670410157,True,REGULAR,USD,Call,2026-06-18,170
1056,AAPL260618C00130000,2025-12-22 18:25:38+00:00,130.0,143.72,143.45,147.15,0.0,0.0,1.0,199,0.69336244140625,True,REGULAR,USD,Call,2026-06-18,170
1057,AAPL260618C00135000,2025-12-26 17:08:06+00:00,135.0,141.98,138.6,142.25,0.0,0.0,2.0,684,0.6706575903320313,True,REGULAR,USD,Call,2026-06-18,170
1058,AAPL260618C00140000,2025-12-15 20:55:48+00:00,140.0,137.07,133.7,137.4,0.0,0.0,2.0,486,0.6481968774414062,True,REGULAR,USD,Call,2026-06-18,170
1059,AAPL260618C00145000,2025-12-30 17:30:58+00:00,145.0,130.4,128.85,132.55,-1.4400024,-1.0922348,1.0,261,0.6274451318359376,True,REGULAR,USD,Call,2026-06-18,170
1060,AAPL260618C00150000,2025-12-24 15:44:26+00:00,150.0,127.14,124.45,127.1,0.0,0.0,2.0,890,0.6029092443847659,True,REGULAR,USD,Call,2026-06-18,170
1061,AAPL260618C00155000,2025-12-22 20:50:13+00:00,155.0,119.17,119.1,122.8,0.0,0.0,2.0,570,0.5839885351562499,True,REGULAR,USD,Call,2026-06-18,170
1062,AAPL260618C00160000,2025-12-24 15:47:58+00:00,160.0,117.45,115.65,117.4,0.0,0.0,5.0,1113,0.582889913330078,True,REGULAR,USD,Call,2026-06-18,170
1063,AAPL260618C00165000,2025-12-24 16:42:27+00:00,165.0,113.27,109.45,113.15,0.0,0.0,4.0,555,0.5457809094238282,True,REGULAR,USD,Call,2026-06-18,170
1064,AAPL260618C00170000,2025-12-26 20:23:24+00:00,170.0,107.4,105.7,107.3,0.0,0.0,1.0,2023,0.5277146838378908,True,REGULAR,USD,Call,2026-06-18,170
1065,AAPL260618C00175000,2025-12-23 20:43:28+00:00,175.0,100.05,99.8,103.55,0.0,0.0,1.0,441,0.5084888018798828,True,REGULAR,USD,Call,2026-06-18,170
1066,AAPL260618C00180000,2025-12-30 15:32:47+00:00,180.0,96.53,96.0,98.0,-1.8199997,-1.8505335,1.0,1607,0.5287522711181643,True,REGULAR,USD,Call,2026-06-18,170
1067,AAPL260618C00185000,2025-12-30 18:05:48+00:00,185.0,92.0,90.95,93.3,-0.25,-0.2710027,10.0,995,0.5113574255371094,True,REGULAR,USD,Call,2026-06-18,170
1068,AAPL260618C00190000,2025-12-29 19:15:13+00:00,190.0,88.05,86.85,87.95,0.0,0.0,7.0,5077,0.47437049072265625,True,REGULAR,USD,Call,2026-06-18,170
1069,AAPL260618C00195000,2025-12-29 18:12:09+00:00,195.0,83.0,82.2,83.2,0.0,0.0,10.0,2741,0.45606012695312503,True,REGULAR,USD,Call,2026-06-18,170
1070,AAPL260618C00200000,2025-12-30 18:16:04+00:00,200.0,78.1,77.55,78.45,-0.40000153,-0.50955606,52.0,6594,0.43756665954589846,True,REGULAR,USD,Call,2026-06-18,170
1071,AAPL260618C00205000,2025-12-30 16:24:29+00:00,205.0,73.53,73.1,73.6,0.02999878,0.040814664,1.0,4020,0.4162656030273437,True,REGULAR,USD,Call,2026-06-18,170
1072,AAPL260618C00210000,2025-12-30 20:30:09+00:00,210.0,68.9,68.45,69.05,0.05000305,0.07262608,5.0,5404,0.40241076110839846,True,REGULAR,USD,Call,2026-06-18,170
1073,AAPL260618C00215000,2025-12-30 20:16:20+00:00,215.0,64.49,64.05,64.55,-0.33000183,-0.50910497,6.0,3750,0.3888916091918946,True,REGULAR,USD,Call,2026-06-18,170
1074,AAPL260618C00220000,2025-12-30 20:43:41+00:00,220.0,59.94,59.6,60.05,-0.77000046,-1.2683256,53.0,5837,0.3745484909057617,True,REGULAR,USD,Call,2026-06-18,170
1075,AAPL260618C00225000,2025-12-30 20:28:58+00:00,225.0,55.55,55.25,55.7,-0.79999924,-1.419697,11.0,2954,0.3624331335449219,True,REGULAR,USD,Call,2026-06-18,170
1076,AAPL260618C00230000,2025-12-30 20:29:49+00:00,230.0,51.4,50.95,51.35,-0.34999847,-0.67632556,70.0,9428,0.34918863708496095,True,REGULAR,USD,Call,2026-06-18,170
1077,AAPL260618C00235000,2025-12-30 19:29:27+00:00,235.0,47.39,46.8,47.2,-0.29000092,-0.6082234,2.0,6738,0.33847707427978513,True,REGULAR,USD,Call,2026-06-18,170
1078,AAPL260618C00240000,2025-12-30 20:52:17+00:00,240.0,43.05,42.75,43.15,-0.08000183,-0.18548998,34.0,6484,0.32807068420410157,True,REGULAR,USD,Call,2026-06-18,170
1079,AAPL260618C00245000,2025-12-30 20:52:56+00:00,245.0,39.08,38.85,39.2,-0.66999817,-1.68553,8.0,3305,0.3177558459472656,True,REGULAR,USD,Call,2026-06-18,170
1080,AAPL260618C00250000,2025-12-30 20:31:27+00:00,250.0,35.35,35.2,35.35,-0.5,-1.3947002,118.0,18294,0.307349455871582,True,REGULAR,USD,Call,2026-06-18,170
1081,AAPL260618C00255000,2025-12-30 19:08:04+00:00,255.0,31.92,31.55,31.75,-0.32999992,-1.0232556,23.0,3169,0.2988961712646484,True,REGULAR,USD,Call,2026-06-18,170
1082,AAPL260618C00260000,2025-12-30 19:59:12+00:00,260.0,28.3,28.15,28.3,-0.5,-1.7361112,58.0,5975,0.2905954730224609,True,REGULAR,USD,Call,2026-06-18,170
1083,AAPL260618C00265000,2025-12-30 20:00:55+00:00,265.0,25.06,24.9,25.05,-0.63000107,-2.45232,39.0,4760,0.2829661547851562,True,REGULAR,USD,Call,2026-06-18,170
1084,AAPL260618C00270000,2025-12-30 20:36:02+00:00,270.0,21.96,21.85,22.05,-0.6400013,-2.831864,154.0,9929,0.2764354583740234,True,REGULAR,USD,Call,2026-06-18,170
1085,AAPL260618C00275000,2025-12-30 20:28:17+00:00,275.0,19.2,19.05,19.2,-0.44999886,-2.2900705,58.0,3984,0.26950803741455076,False,REGULAR,USD,Call,2026-06-18,170
1086,AAPL260618C00280000,2025-12-30 20:58:38+00:00,280.0,16.55,16.45,16.6,-0.6500015,-3.7790785,203.0,11965,0.263404582824707,False,REGULAR,USD,Call,2026-06-18,170
1087,AAPL260618C00285000,2025-12-30 20:59:26+00:00,285.0,14.25,14.1,14.25,-0.47999954,-3.2586527,1518.0,4712,0.2580335427856446,False,REGULAR,USD,Call,2026-06-18,170
1088,AAPL260618C00290000,2025-12-30 20:54:40+00:00,290.0,12.05,12.0,12.15,-0.47999954,-3.8308024,1600.0,9931,0.25333388275146485,False,REGULAR,USD,Call,2026-06-18,170
1089,AAPL260618C00295000,2025-12-30 20:40:18+00:00,295.0,10.25,10.15,10.3,-0.42000008,-3.9362707,8.0,384,0.2493666372680664,False,REGULAR,USD,Call,2026-06-18,170
1090,AAPL260618C00300000,2025-12-30 20:57:17+00:00,300.0,8.57,8.5,8.65,-0.4300003,-4.777781,363.0,21380,0.24555197814941404,False,REGULAR,USD,Call,2026-06-18,170
1091,AAPL260618C00305000,2025-12-30 18:38:59+00:00,305.0,7.2,7.1,7.25,-0.35000038,-4.6357665,13.0,3694,0.2427138717651367,False,REGULAR,USD,Call,2026-06-18,170
1092,AAPL260618C00310000,2025-12-30 20:53:57+00:00,310.0,6.0,5.9,6.05,-0.19999981,-3.2258034,116.0,9796,0.24039455902099605,False,REGULAR,USD,Call,2026-06-18,170
1093,AAPL260618C00315000,2025-12-30 19:21:56+00:00,315.0,5.05,4.9,5.0,-0.14999962,-2.8846083,58.0,396,0.238014211730957,False,REGULAR,USD,Call,2026-06-18,170
1094,AAPL260618C00320000,2025-12-30 19:48:40+00:00,320.0,4.12,4.0,4.1,-0.1800003,-4.1860533,23.0,11296,0.2357254162597656,False,REGULAR,USD,Call,2026-06-18,170
1095,AAPL260618C00325000,2025-12-29 17:41:01+00:00,325.0,3.34,3.3,3.4,-0.11000013,-3.1884096,1.0,218,0.23499300170898438,False,REGULAR,USD,Call,2026-06-18,170
1096,AAPL260618C00330000,2025-12-30 20:57:17+00:00,330.0,2.77,2.72,2.78,-0.17000008,-5.7823153,115.0,6427,0.23365024169921872,False,REGULAR,USD,Call,2026-06-18,170
1097,AAPL260618C00335000,2025-12-30 15:48:26+00:00,335.0,2.23,2.23,2.29,-0.17000008,-7.0833364,10.0,57,0.2332840344238281,False,REGULAR,USD,Call,2026-06-18,170
1098,AAPL260618C00340000,2025-12-30 19:48:40+00:00,340.0,1.87,1.82,1.88,-0.110000014,-5.5555563,7.0,9597,0.2329178271484375,False,REGULAR,USD,Call,2026-06-18,170
1099,AAPL260618C00345000,2025-12-30 16:33:11+00:00,345.0,1.52,1.49,1.55,-0.060000062,-3.7974722,44.0,94,0.2331009307861328,False,REGULAR,USD,Call,2026-06-18,170
1100,AAPL260618C00350000,2025-12-30 20:52:58+00:00,350.0,1.24,1.22,1.27,-0.110000014,-8.1481495,52.0,2525,0.2331009307861328,False,REGULAR,USD,Call,2026-06-18,170
1101,AAPL260618C00360000,2025-12-30 18:10:39+00:00,360.0,0.86,0.81,0.85,-0.01999998,-2.272725,6.0,2171,0.233406103515625,False,REGULAR,USD,Call,2026-06-18,170
1102,AAPL260618C00370000,2025-12-30 14:59:59+00:00,370.0,0.6,0.54,0.58,-0.01999998,-3.2258034,2.0,727,0.2348709326171875,False,REGULAR,USD,Call,2026-06-18,170
1103,AAPL260618C00380000,2025-12-30 20:54:33+00:00,380.0,0.37,0.35,0.4,-0.09,-19.565218,4.0,434,0.2368240380859375,False,REGULAR,USD,Call,2026-06-18,170
1104,AAPL260618C00390000,2025-12-30 19:39:47+00:00,390.0,0.24,0.25,0.27,-0.030000016,-11.111116,21.0,9882,0.23828886718749998,False,REGULAR,USD,Call,2026-06-18,170
1105,AAPL260618C00400000,2025-12-30 16:17:05+00:00,400.0,0.16,0.16,0.19,-0.040000007,-20.000002,173.0,2215,0.24073024902343748,False,REGULAR,USD,Call,2026-06-18,170
1106,AAPL260618C00410000,2025-12-30 17:58:35+00:00,410.0,0.12,0.1,0.14,-0.020000003,-14.285716,4.0,193,0.24463645996093752,False,REGULAR,USD,Call,2026-06-18,170
1107,AAPL260618C00420000,2025-12-24 16:17:00+00:00,420.0,0.09,0.07,0.1,0.0,0.0,240.0,371,0.247077841796875,False,REGULAR,USD,Call,2026-06-18,170
1108,AAPL260618C00430000,2025-12-23 16:19:58+00:00,430.0,0.06,0.05,0.08,-0.010000002,-14.285716,1.0,2661,0.252937158203125,False,REGULAR,USD,Call,2026-06-18,170
1109,AAPL260618C00440000,2025-12-17 15:53:08+00:00,440.0,0.08,0.04,0.06,0.0,0.0,5.0,25,0.25586681640625003,False,REGULAR,USD,Call,2026-06-18,170
1110,AAPL260618C00450000,2025-12-30 14:42:56+00:00,450.0,0.03,0.01,0.05,-0.01,-25.0,50.0,692,0.2617261328125,False,REGULAR,USD,Call,2026-06-18,170
1111,AAPL260618P00005000,2025-11-14 18:59:38+00:00,5.0,0.01,0.0,0.22,0.0,0.0,1.0,4501,2.394535263671875,False,REGULAR,USD,Put,2026-06-18,170
1112,AAPL260618P00010000,2025-11-14 18:50:19+00:00,10.0,0.01,0.0,0.22,0.0,0.0,1.0,37,1.9218753906250001,False,REGULAR,USD,Put,2026-06-18,170
1113,AAPL260618P00015000,2025-10-30 17:35:05+00:00,15.0,0.01,0.0,0.21,0.0,0.0,1.0,83,1.65625171875,False,REGULAR,USD,Put,2026-06-18,170
1114,AAPL260618P00020000,2025-12-05 15:00:02+00:00,20.0,0.02,0.0,0.22,0.0,0.0,1.0,58,1.4882838085937498,False,REGULAR,USD,Put,2026-06-18,170
1115,AAPL260618P00025000,2025-12-03 19:51:22+00:00,25.0,0.01,0.0,0.22,0.0,0.0,1.0,5760,1.3554719726562499,False,REGULAR,USD,Put,2026-06-18,170
1116,AAPL260618P00030000,2025-12-17 18:48:25+00:00,30.0,0.01,0.0,0.22,0.0,0.0,1.0,453,1.2480506347656248,False,REGULAR,USD,Put,2026-06-18,170
1117,AAPL260618P00035000,2025-12-29 15:17:25+00:00,35.0,0.01,0.0,0.03,0.0,0.0,25.0,1604,0.9609378906249999,False,REGULAR,USD,Put,2026-06-18,170
1118,AAPL260618P00040000,2025-12-22 18:29:22+00:00,40.0,0.01,0.0,0.22,0.0,0.0,100.0,382,1.08203583984375,False,REGULAR,USD,Put,2026-06-18,170
1119,AAPL260618P00045000,2025-11-14 16:43:42+00:00,45.0,0.02,0.0,0.22,0.0,0.0,33.0,2514,1.015629921875,False,REGULAR,USD,Put,2026-06-18,170
1120,AAPL260618P00050000,2025-12-22 19:03:24+00:00,50.0,0.01,0.0,0.23,0.0,0.0,50.0,2773,0.9609378906249999,False,REGULAR,USD,Put,2026-06-18,170
1121,AAPL260618P00055000,2025-10-31 17:09:40+00:00,55.0,0.02,0.0,0.13,0.0,0.0,1.0,1572,0.8554701953125,False,REGULAR,USD,Put,2026-06-18,170
1122,AAPL260618P00060000,2025-10-29 18:25:11+00:00,60.0,0.06,0.0,0.13,0.0,0.0,76.0,87,0.8085956640624999,False,REGULAR,USD,Put,2026-06-18,170
1123,AAPL260618P00065000,2025-12-01 19:38:13+00:00,65.0,0.04,0.0,0.23,0.0,0.0,10.0,95,0.815431533203125,False,REGULAR,USD,Put,2026-06-18,170
1124,AAPL260618P00070000,2025-11-03 15:21:40+00:00,70.0,0.03,0.0,0.23,0.0,0.0,2.0,80,0.7744163183593751,False,REGULAR,USD,Put,2026-06-18,170
1125,AAPL260618P00075000,2025-12-18 14:52:41+00:00,75.0,0.06,0.0,0.24,0.0,0.0,2.0,134,0.7402369726562499,False,REGULAR,USD,Put,2026-06-18,170
1126,AAPL260618P00080000,2025-12-24 17:51:29+00:00,80.0,0.03,0.0,0.24,0.0,0.0,38.0,1030,0.7041045214843751,False,REGULAR,USD,Put,2026-06-18,170
1127,AAPL260618P00085000,2025-12-22 15:46:02+00:00,85.0,0.05,0.0,0.25,0.0,0.0,1.0,887,0.6738313867187502,False,REGULAR,USD,Put,2026-06-18,170
1128,AAPL260618P00090000,2025-12-24 15:05:47+00:00,90.0,0.05,0.01,0.26,0.0,0.0,1.0,656,0.647464462890625,False,REGULAR,USD,Put,2026-06-18,170
1129,AAPL260618P00095000,2025-12-24 14:43:38+00:00,95.0,0.05,0.02,0.26,0.0,0.0,3.0,701,0.6201209863281252,False,REGULAR,USD,Put,2026-06-18,170
1130,AAPL260618P00100000,2025-12-29 17:16:36+00:00,100.0,0.06,0.05,0.27,0.0,0.0,11.0,2122,0.6010782080078126,False,REGULAR,USD,Put,2026-06-18,170
1131,AAPL260618P00105000,2025-12-26 16:15:36+00:00,105.0,0.07,0.04,0.08,0.0,0.0,51.0,1745,0.51562984375,False,REGULAR,USD,Put,2026-06-18,170
1132,AAPL260618P00110000,2025-12-30 15:02:15+00:00,110.0,0.08,0.05,0.1,0.0,0.0,1.0,2170,0.5019581054687501,False,REGULAR,USD,Put,2026-06-18,170
1133,AAPL260618P00115000,2025-12-29 20:39:24+00:00,115.0,0.1,0.07,0.13,0.0,0.0,15.0,2391,0.5097705273437501,False,REGULAR,USD,Put,2026-06-18,170
1134,AAPL260618P00120000,2025-12-29 16:27:23+00:00,120.0,0.11,0.1,0.13,0.0,0.0,32.0,2552,0.48633326171875,False,REGULAR,USD,Put,2026-06-18,170
1135,AAPL260618P00125000,2025-12-29 16:28:18+00:00,125.0,0.13,0.1,0.15,0.0,0.0,2.0,1453,0.471684970703125,False,REGULAR,USD,Put,2026-06-18,170
1136,AAPL260618P00130000,2025-12-29 16:28:18+00:00,130.0,0.15,0.13,0.17,0.0,0.0,2.0,1456,0.45606012695312503,False,REGULAR,USD,Put,2026-06-18,170
1137,AAPL260618P00135000,2025-12-29 16:28:00+00:00,135.0,0.18,0.15,0.2,0.0,0.0,1.0,1440,0.44385321777343745,False,REGULAR,USD,Put,2026-06-18,170
1138,AAPL260618P00140000,2025-12-29 17:29:59+00:00,140.0,0.21,0.18,0.23,0.0,0.0,3.0,3593,0.43066975585937506,False,REGULAR,USD,Put,2026-06-18,170
1139,AAPL260618P00145000,2025-12-29 18:03:51+00:00,145.0,0.24,0.22,0.26,0.0,0.0,2.0,5610,0.4165097412109374,False,REGULAR,USD,Put,2026-06-18,170
1140,AAPL260618P00150000,2025-12-30 19:20:56+00:00,150.0,0.29,0.27,0.31,0.0,0.0,25.0,9802,0.4062559375,False,REGULAR,USD,Put,2026-06-18,170
1141,AAPL260618P00155000,2025-12-29 18:04:37+00:00,155.0,0.33,0.31,0.36,0.0,0.0,2.0,3288,0.39453730468750003,False,REGULAR,USD,Put,2026-06-18,170
1142,AAPL260618P00160000,2025-12-29 18:05:19+00:00,160.0,0.4,0.37,0.42,0.0,0.0,1.0,10793,0.38355108642578123,False,REGULAR,USD,Put,2026-06-18,170
1143,AAPL260618P00165000,2025-12-30 16:59:28+00:00,165.0,0.48,0.45,0.49,0.00999999,2.1276577,48.0,5669,0.37280900634765624,False,REGULAR,USD,Put,2026-06-18,170
1144,AAPL260618P00170000,2025-12-30 20:22:55+00:00,170.0,0.55,0.54,0.58,-0.00999999,-1.7857126,81.0,8390,0.3632876171875,False,REGULAR,USD,Put,2026-06-18,170
1145,AAPL260618P00175000,2025-12-30 16:58:19+00:00,175.0,0.65,0.65,0.69,0.00999999,1.5624986,3.0,5232,0.3544986425781249,False,REGULAR,USD,Put,2026-06-18,170
1146,AAPL260618P00180000,2025-12-30 18:10:58+00:00,180.0,0.78,0.77,0.81,-0.02000004,-2.500005,8.0,10909,0.34497725341796875,False,REGULAR,USD,Put,2026-06-18,170
1147,AAPL260618P00185000,2025-12-29 18:35:56+00:00,185.0,0.94,0.91,0.96,0.0,0.0,11.0,8009,0.3363103479003906,False,REGULAR,USD,Put,2026-06-18,170
1148,AAPL260618P00190000,2025-12-30 16:52:10+00:00,190.0,1.14,1.09,1.12,0.029999971,2.7027001,5.0,10548,0.3267889587402344,False,REGULAR,USD,Put,2026-06-18,170
1149,AAPL260618P00195000,2025-12-30 20:57:48+00:00,195.0,1.33,1.3,1.35,0.00999999,0.757575,6.0,10203,0.3198310205078124,False,REGULAR,USD,Put,2026-06-18,170
1150,AAPL260618P00200000,2025-12-29 18:48:34+00:00,200.0,1.59,1.55,1.6,0.00999999,0.6329108,20.0,9538,0.31201859863281245,False,REGULAR,USD,Put,2026-06-18,170
1151,AAPL260618P00205000,2025-12-30 20:57:26+00:00,205.0,1.87,1.84,1.89,0.03999996,2.1857903,14.0,4494,0.3042061767578125,False,REGULAR,USD,Put,2026-06-18,170
1152,AAPL260618P00210000,2025-12-30 16:23:47+00:00,210.0,2.19,2.18,2.23,-0.049999952,-2.2321408,2.0,7388,0.29645478942871095,False,REGULAR,USD,Put,2026-06-18,170
1153,AAPL260618P00215000,2025-12-30 19:58:38+00:00,215.0,2.6,2.58,2.64,-0.06000018,-2.2556458,130.0,3764,0.2893137475585937,False,REGULAR,USD,Put,2026-06-18,170
1154,AAPL260618P00220000,2025-12-30 18:56:58+00:00,220.0,3.05,3.05,3.15,-0.10000014,-3.1746075,33.0,9197,0.2830882238769531,False,REGULAR,USD,Put,2026-06-18,170
1155,AAPL260618P00225000,2025-12-30 19:32:15+00:00,225.0,3.6,3.6,3.7,-0.10000014,-2.7027066,6.0,2532,0.2758556301879882,False,REGULAR,USD,Put,2026-06-18,170
1156,AAPL260618P00230000,2025-12-30 20:28:59+00:00,230.0,4.25,4.25,4.35,-0.05000019,-1.1627951,5.0,6565,0.268989243774414,False,REGULAR,USD,Put,2026-06-18,170
1157,AAPL260618P00235000,2025-12-30 15:00:49+00:00,235.0,5.0,5.0,5.1,-0.1500001,-2.9126232,19.0,6337,0.2620923400878906,False,REGULAR,USD,Put,2026-06-18,170
1158,AAPL260618P00240000,2025-12-30 17:20:38+00:00,240.0,6.0,5.85,5.95,0.0,0.0,1.0,3724,0.25501233276367197,False,REGULAR,USD,Put,2026-06-18,170
1159,AAPL260618P00245000,2025-12-30 20:29:31+00:00,245.0,6.85,6.85,7.0,-0.099999905,-1.4388475,10.0,5957,0.24927508544921873,False,REGULAR,USD,Put,2026-06-18,170
1160,AAPL260618P00250000,2025-12-30 20:29:31+00:00,250.0,8.04,8.0,8.15,-0.010000229,-0.12422644,164.0,6780,0.24268335449218748,False,REGULAR,USD,Put,2026-06-18,170
1161,AAPL260618P00255000,2025-12-29 20:46:18+00:00,255.0,9.35,9.35,9.5,0.0,0.0,31.0,3282,0.23670196899414062,False,REGULAR,USD,Put,2026-06-18,170
1162,AAPL260618P00260000,2025-12-30 20:00:58+00:00,260.0,10.85,10.85,11.0,-0.29999924,-2.6905763,304.0,3461,0.23026282440185547,False,REGULAR,USD,Put,2026-06-18,170
1163,AAPL260618P00265000,2025-12-30 19:03:31+00:00,265.0,12.55,12.55,12.7,0.05000019,0.40000153,31.0,2736,0.2238847143554687,False,REGULAR,USD,Put,2026-06-18,170
1164,AAPL260618P00270000,2025-12-30 19:28:27+00:00,270.0,14.5,14.5,14.65,0.05000019,0.3460221,113.0,2829,0.2179948806762695,False,REGULAR,USD,Put,2026-06-18,170
1165,AAPL260618P00275000,2025-12-30 20:31:48+00:00,275.0,16.65,16.65,16.8,0.14999962,0.9090886,7.0,3002,0.21170832244873045,True,REGULAR,USD,Put,2026-06-18,170
1166,AAPL260618P00280000,2025-12-30 20:39:33+00:00,280.0,19.02,19.05,19.2,0.11000061,0.58170605,6.0,1607,0.2054827987670898,True,REGULAR,USD,Put,2026-06-18,170
1167,AAPL260618P00285000,2025-12-29 17:31:47+00:00,285.0,21.9,21.7,21.9,0.0,0.0,2.0,575,0.1998218446350098,True,REGULAR,USD,Put,2026-06-18,170
1168,AAPL260618P00290000,2025-12-29 18:22:44+00:00,290.0,24.45,24.65,24.85,0.0,0.0,24.0,1691,0.1939472695922852,True,REGULAR,USD,Put,2026-06-18,170
1169,AAPL260618P00295000,2025-12-29 18:16:00+00:00,295.0,27.7,27.85,28.05,0.0,0.0,2.0,150,0.18781329772949218,True,REGULAR,USD,Put,2026-06-18,170
1170,AAPL260618P00300000,2025-12-24 16:56:35+00:00,300.0,30.05,31.3,31.5,0.0,0.0,15.0,207,0.18128260131835935,True,REGULAR,USD,Put,2026-06-18,170
1171,AAPL260618P00305000,2025-12-19 15:47:24+00:00,305.0,36.8,35.0,35.25,0.0,0.0,1.0,0,0.17533173309326172,True,REGULAR,USD,Put,2026-06-18,170
1172,AAPL260618P00310000,2025-12-30 18:18:19+00:00,310.0,38.95,38.9,39.2,-0.1800003,-0.46000588,1.0,202,0.16828224304199224,True,REGULAR,USD,Put,2026-06-18,170
1173,AAPL260618P00315000,2025-12-19 14:55:26+00:00,315.0,44.6,43.0,43.65,0.0,0.0,16.0,8,0.16828224304199224,True,REGULAR,USD,Put,2026-06-18,170
1174,AAPL260618P00320000,2025-12-19 20:59:36+00:00,320.0,47.4,47.35,48.05,0.0,0.0,33.0,72,0.16272809936523439,True,REGULAR,USD,Put,2026-06-18,170
1175,AAPL260618P00330000,2025-12-11 19:30:22+00:00,330.0,52.94,55.45,58.3,0.0,0.0,2.0,35,0.1945270977783203,True,REGULAR,USD,Put,2026-06-18,170
1176,AAPL260618P00340000,2025-12-22 17:53:10+00:00,340.0,68.08,65.3,68.5,0.0,0.0,178.0,58,0.22376264526367184,True,REGULAR,USD,Put,2026-06-18,170
1177,AAPL260618P00350000,2025-12-03 20:00:24+00:00,350.0,65.37,75.3,78.5,0.0,0.0,4.0,1,0.2453078399658203,True,REGULAR,USD,Put,2026-06-18,170
1178,AAPL260618P00360000,2025-12-03 17:05:43+00:00,360.0,74.28,85.3,88.5,0.0,0.0,2.0,0,0.26581544738769536,True,REGULAR,USD,Put,2026-06-18,170
1179,AAPL260618P00370000,2025-01-06 15:17:33+00:00,370.0,124.0,0.0,0.0,0.0,0.0,1.0,0,1.0000000000000003e-05,True,REGULAR,USD,Put,2026-06-18,170
1180,AAPL260618P00380000,2025-10-09 19:51:15+00:00,380.0,127.0,105.85,109.4,0.0,0.0,1.0,0,0.33612724426269536,True,REGULAR,USD,Put,2026-06-18,170
1181,AAPL260618P00390000,2025-10-10 18:59:29+00:00,390.0,144.0,115.85,119.4,0.0,0.0,1.0,0,0.35510898803710933,True,REGULAR,USD,Put,2026-06-18,170
1182,AAPL260618P00400000,2025-12-02 20:01:40+00:00,400.0,113.64,125.3,128.5,0.0,0.0,1.0,0,0.3391789715576171,True,REGULAR,USD,Put,2026-06-18,170
1183,AAPL260717C00160000,2025-12-04 18:45:12+00:00,160.0,124.6,114.9,118.55,0.0,0.0,3.0,13,0.547001600341797,True,REGULAR,USD,Call,2026-07-17,199
1184,AAPL260717C00175000,2025-12-17 18:36:54+00:00,175.0,102.81,100.55,104.2,0.0,0.0,3.0,14,0.5500838449096681,True,REGULAR,USD,Call,2026-07-17,199
1185,AAPL260717C00180000,2025-12-11 15:43:13+00:00,180.0,101.49,95.8,99.4,0.0,0.0,4.0,15,0.5290574438476563,True,REGULAR,USD,Call,2026-07-17,199
1186,AAPL260717C00185000,2025-12-03 17:36:25+00:00,185.0,107.21,91.1,94.8,0.0,0.0,5.0,7,0.5134326000976561,True,REGULAR,USD,Call,2026-07-17,199
1187,AAPL260717C00195000,2025-12-22 20:44:18+00:00,195.0,81.8,81.8,85.5,0.0,0.0,1.0,3,0.47876497802734375,True,REGULAR,USD,Call,2026-07-17,199
1188,AAPL260717C00200000,2025-12-30 19:23:46+00:00,200.0,79.25,78.05,80.05,-0.47000122,-0.589565,1.0,16,0.4429987341308594,True,REGULAR,USD,Call,2026-07-17,199
1189,AAPL260717C00205000,2025-12-30 15:18:37+00:00,205.0,74.14,73.95,74.95,-0.5299988,-0.70978814,1.0,6,0.41608249938964836,True,REGULAR,USD,Call,2026-07-17,199
1190,AAPL260717C00210000,2025-12-19 20:35:34+00:00,210.0,68.77,69.55,70.25,0.0,0.0,4.0,8,0.39826041198730466,True,REGULAR,USD,Call,2026-07-17,199
1191,AAPL260717C00220000,2025-12-26 17:12:07+00:00,220.0,62.74,60.8,61.4,0.0,0.0,1.0,63,0.3725038336181641,True,REGULAR,USD,Call,2026-07-17,199
1192,AAPL260717C00225000,2025-12-30 19:35:26+00:00,225.0,57.0,56.5,57.15,-2.0999985,-3.553297,2.0,27,0.36157864990234373,True,REGULAR,USD,Call,2026-07-17,199
1193,AAPL260717C00230000,2025-12-29 20:46:03+00:00,230.0,53.32,52.25,52.95,0.0,0.0,2.0,185,0.35050087982177724,True,REGULAR,USD,Call,2026-07-17,199
1194,AAPL260717C00235000,2025-12-29 14:44:38+00:00,235.0,49.34,48.2,48.85,0.0,0.0,11.0,34,0.33991138610839844,True,REGULAR,USD,Call,2026-07-17,199
1195,AAPL260717C00240000,2025-12-30 17:33:48+00:00,240.0,44.25,44.25,44.85,-0.86999893,-1.9281892,6.0,83,0.32968809967041013,True,REGULAR,USD,Call,2026-07-17,199
1196,AAPL260717C00245000,2025-12-26 19:59:20+00:00,245.0,42.15,40.4,40.9,0.0,0.0,23.0,61,0.31891550231933585,True,REGULAR,USD,Call,2026-07-17,199
1197,AAPL260717C00250000,2025-12-30 18:26:41+00:00,250.0,36.9,36.8,37.25,-0.91999817,-2.4325705,8.0,79,0.3110115286254882,True,REGULAR,USD,Call,2026-07-17,199
1198,AAPL260717C00255000,2025-12-30 19:56:32+00:00,255.0,33.45,33.15,33.7,-0.11999893,-0.35745883,1.0,134,0.30286341674804684,True,REGULAR,USD,Call,2026-07-17,199
1199,AAPL260717C00260000,2025-12-30 17:55:48+00:00,260.0,30.05,29.8,30.3,-0.70000076,-2.2764254,1.0,271,0.2949594430541992,True,REGULAR,USD,Call,2026-07-17,199
1200,AAPL260717C00265000,2025-12-29 16:02:39+00:00,265.0,26.87,26.6,27.05,-0.27999878,-1.031303,10.0,224,0.28720805572509756,True,REGULAR,USD,Call,2026-07-17,199
1201,AAPL260717C00270000,2025-12-30 20:43:55+00:00,270.0,23.9,23.65,24.0,-0.6499996,-2.6476564,6.0,490,0.28009753112792957,True,REGULAR,USD,Call,2026-07-17,199
1202,AAPL260717C00275000,2025-12-30 18:57:40+00:00,275.0,21.1,20.95,21.1,-0.539999,-2.4953744,14.0,333,0.27280390289306633,False,REGULAR,USD,Call,2026-07-17,199
1203,AAPL260717C00280000,2025-12-30 19:30:35+00:00,280.0,18.6,18.2,18.5,-0.40999985,-2.1567588,14.0,497,0.26712769012451176,False,REGULAR,USD,Call,2026-07-17,199
1204,AAPL260717C00285000,2025-12-30 20:54:40+00:00,285.0,16.0,15.95,16.1,-0.25,-1.5384616,4.0,552,0.2617261328125,False,REGULAR,USD,Call,2026-07-17,199
1205,AAPL260717C00290000,2025-12-30 20:21:07+00:00,290.0,14.0,13.8,13.95,-0.3000002,-2.0979035,4.0,501,0.2572095764160156,False,REGULAR,USD,Call,2026-07-17,199
1206,AAPL260717C00295000,2025-12-30 14:43:32+00:00,295.0,12.05,11.85,12.0,-0.10999966,-0.90460247,1.0,1045,0.252937158203125,False,REGULAR,USD,Call,2026-07-17,199
1207,AAPL260717C00300000,2025-12-30 20:51:39+00:00,300.0,10.2,10.1,10.25,-0.4499998,-4.2253504,30.0,1672,0.24893939544677735,False,REGULAR,USD,Call,2026-07-17,199
1208,AAPL260717C00305000,2025-12-30 14:47:22+00:00,305.0,8.88,8.6,8.75,-0.22000027,-2.4175851,1.0,1124,0.24604025451660155,False,REGULAR,USD,Call,2026-07-17,199
1209,AAPL260717C00310000,2025-12-30 20:49:27+00:00,310.0,7.35,7.25,7.4,-0.20000029,-2.6490104,13.0,257,0.24298852722167968,False,REGULAR,USD,Call,2026-07-17,199
1210,AAPL260717C00315000,2025-12-30 14:32:25+00:00,315.0,6.4,6.15,6.25,-0.049999714,-0.7751894,1.0,148,0.2406386972045898,False,REGULAR,USD,Call,2026-07-17,199
1211,AAPL260717C00320000,2025-12-29 18:22:56+00:00,320.0,5.45,5.15,5.3,0.0,0.0,4.0,170,0.23935697174072262,False,REGULAR,USD,Call,2026-07-17,199
1212,AAPL260717C00325000,2025-12-29 17:18:32+00:00,325.0,4.55,4.3,4.45,0.0,0.0,4.0,269,0.23770903900146478,False,REGULAR,USD,Call,2026-07-17,199
1213,AAPL260717C00330000,2025-12-29 19:25:06+00:00,330.0,3.8,3.6,3.7,0.0,0.0,12.0,194,0.23581696807861324,False,REGULAR,USD,Call,2026-07-17,199
1214,AAPL260717C00335000,2025-12-29 20:57:27+00:00,335.0,3.2,3.0,3.1,0.0,0.0,1.0,25,0.23496248443603518,False,REGULAR,USD,Call,2026-07-17,199
1215,AAPL260717C00340000,2025-12-30 15:43:23+00:00,340.0,2.52,2.52,2.59,-0.1500001,-5.617981,15.0,143,0.2342605871582031,False,REGULAR,USD,Call,2026-07-17,199
1216,AAPL260717C00345000,2025-12-26 15:03:59+00:00,345.0,2.42,2.11,2.17,0.0,0.0,35.0,43,0.23395541442871093,False,REGULAR,USD,Call,2026-07-17,199
1217,AAPL260717C00350000,2025-12-30 18:33:28+00:00,350.0,1.82,1.76,1.82,-0.099999905,-5.2083282,47.0,83,0.23389437988281248,False,REGULAR,USD,Call,2026-07-17,199
1218,AAPL260717C00355000,2025-12-24 16:46:25+00:00,355.0,1.82,1.47,1.53,0.0,0.0,18.0,21,0.23413851806640623,False,REGULAR,USD,Call,2026-07-17,199
1219,AAPL260717C00360000,2025-12-26 17:38:53+00:00,360.0,1.44,1.22,1.28,0.0,0.0,1.0,54,0.2342605871582031,False,REGULAR,USD,Call,2026-07-17,199
1220,AAPL260717C00365000,2025-12-30 15:57:23+00:00,365.0,1.05,1.02,1.08,-0.20000005,-16.000004,1.0,89,0.2348709326171875,False,REGULAR,USD,Call,2026-07-17,199
1221,AAPL260717C00370000,2025-12-30 15:06:06+00:00,370.0,0.9,0.85,0.91,-0.04000002,-4.255321,1.0,9,0.2354202435302734,False,REGULAR,USD,Call,2026-07-17,199
1222,AAPL260717C00380000,2025-12-29 16:24:37+00:00,380.0,0.65,0.59,0.64,0.0,0.0,2.0,72,0.23633576171874998,False,REGULAR,USD,Call,2026-07-17,199
1223,AAPL260717C00390000,2025-12-19 19:23:41+00:00,390.0,0.52,0.41,0.46,0.0,0.0,4.0,4,0.2381667980957031,False,REGULAR,USD,Call,2026-07-17,199
1224,AAPL260717C00400000,2025-12-26 19:03:40+00:00,400.0,0.39,0.28,0.33,0.0,0.0,1.0,56,0.23987576538085933,False,REGULAR,USD,Call,2026-07-17,199
1225,AAPL260717C00410000,2025-12-30 15:58:31+00:00,410.0,0.22,0.19,0.24,-0.050000012,-18.518522,4.0,28,0.24195093994140626,False,REGULAR,USD,Call,2026-07-17,199
1226,AAPL260717P00160000,2025-12-30 14:33:10+00:00,160.0,0.54,0.49,0.53,-0.00999999,-1.8181801,1.0,534,0.3679262426757813,False,REGULAR,USD,Put,2026-07-17,199
1227,AAPL260717P00165000,2025-12-29 14:47:12+00:00,165.0,0.62,0.59,0.64,0.0,0.0,1.0,87,0.36035795898437495,False,REGULAR,USD,Put,2026-07-17,199
1228,AAPL260717P00170000,2025-12-22 14:36:22+00:00,170.0,0.75,0.7,0.75,-0.13999999,-15.730335,1.0,207,0.3513248461914062,False,REGULAR,USD,Put,2026-07-17,199
1229,AAPL260717P00175000,2025-12-26 19:30:24+00:00,175.0,0.85,0.83,0.89,0.0,0.0,1.0,75,0.34326828613281246,False,REGULAR,USD,Put,2026-07-17,199
1230,AAPL260717P00180000,2025-12-30 18:54:40+00:00,180.0,1.02,0.99,1.05,-0.01999998,-1.9230752,1.0,1197,0.33521172607421873,False,REGULAR,USD,Put,2026-07-17,199
1231,AAPL260717P00185000,2025-12-30 18:19:27+00:00,185.0,1.22,1.11,1.35,0.07000005,6.0869613,1.0,51,0.33338068969726564,False,REGULAR,USD,Put,2026-07-17,199
1232,AAPL260717P00190000,2025-12-23 18:02:13+00:00,190.0,1.54,1.39,1.46,0.0,0.0,15.0,59,0.3198310205078124,False,REGULAR,USD,Put,2026-07-17,199
1233,AAPL260717P00195000,2025-12-30 17:25:37+00:00,195.0,1.69,1.65,1.71,-0.42999983,-20.283012,10.0,66,0.3120796331787109,False,REGULAR,USD,Put,2026-07-17,199
1234,AAPL260717P00200000,2025-12-30 19:52:18+00:00,200.0,1.96,1.95,2.01,0.04000008,2.0833375,8.0,192,0.30487755676269535,False,REGULAR,USD,Put,2026-07-17,199
1235,AAPL260717P00205000,2025-12-30 16:48:36+00:00,205.0,2.39,2.3,2.36,0.05000019,2.1367605,4.0,83,0.2978585839843749,False,REGULAR,USD,Put,2026-07-17,199
1236,AAPL260717P00210000,2025-12-30 16:43:32+00:00,210.0,2.79,2.7,2.76,0.01999998,0.722021,2.0,77,0.2907175421142577,False,REGULAR,USD,Put,2026-07-17,199
1237,AAPL260717P00215000,2025-12-30 16:33:41+00:00,215.0,3.22,3.15,3.25,0.120000124,3.870972,4.0,29,0.2845225357055663,False,REGULAR,USD,Put,2026-07-17,199
1238,AAPL260717P00220000,2025-12-30 16:18:14+00:00,220.0,3.75,3.7,3.8,0.0,0.0,1.0,43,0.27802235656738283,False,REGULAR,USD,Put,2026-07-17,199
1239,AAPL260717P00225000,2025-12-30 16:21:40+00:00,225.0,4.35,4.3,4.4,0.099999905,2.352939,4.0,234,0.2708507974243164,False,REGULAR,USD,Put,2026-07-17,199
1240,AAPL260717P00230000,2025-12-26 20:05:25+00:00,230.0,5.05,5.05,5.15,0.0,0.0,9.0,161,0.2650525155639648,False,REGULAR,USD,Put,2026-07-17,199
1241,AAPL260717P00235000,2025-12-29 14:45:58+00:00,235.0,6.04,5.85,5.95,0.0,0.0,10.0,75,0.25821664642333986,False,REGULAR,USD,Put,2026-07-17,199
1242,AAPL260717P00240000,2025-12-30 20:39:10+00:00,240.0,6.8,6.75,6.9,0.0,0.0,4.0,1714,0.2521131918334961,False,REGULAR,USD,Put,2026-07-17,199
1243,AAPL260717P00245000,2025-12-30 20:12:22+00:00,245.0,7.82,7.85,8.0,-0.009999752,-0.12771076,4.0,125,0.246375944519043,False,REGULAR,USD,Put,2026-07-17,199
1244,AAPL260717P00250000,2025-12-29 14:30:01+00:00,250.0,9.4,9.05,9.2,0.0,0.0,2.0,257,0.2399978344726562,False,REGULAR,USD,Put,2026-07-17,199
1245,AAPL260717P00255000,2025-12-30 20:59:46+00:00,255.0,10.5,10.4,10.6,0.25,2.4390244,6.0,69,0.2342605871582031,False,REGULAR,USD,Put,2026-07-17,199
1246,AAPL260717P00260000,2025-12-30 18:54:40+00:00,260.0,11.97,11.95,12.15,-0.07999992,-0.6638998,6.0,90,0.22827920166015625,False,REGULAR,USD,Put,2026-07-17,199
1247,AAPL260717P00265000,2025-12-26 20:59:41+00:00,265.0,13.99,13.7,13.9,0.0,0.0,3.0,63,0.22245040252685544,False,REGULAR,USD,Put,2026-07-17,199
1248,AAPL260717P00270000,2025-12-26 20:59:41+00:00,270.0,15.64,15.65,15.85,-0.2699995,-1.6970428,1.0,69,0.2166521206665039,False,REGULAR,USD,Put,2026-07-17,199
1249,AAPL260717P00275000,2025-12-29 17:03:07+00:00,275.0,17.95,17.8,18.0,0.0,0.0,1.0,80,0.21067073516845702,True,REGULAR,USD,Put,2026-07-17,199
1250,AAPL260717P00280000,2025-12-29 17:03:08+00:00,280.0,20.35,20.2,20.4,0.0,0.0,15.0,118,0.2049640051269531,True,REGULAR,USD,Put,2026-07-17,199
1251,AAPL260717P00285000,2025-12-24 14:30:24+00:00,285.0,22.9,22.8,23.05,0.0,0.0,4.0,48,0.1994251200866699,True,REGULAR,USD,Put,2026-07-17,199
1252,AAPL260717P00290000,2025-12-18 18:41:58+00:00,290.0,26.07,25.7,26.15,-1.0300007,-3.8007405,1.0,41,0.19657175506591795,True,REGULAR,USD,Put,2026-07-17,199
1253,AAPL260717P00295000,2025-12-23 14:37:22+00:00,295.0,30.85,28.8,29.05,0.0,0.0,1.0,18,0.18779803909301757,True,REGULAR,USD,Put,2026-07-17,199
1254,AAPL260717P00300000,2025-12-26 20:04:28+00:00,300.0,31.46,32.0,32.55,0.0,0.0,3.0,18,0.1838155349731445,True,REGULAR,USD,Put,2026-07-17,199
1255,AAPL260717P00315000,2025-12-03 20:22:11+00:00,315.0,37.53,43.4,44.15,0.0,0.0,,1,0.1674582766723633,True,REGULAR,USD,Put,2026-07-17,199
1256,AAPL260717P00320000,2025-12-17 16:58:38+00:00,320.0,49.05,47.6,48.4,0.0,0.0,1.0,1,0.16083602844238282,True,REGULAR,USD,Put,2026-07-17,199
1257,AAPL260717P00325000,2025-12-24 17:37:07+00:00,325.0,50.6,52.05,52.9,0.0,0.0,20.0,30,0.1562584375,True,REGULAR,USD,Put,2026-07-17,199
1258,AAPL260717P00330000,2025-12-09 16:32:29+00:00,330.0,53.76,56.6,57.65,0.0,0.0,2.0,0,0.15662464477539065,True,REGULAR,USD,Put,2026-07-17,199
1259,AAPL260717P00335000,2025-12-04 19:14:07+00:00,335.0,56.7,60.05,63.9,0.0,0.0,,0,0.20801573242187496,True,REGULAR,USD,Put,2026-07-17,199
1260,AAPL260717P00340000,2025-12-04 20:27:58+00:00,340.0,60.46,65.05,68.8,0.0,0.0,21.0,0,0.21588918884277342,True,REGULAR,USD,Put,2026-07-17,199
1261,AAPL260821C00110000,2025-11-14 17:49:15+00:00,110.0,168.9,163.7,167.45,0.0,0.0,5.0,5,0.7257107507324219,True,REGULAR,USD,Call,2026-08-21,234
1262,AAPL260821C00115000,2025-08-12 19:12:56+00:00,115.0,118.75,0.0,0.0,0.0,0.0,,116,1.0000000000000003e-05,True,REGULAR,USD,Call,2026-08-21,234
1263,AAPL260821C00120000,2025-12-30 16:53:18+00:00,120.0,155.25,154.0,157.65,-6.649994,-4.10747,1.0,5,0.6781038049316408,True,REGULAR,USD,Call,2026-08-21,234
1264,AAPL260821C00125000,2025-12-19 18:41:24+00:00,125.0,148.97,149.15,152.8,0.0,0.0,1.0,75,0.6564975756835938,True,REGULAR,USD,Call,2026-08-21,234
1265,AAPL260821C00130000,2025-10-22 18:45:40+00:00,130.0,131.02,149.8,153.0,0.0,0.0,72.0,87,0.8379532806396484,True,REGULAR,USD,Call,2026-08-21,234
1266,AAPL260821C00135000,2025-12-05 14:51:05+00:00,135.0,148.95,139.5,143.15,0.0,0.0,4.0,7,0.6168251208496094,True,REGULAR,USD,Call,2026-08-21,234
1267,AAPL260821C00140000,2025-12-05 16:55:43+00:00,140.0,142.88,134.65,138.35,0.0,0.0,245.0,252,0.5972940661621093,True,REGULAR,USD,Call,2026-08-21,234
1268,AAPL260821C00145000,2025-10-21 13:51:08+00:00,145.0,124.17,135.35,138.75,0.0,0.0,11.0,18,0.7554956091308593,True,REGULAR,USD,Call,2026-08-21,234
1269,AAPL260821C00150000,2025-12-23 16:00:28+00:00,150.0,125.51,125.05,128.75,0.0,0.0,1.0,77,0.5609174768066407,True,REGULAR,USD,Call,2026-08-21,234
1270,AAPL260821C00155000,2025-11-25 14:34:47+00:00,155.0,128.9,120.25,124.0,0.0,0.0,2.0,22,0.5437057348632813,True,REGULAR,USD,Call,2026-08-21,234
1271,AAPL260821C00160000,2025-12-04 15:24:15+00:00,160.0,126.57,115.5,119.2,0.0,0.0,20.0,110,0.5265550274658204,True,REGULAR,USD,Call,2026-08-21,234
1272,AAPL260821C00165000,2025-12-29 17:26:43+00:00,165.0,112.2,110.75,114.45,-0.45000458,-0.39947143,1.0,42,0.5101977691650392,True,REGULAR,USD,Call,2026-08-21,234
1273,AAPL260821C00170000,2025-12-18 18:34:30+00:00,170.0,107.96,106.0,109.4,0.0,0.0,1.0,74,0.5379684875488282,True,REGULAR,USD,Call,2026-08-21,234
1274,AAPL260821C00175000,2025-12-18 16:28:41+00:00,175.0,102.63,101.3,105.0,0.0,0.0,1.0,21,0.528172442932129,True,REGULAR,USD,Call,2026-08-21,234
1275,AAPL260821C00180000,2025-12-02 19:32:42+00:00,180.0,112.09,96.65,100.35,0.0,0.0,4.0,27,0.5114794946289063,True,REGULAR,USD,Call,2026-08-21,234
1276,AAPL260821C00185000,2025-12-29 16:32:07+00:00,185.0,94.33,92.5,95.75,0.0,0.0,5.0,58,0.4958546508789063,True,REGULAR,USD,Call,2026-08-21,234
1277,AAPL260821C00190000,2025-12-30 18:04:34+00:00,190.0,89.03,88.85,89.55,2.449997,2.8297493,20.0,75,0.4439142523193359,True,REGULAR,USD,Call,2026-08-21,234
1278,AAPL260821C00195000,2025-12-29 17:40:35+00:00,195.0,84.91,83.7,85.8,0.0,0.0,5.0,112,0.4480951187133788,True,REGULAR,USD,Call,2026-08-21,234
1279,AAPL260821C00200000,2025-12-30 18:17:22+00:00,200.0,79.92,79.8,80.5,-1.5800018,-1.9386525,2.0,172,0.4181576739501953,True,REGULAR,USD,Call,2026-08-21,234
1280,AAPL260821C00205000,2025-12-17 17:59:40+00:00,205.0,77.32,75.35,76.05,0.0,0.0,,2,0.40598128204345707,True,REGULAR,USD,Call,2026-08-21,234
1281,AAPL260821C00210000,2025-12-29 18:10:07+00:00,210.0,71.74,70.8,71.65,0.0,0.0,1.0,306,0.3941405801391602,True,REGULAR,USD,Call,2026-08-21,234
1282,AAPL260821C00215000,2025-12-24 15:05:41+00:00,215.0,68.05,66.65,67.35,0.0,0.0,10.0,6,0.38339850006103515,True,REGULAR,USD,Call,2026-08-21,234
1283,AAPL260821C00220000,2025-12-29 14:46:55+00:00,220.0,63.6,62.45,63.1,0.0,0.0,5.0,226,0.3726869372558594,True,REGULAR,USD,Call,2026-08-21,234
1284,AAPL260821C00225000,2025-12-30 19:19:24+00:00,225.0,58.96,58.25,58.85,0.12999725,0.22097102,21.0,61,0.3611208908081054,True,REGULAR,USD,Call,2026-08-21,234
1285,AAPL260821C00230000,2025-12-29 20:46:03+00:00,230.0,55.14,54.05,54.85,0.0,0.0,63.0,748,0.352545537109375,True,REGULAR,USD,Call,2026-08-21,234
1286,AAPL260821C00235000,2025-12-24 15:05:08+00:00,235.0,51.65,50.1,50.85,0.0,0.0,12.0,28,0.3428410443115234,True,REGULAR,USD,Call,2026-08-21,234
1287,AAPL260821C00240000,2025-12-30 17:54:11+00:00,240.0,46.55,46.4,47.0,-0.3600006,-0.7674283,1.0,563,0.3341741387939453,True,REGULAR,USD,Call,2026-08-21,234
1288,AAPL260821C00245000,2025-12-19 16:23:59+00:00,245.0,43.05,42.65,43.25,0.0,0.0,18.0,17,0.32565981964111324,True,REGULAR,USD,Call,2026-08-21,234
1289,AAPL260821C00250000,2025-12-30 20:38:06+00:00,250.0,39.4,39.05,39.65,-0.15999985,-0.40444854,12.0,1590,0.31781688049316403,True,REGULAR,USD,Call,2026-08-21,234
1290,AAPL260821C00255000,2025-12-30 15:46:02+00:00,255.0,35.54,35.65,36.2,-1.0599976,-2.8961682,2.0,26,0.31046221771240234,True,REGULAR,USD,Call,2026-08-21,234
1291,AAPL260821C00260000,2025-12-30 20:59:31+00:00,260.0,32.55,32.4,32.65,-0.45000076,-1.3636386,9.0,1164,0.30048306945800785,True,REGULAR,USD,Call,2026-08-21,234
1292,AAPL260821C00265000,2025-12-24 15:59:25+00:00,265.0,30.8,29.2,29.7,0.0,0.0,1.0,6,0.29621065124511714,True,REGULAR,USD,Call,2026-08-21,234
1293,AAPL260821C00270000,2025-12-30 20:08:45+00:00,270.0,26.6,26.3,26.6,-0.25,-0.9310987,26.0,1362,0.28850503982543935,True,REGULAR,USD,Call,2026-08-21,234
1294,AAPL260821C00275000,2025-12-30 16:51:15+00:00,275.0,23.36,23.6,23.75,-0.8899994,-3.6701007,2.0,146,0.2820506365966796,False,REGULAR,USD,Call,2026-08-21,234
1295,AAPL260821C00280000,2025-12-30 18:29:24+00:00,280.0,21.1,21.0,21.15,-0.35000038,-1.6317034,14.0,1921,0.27674063110351554,False,REGULAR,USD,Call,2026-08-21,234
1296,AAPL260821C00285000,2025-12-26 16:01:02+00:00,285.0,19.85,18.55,18.7,0.0,0.0,60.0,96,0.27136959106445313,False,REGULAR,USD,Call,2026-08-21,234
1297,AAPL260821C00290000,2025-12-30 17:30:14+00:00,290.0,16.27,16.35,16.5,-1.0799999,-6.2247834,136.0,1467,0.26700562103271486,False,REGULAR,USD,Call,2026-08-21,234
1298,AAPL260821C00295000,2025-12-29 16:03:28+00:00,295.0,14.4,14.35,14.5,-0.32999992,-2.2403255,1.0,62,0.2631451860046387,False,REGULAR,USD,Call,2026-08-21,234
1299,AAPL260821C00300000,2025-12-30 19:59:06+00:00,300.0,12.64,12.5,12.65,-0.35999966,-2.7692282,128.0,3968,0.2591931991577149,False,REGULAR,USD,Call,2026-08-21,234
1300,AAPL260821C00305000,2025-12-30 18:38:59+00:00,305.0,11.0,10.9,11.05,-0.3800001,-3.3391926,11.0,87,0.25641612731933594,False,REGULAR,USD,Call,2026-08-21,234
1301,AAPL260821C00310000,2025-12-30 20:45:58+00:00,310.0,9.51,9.4,9.55,-0.34000015,-3.4517782,16.0,11085,0.2530287100219727,False,REGULAR,USD,Call,2026-08-21,234
1302,AAPL260821C00315000,2025-12-30 14:44:16+00:00,315.0,8.39,8.15,8.3,-0.21000004,-2.441861,1.0,134,0.2511213804626465,False,REGULAR,USD,Call,2026-08-21,234
1303,AAPL260821C00320000,2025-12-30 20:49:27+00:00,320.0,7.07,7.0,7.15,-0.30999994,-4.200541,7.0,682,0.2488173263549805,False,REGULAR,USD,Call,2026-08-21,234
1304,AAPL260821C00325000,2025-12-26 20:58:43+00:00,325.0,6.4,6.0,6.15,0.0,0.0,1.0,120,0.2469252554321289,False,REGULAR,USD,Call,2026-08-21,234
1305,AAPL260821C00330000,2025-12-29 18:39:20+00:00,330.0,5.5,5.15,5.3,0.0,0.0,18.0,1244,0.24567404724121095,False,REGULAR,USD,Call,2026-08-21,234
1306,AAPL260821C00335000,2025-12-29 17:12:07+00:00,335.0,4.6,4.4,4.55,0.0,0.0,1.0,55,0.24445335632324222,False,REGULAR,USD,Call,2026-08-21,234
1307,AAPL260821C00340000,2025-12-30 15:39:32+00:00,340.0,3.82,3.8,3.9,-0.18000007,-4.500002,4.0,779,0.24344628631591797,False,REGULAR,USD,Call,2026-08-21,234
1308,AAPL260821C00350000,2025-12-30 15:45:01+00:00,350.0,2.79,2.78,2.86,-0.18000007,-6.0606084,16.0,175,0.2420730090332031,False,REGULAR,USD,Call,2026-08-21,234
1309,AAPL260821C00360000,2025-12-30 15:44:46+00:00,360.0,2.06,2.04,2.1,-0.08000016,-3.738325,29.0,137,0.24158473266601563,False,REGULAR,USD,Call,2026-08-21,234
1310,AAPL260821C00370000,2025-12-24 16:47:36+00:00,370.0,1.81,1.49,1.56,0.0,0.0,28.0,187,0.24213404357910157,False,REGULAR,USD,Call,2026-08-21,234
1311,AAPL260821C00380000,2025-12-29 20:25:47+00:00,380.0,1.13,1.1,1.16,-0.07000005,-5.8333373,30.0,134,0.24292749267578123,False,REGULAR,USD,Call,2026-08-21,234
1312,AAPL260821C00390000,2025-12-26 16:32:43+00:00,390.0,0.96,0.81,0.87,0.0,0.0,1.0,40,0.2442702526855469,False,REGULAR,USD,Call,2026-08-21,234
1313,AAPL260821C00400000,2025-12-30 16:38:20+00:00,400.0,0.62,0.6,0.65,-0.04000002,-6.060609,1.0,110,0.24549094360351562,False,REGULAR,USD,Call,2026-08-21,234
1314,AAPL260821C00410000,2025-12-23 17:35:40+00:00,410.0,0.51,0.44,0.49,0.0,0.0,5.0,104,0.247077841796875,False,REGULAR,USD,Call,2026-08-21,234
1315,AAPL260821C00420000,2025-12-26 19:45:08+00:00,420.0,0.42,0.33,0.38,0.0,0.0,1.0,12,0.24951922363281248,False,REGULAR,USD,Call,2026-08-21,234
1316,AAPL260821C00430000,2025-12-15 14:30:17+00:00,430.0,0.57,0.24,0.3,0.0,0.0,1.0,2,0.2524488818359375,False,REGULAR,USD,Call,2026-08-21,234
1317,AAPL260821C00440000,2025-12-11 14:31:00+00:00,440.0,0.52,0.18,0.23,0.0,0.0,1.0,4,0.2541578491210938,False,REGULAR,USD,Call,2026-08-21,234
1318,AAPL260821C00450000,2025-12-24 16:51:26+00:00,450.0,0.19,0.14,0.19,0.0,0.0,2.0,302,0.2580640600585938,False,REGULAR,USD,Call,2026-08-21,234
1319,AAPL260821P00110000,2025-12-26 14:30:01+00:00,110.0,0.16,0.12,0.19,0.0,0.0,12.0,465,0.476567734375,False,REGULAR,USD,Put,2026-08-21,234
1320,AAPL260821P00115000,2025-10-07 18:42:30+00:00,115.0,0.54,0.29,0.39,0.0,0.0,2.0,20,0.5004932763671875,False,REGULAR,USD,Put,2026-08-21,234
1321,AAPL260821P00120000,2025-12-24 14:30:08+00:00,120.0,0.23,0.19,0.25,0.0,0.0,10.0,588,0.44946839599609373,False,REGULAR,USD,Put,2026-08-21,234
1322,AAPL260821P00125000,2025-12-29 19:17:36+00:00,125.0,0.27,0.23,0.28,0.0,0.0,10.0,49,0.43530838134765626,False,REGULAR,USD,Put,2026-08-21,234
1323,AAPL260821P00130000,2025-12-24 17:23:35+00:00,130.0,0.31,0.27,0.33,0.0,0.0,3.0,40,0.424810439453125,False,REGULAR,USD,Put,2026-08-21,234
1324,AAPL260821P00135000,2025-12-19 17:08:08+00:00,135.0,0.47,0.32,0.38,0.0,0.0,13.0,61,0.41309180664062495,False,REGULAR,USD,Put,2026-08-21,234
1325,AAPL260821P00140000,2025-12-09 19:03:30+00:00,140.0,0.6,0.38,0.44,0.0,0.0,2.0,18,0.4023497265625,False,REGULAR,USD,Put,2026-08-21,234
1326,AAPL260821P00145000,2025-12-24 15:22:31+00:00,145.0,0.49,0.45,0.51,0.0,0.0,4.0,44,0.3920959228515625,False,REGULAR,USD,Put,2026-08-21,234
1327,AAPL260821P00150000,2025-12-29 19:09:11+00:00,150.0,0.57,0.54,0.59,0.0,0.0,1.0,69,0.3820862573242187,False,REGULAR,USD,Put,2026-08-21,234
1328,AAPL260821P00155000,2025-12-29 14:47:38+00:00,155.0,0.67,0.63,0.69,0.0,0.0,1.0,118,0.37317521362304684,False,REGULAR,USD,Put,2026-08-21,234
1329,AAPL260821P00160000,2025-12-26 14:30:05+00:00,160.0,0.79,0.75,0.8,0.0,0.0,1.0,438,0.3640200317382813,False,REGULAR,USD,Put,2026-08-21,234
1330,AAPL260821P00165000,2025-12-23 17:28:43+00:00,165.0,0.98,0.88,0.94,0.0,0.0,1.0,271,0.35596347167968745,False,REGULAR,USD,Put,2026-08-21,234
1331,AAPL260821P00170000,2025-12-30 17:35:07+00:00,170.0,1.08,1.04,1.1,-0.16999996,-13.599997,3.0,480,0.34802898071289057,False,REGULAR,USD,Put,2026-08-21,234
1332,AAPL260821P00175000,2025-12-23 20:41:04+00:00,175.0,1.33,1.22,1.28,0.0,0.0,2.0,247,0.34009448974609374,False,REGULAR,USD,Put,2026-08-21,234
1333,AAPL260821P00180000,2025-12-26 14:30:05+00:00,180.0,1.48,1.43,1.5,0.0,0.0,1.0,612,0.33289241333007813,False,REGULAR,USD,Put,2026-08-21,234
1334,AAPL260821P00185000,2025-12-29 15:49:24+00:00,185.0,1.74,1.68,1.74,0.0,0.0,1.0,801,0.32532412963867186,False,REGULAR,USD,Put,2026-08-21,234
1335,AAPL260821P00190000,2025-12-29 18:09:11+00:00,190.0,2.03,1.96,2.03,0.0,0.0,4.0,235,0.31842722595214834,False,REGULAR,USD,Put,2026-08-21,234
1336,AAPL260821P00195000,2025-12-29 15:36:52+00:00,195.0,2.37,2.29,2.36,0.0,0.0,2.0,359,0.31153032226562494,False,REGULAR,USD,Put,2026-08-21,234
1337,AAPL260821P00200000,2025-12-29 20:09:35+00:00,200.0,2.69,2.66,2.73,0.0,0.0,43.0,1209,0.3045723840332031,False,REGULAR,USD,Put,2026-08-21,234
1338,AAPL260821P00205000,2025-12-29 17:36:40+00:00,205.0,3.2,3.05,3.2,0.0,0.0,15.0,22,0.2990182403564453,False,REGULAR,USD,Put,2026-08-21,234
1339,AAPL260821P00210000,2025-12-29 17:15:43+00:00,210.0,3.7,3.55,3.65,0.0,0.0,1.0,849,0.2913889221191405,False,REGULAR,USD,Put,2026-08-21,234
1340,AAPL260821P00215000,2025-12-26 20:34:27+00:00,215.0,4.16,4.1,4.25,0.0,0.0,4.0,12,0.2859263302612304,False,REGULAR,USD,Put,2026-08-21,234
1341,AAPL260821P00220000,2025-12-29 20:48:12+00:00,220.0,4.78,4.75,4.85,0.0,0.0,100.0,1070,0.2788158056640625,False,REGULAR,USD,Put,2026-08-21,234
1342,AAPL260821P00225000,2025-12-26 17:13:00+00:00,225.0,5.4,5.45,5.6,0.0,0.0,1.0,4,0.27317011016845705,False,REGULAR,USD,Put,2026-08-21,234
1343,AAPL260821P00230000,2025-12-30 15:09:15+00:00,230.0,6.38,6.3,6.4,-0.009999752,-0.15649064,1.0,1301,0.26676148284912116,False,REGULAR,USD,Put,2026-08-21,234
1344,AAPL260821P00235000,2025-12-30 19:59:06+00:00,235.0,7.17,7.2,7.35,0.119999886,1.702126,4.0,86,0.2612378564453125,False,REGULAR,USD,Put,2026-08-21,234
1345,AAPL260821P00240000,2025-12-29 18:40:16+00:00,240.0,8.25,8.25,8.4,0.0,0.0,1.0,1329,0.25547009185791025,False,REGULAR,USD,Put,2026-08-21,234
1346,AAPL260821P00245000,2025-12-26 17:02:15+00:00,245.0,9.25,9.4,9.55,0.0,0.0,1.0,5,0.2493971545410156,False,REGULAR,USD,Put,2026-08-21,234
1347,AAPL260821P00250000,2025-12-30 19:03:59+00:00,250.0,10.68,10.7,10.85,-0.21999931,-2.0183425,4.0,692,0.24356835540771482,False,REGULAR,USD,Put,2026-08-21,234
1348,AAPL260821P00255000,2025-12-22 18:02:06+00:00,255.0,13.2,12.15,12.35,0.0,0.0,,2,0.23847197082519528,False,REGULAR,USD,Put,2026-08-21,234
1349,AAPL260821P00260000,2025-12-29 14:30:07+00:00,260.0,14.17,13.8,13.95,0.0,0.0,4.0,628,0.2326126544189453,False,REGULAR,USD,Put,2026-08-21,234
1350,AAPL260821P00265000,2025-12-30 20:54:28+00:00,265.0,15.6,15.55,15.75,-0.07999992,-0.5102036,2.0,21,0.22713480392456054,False,REGULAR,USD,Put,2026-08-21,234
1351,AAPL260821P00270000,2025-12-29 18:02:11+00:00,270.0,17.66,17.5,17.7,0.0,0.0,6.0,621,0.22129074615478517,False,REGULAR,USD,Put,2026-08-21,234
1352,AAPL260821P00275000,2025-12-30 19:18:32+00:00,275.0,19.58,19.7,19.85,-0.059999466,-0.30549628,36.0,88,0.21553824020385742,True,REGULAR,USD,Put,2026-08-21,234
1353,AAPL260821P00280000,2025-12-30 15:40:06+00:00,280.0,22.3,22.05,22.25,0.44999886,2.0594914,17.0,687,0.21033504516601562,True,REGULAR,USD,Put,2026-08-21,234
1354,AAPL260821P00290000,2025-12-22 20:54:40+00:00,290.0,29.0,27.4,27.65,0.0,0.0,1.0,172,0.1994251200866699,True,REGULAR,USD,Put,2026-08-21,234
1355,AAPL260821P00295000,2025-12-15 14:40:37+00:00,295.0,29.8,30.4,30.65,0.0,0.0,,16,0.1935505450439453,True,REGULAR,USD,Put,2026-08-21,234
1356,AAPL260821P00300000,2025-12-30 16:37:35+00:00,300.0,34.02,33.5,34.0,0.11000061,0.32438987,1.0,9948,0.1892476095581055,True,REGULAR,USD,Put,2026-08-21,234
1357,AAPL260821P00305000,2025-12-15 14:35:24+00:00,305.0,35.4,36.95,37.55,0.0,0.0,,3,0.18476157043457028,True,REGULAR,USD,Put,2026-08-21,234
1358,AAPL260821P00310000,2025-12-30 18:41:35+00:00,310.0,40.96,40.6,41.3,6.029999,17.263094,1.0,85,0.18015346221923828,True,REGULAR,USD,Put,2026-08-21,234
1359,AAPL260821P00320000,2025-12-15 20:19:23+00:00,320.0,49.35,48.55,49.25,0.0,0.0,4.0,71,0.1680991394042969,True,REGULAR,USD,Put,2026-08-21,234
1360,AAPL260821P00325000,2025-12-18 14:51:07+00:00,325.0,57.05,52.7,53.55,0.0,0.0,,15,0.1627891339111328,True,REGULAR,USD,Put,2026-08-21,234
1361,AAPL260821P00330000,2025-12-19 19:59:21+00:00,330.0,59.15,57.0,58.1,0.0,0.0,3.0,46,0.1601646484375,True,REGULAR,USD,Put,2026-08-21,234
1362,AAPL260821P00335000,2025-12-15 20:14:34+00:00,335.0,62.12,61.65,62.6,0.0,0.0,,2,0.15137567382812503,True,REGULAR,USD,Put,2026-08-21,234
1363,AAPL260821P00340000,2025-12-11 20:30:27+00:00,340.0,62.53,65.05,68.7,0.0,0.0,8.0,0,0.19660227233886718,True,REGULAR,USD,Put,2026-08-21,234
1364,AAPL260821P00350000,2025-12-05 20:34:25+00:00,350.0,71.3,75.05,78.8,0.0,0.0,2.0,0,0.21808643249511717,True,REGULAR,USD,Put,2026-08-21,234
1365,AAPL260821P00360000,2025-12-03 18:05:13+00:00,360.0,74.3,85.05,88.8,0.0,0.0,,0,0.23596955444335935,True,REGULAR,USD,Put,2026-08-21,234
1366,AAPL260821P00370000,2025-12-26 18:50:05+00:00,370.0,95.11,95.05,98.8,0.0,0.0,1.0,1,0.2530592272949219,True,REGULAR,USD,Put,2026-08-21,234
1367,AAPL260821P00380000,2025-10-16 19:14:03+00:00,380.0,133.25,105.85,109.5,0.0,0.0,,0,0.2896189202880859,True,REGULAR,USD,Put,2026-08-21,234
1368,AAPL260821P00440000,2025-11-03 16:35:13+00:00,440.0,172.79,165.05,168.75,0.0,0.0,1.0,0,0.35315588256835934,True,REGULAR,USD,Put,2026-08-21,234
1369,AAPL260918C00050000,2025-10-20 19:59:13+00:00,50.0,213.0,226.5,230.25,0.0,0.0,4.0,21,1.4857203448486327,True,REGULAR,USD,Call,2026-09-18,262
1370,AAPL260918C00055000,2025-12-08 14:39:47+00:00,55.0,224.2,217.3,221.05,0.0,0.0,50.0,65,0.9975586181640624,True,REGULAR,USD,Call,2026-09-18,262
1371,AAPL260918C00060000,2025-10-24 16:54:41+00:00,60.0,204.3,216.85,220.6,0.0,0.0,1.0,13,1.3472933026123044,True,REGULAR,USD,Call,2026-09-18,262
1372,AAPL260918C00065000,2025-08-25 18:54:43+00:00,65.0,164.78,0.0,0.0,0.0,0.0,1.0,1,1.0000000000000003e-05,True,REGULAR,USD,Call,2026-09-18,262
1373,AAPL260918C00070000,2025-09-09 14:43:05+00:00,70.0,168.21,175.6,179.35,0.0,0.0,1.0,3,1.0000000000000003e-05,True,REGULAR,USD,Call,2026-09-18,262
1374,AAPL260918C00075000,2025-11-11 15:29:10+00:00,75.0,202.5,197.9,201.65,0.0,0.0,6.0,102,0.8767102172851562,True,REGULAR,USD,Call,2026-09-18,262
1375,AAPL260918C00080000,2025-11-11 15:29:33+00:00,80.0,197.3,193.05,196.8,0.0,0.0,6.0,125,0.8491226025390625,True,REGULAR,USD,Call,2026-09-18,262
1376,AAPL260918C00085000,2025-09-19 13:50:14+00:00,85.0,158.77,188.2,191.9,0.0,0.0,1.0,29,0.8203142968749999,True,REGULAR,USD,Call,2026-09-18,262
1377,AAPL260918C00090000,2025-12-29 17:55:25+00:00,90.0,185.68,183.35,187.05,0.0,0.0,16.0,25,0.7946797875976561,True,REGULAR,USD,Call,2026-09-18,262
1378,AAPL260918C00095000,2025-12-30 20:49:37+00:00,95.0,180.47,178.55,182.2,1.8200073,1.0187559,2.0,12,0.77148666015625,True,REGULAR,USD,Call,2026-09-18,262
1379,AAPL260918C00100000,2025-12-10 20:03:59+00:00,100.0,182.32,173.7,177.35,0.0,0.0,5.0,108,0.747194910888672,True,REGULAR,USD,Call,2026-09-18,262
1380,AAPL260918C00105000,2025-12-16 18:11:27+00:00,105.0,170.96,168.85,172.55,0.0,0.0,4.0,15,0.7251004052734374,True,REGULAR,USD,Call,2026-09-18,262
1381,AAPL260918C00110000,2025-10-23 16:22:34+00:00,110.0,154.15,168.75,172.55,0.0,0.0,20.0,32,0.9127816339111328,True,REGULAR,USD,Call,2026-09-18,262
1382,AAPL260918C00115000,2025-09-10 17:19:27+00:00,115.0,117.5,133.05,136.15,0.0,0.0,5.0,28,1.0000000000000003e-05,True,REGULAR,USD,Call,2026-09-18,262
1383,AAPL260918C00120000,2025-12-29 17:51:06+00:00,120.0,156.68,154.75,157.45,0.0,0.0,20.0,61,0.6551548156738283,True,REGULAR,USD,Call,2026-09-18,262
1384,AAPL260918C00125000,2025-12-30 16:25:54+00:00,125.0,152.0,150.35,152.75,-13.399994,-8.101568,4.0,736,0.6478306701660157,True,REGULAR,USD,Call,2026-09-18,262
1385,AAPL260918C00130000,2025-09-22 18:37:43+00:00,130.0,131.35,145.25,148.95,0.0,0.0,1.0,14,0.6430699755859376,True,REGULAR,USD,Call,2026-09-18,262
1386,AAPL260918C00135000,2025-11-06 16:16:27+00:00,135.0,141.91,139.95,143.65,0.0,0.0,1.0,12,0.603092348022461,True,REGULAR,USD,Call,2026-09-18,262
1387,AAPL260918C00140000,2025-12-24 17:21:20+00:00,140.0,139.1,135.15,138.85,0.0,0.0,2.0,58,0.5844768115234374,True,REGULAR,USD,Call,2026-09-18,262
1388,AAPL260918C00145000,2025-12-24 14:42:09+00:00,145.0,133.65,130.35,134.05,0.0,0.0,1.0,34,0.5660443786621094,True,REGULAR,USD,Call,2026-09-18,262
1389,AAPL260918C00150000,2025-12-16 17:56:17+00:00,150.0,127.57,125.6,129.3,0.0,0.0,1.0,82,0.5495650512695314,True,REGULAR,USD,Call,2026-09-18,262
1390,AAPL260918C00155000,2025-12-02 15:07:47+00:00,155.0,133.79,120.85,124.2,0.0,0.0,5.0,76,0.5273484765625001,True,REGULAR,USD,Call,2026-09-18,262
1391,AAPL260918C00160000,2025-12-12 18:46:12+00:00,160.0,122.85,116.1,119.85,0.0,0.0,1.0,99,0.5172167419433593,True,REGULAR,USD,Call,2026-09-18,262
1392,AAPL260918C00165000,2025-12-26 18:13:40+00:00,165.0,114.86,111.4,114.6,0.0,0.0,7.0,71,0.5383346948242189,True,REGULAR,USD,Call,2026-09-18,262
1393,AAPL260918C00170000,2025-12-24 17:58:57+00:00,170.0,108.25,106.75,110.45,0.0,0.0,5.0,138,0.5346726220703125,True,REGULAR,USD,Call,2026-09-18,262
1394,AAPL260918C00175000,2025-12-24 17:21:23+00:00,175.0,106.09,102.2,105.15,0.0,0.0,1.0,177,0.5028125891113282,True,REGULAR,USD,Call,2026-09-18,262
1395,AAPL260918C00180000,2025-12-29 16:40:24+00:00,180.0,99.3,98.0,100.65,0.0,0.0,1.0,234,0.49026998992919923,True,REGULAR,USD,Call,2026-09-18,262
1396,AAPL260918C00185000,2025-12-29 20:02:15+00:00,185.0,95.32,93.4,96.2,0.0,0.0,5.0,97,0.4783377362060547,True,REGULAR,USD,Call,2026-09-18,262
1397,AAPL260918C00190000,2025-12-18 18:34:30+00:00,190.0,90.55,89.15,91.25,0.0,0.0,1.0,367,0.45572443695068365,True,REGULAR,USD,Call,2026-09-18,262
1398,AAPL260918C00195000,2025-12-29 17:41:19+00:00,195.0,85.76,85.2,86.15,0.0,0.0,5.0,866,0.43054768676757815,True,REGULAR,USD,Call,2026-09-18,262
1399,AAPL260918C00200000,2025-12-30 20:37:22+00:00,200.0,81.26,80.8,81.5,-0.45999908,-0.56289655,2.0,1589,0.4145566357421875,True,REGULAR,USD,Call,2026-09-18,262
1400,AAPL260918C00205000,2025-12-30 19:28:33+00:00,205.0,77.11,76.4,77.15,0.13999939,0.18188825,7.0,1292,0.403875590209961,True,REGULAR,USD,Call,2026-09-18,262
1401,AAPL260918C00210000,2025-12-30 20:28:39+00:00,210.0,72.55,72.2,72.75,-0.55999756,-0.76596576,3.0,2095,0.3916381637573242,True,REGULAR,USD,Call,2026-09-18,262
1402,AAPL260918C00215000,2025-12-26 15:47:18+00:00,215.0,69.4,67.8,68.55,0.0,0.0,1.0,555,0.38211677459716786,True,REGULAR,USD,Call,2026-09-18,262
1403,AAPL260918C00220000,2025-12-29 20:11:43+00:00,220.0,64.85,63.65,64.35,0.0,0.0,6.0,1477,0.37177141906738287,True,REGULAR,USD,Call,2026-09-18,262
1404,AAPL260918C00225000,2025-12-29 14:43:35+00:00,225.0,60.7,59.55,60.25,0.0,0.0,20.0,717,0.36215847808837887,True,REGULAR,USD,Call,2026-09-18,262
1405,AAPL260918C00230000,2025-12-29 14:43:45+00:00,230.0,56.7,55.6,56.1,0.0,0.0,10.0,1989,0.35095863891601553,True,REGULAR,USD,Call,2026-09-18,262
1406,AAPL260918C00235000,2025-12-30 20:12:02+00:00,235.0,52.0,51.7,52.2,-0.33000183,-0.6306169,10.0,1631,0.3423832852172851,True,REGULAR,USD,Call,2026-09-18,262
1407,AAPL260918C00240000,2025-12-29 18:52:10+00:00,240.0,48.9,47.9,48.4,0.0,0.0,22.0,3121,0.33408258697509763,True,REGULAR,USD,Call,2026-09-18,262
1408,AAPL260918C00245000,2025-12-29 19:45:03+00:00,245.0,45.25,44.15,44.8,0.0,0.0,2.0,1153,0.3271856832885742,True,REGULAR,USD,Call,2026-09-18,262
1409,AAPL260918C00250000,2025-12-30 16:40:48+00:00,250.0,40.55,40.75,41.15,-0.97999954,-2.3597388,4.0,3019,0.3184882604980468,True,REGULAR,USD,Call,2026-09-18,262
1410,AAPL260918C00255000,2025-12-30 16:57:31+00:00,255.0,37.1,37.25,37.8,-1.1000023,-2.8795872,4.0,1172,0.3121711849975586,True,REGULAR,USD,Call,2026-09-18,262
1411,AAPL260918C00260000,2025-12-30 19:48:52+00:00,260.0,34.3,34.05,34.35,-0.6500015,-1.859804,244.0,3662,0.3033822103881836,True,REGULAR,USD,Call,2026-09-18,262
1412,AAPL260918C00265000,2025-12-30 19:51:37+00:00,265.0,31.17,30.95,31.25,-0.5799999,-1.8267714,36.0,2324,0.29724823852539056,True,REGULAR,USD,Call,2026-09-18,262
1413,AAPL260918C00270000,2025-12-30 20:33:59+00:00,270.0,28.25,28.0,28.3,-0.54999924,-1.9097196,15.0,1674,0.29135840484619135,True,REGULAR,USD,Call,2026-09-18,262
1414,AAPL260918C00275000,2025-12-30 20:56:32+00:00,275.0,25.45,25.25,25.45,-0.5,-1.9267823,21.0,2608,0.28507184661865226,False,REGULAR,USD,Call,2026-09-18,262
1415,AAPL260918C00280000,2025-12-30 20:43:19+00:00,280.0,22.75,22.65,22.8,-0.54999924,-2.3605118,35.0,3315,0.2794261511230468,False,REGULAR,USD,Call,2026-09-18,262
1416,AAPL260918C00285000,2025-12-30 19:27:38+00:00,285.0,20.45,20.2,20.4,-0.34999847,-1.682685,15.0,2937,0.27494011199951174,False,REGULAR,USD,Call,2026-09-18,262
1417,AAPL260918C00290000,2025-12-30 20:54:10+00:00,290.0,18.07,17.95,18.1,-0.4300003,-2.324326,19.0,4484,0.2699200205993652,False,REGULAR,USD,Call,2026-09-18,262
1418,AAPL260918C00295000,2025-12-30 16:47:02+00:00,295.0,15.95,15.9,16.05,-1.1400003,-6.6705694,3.0,2698,0.2659985510253906,False,REGULAR,USD,Call,2026-09-18,262
1419,AAPL260918C00300000,2025-12-30 20:54:40+00:00,300.0,14.15,14.0,14.15,-0.40000057,-2.7491448,19.0,14450,0.26212285736083984,False,REGULAR,USD,Call,2026-09-18,262
1420,AAPL260918C00305000,2025-12-30 18:41:35+00:00,305.0,12.38,12.3,12.45,-1.0199995,-7.611937,6.0,140,0.2588575091552735,False,REGULAR,USD,Call,2026-09-18,262
1421,AAPL260918C00310000,2025-12-30 20:59:53+00:00,310.0,10.85,10.75,10.9,-0.39999962,-3.5555522,27.0,7848,0.25571423004150395,False,REGULAR,USD,Call,2026-09-18,262
1422,AAPL260918C00315000,2025-12-30 18:54:12+00:00,315.0,9.55,9.4,9.55,-0.34999943,-3.535348,60.0,69,0.2533796586608887,False,REGULAR,USD,Call,2026-09-18,262
1423,AAPL260918C00320000,2025-12-30 17:42:39+00:00,320.0,8.21,8.2,8.3,-0.35999966,-4.2006965,6.0,1762,0.25070939727783204,False,REGULAR,USD,Call,2026-09-18,262
1424,AAPL260918C00325000,2025-12-30 15:37:58+00:00,325.0,7.15,7.1,7.25,-0.3499999,-4.6666656,2.0,43,0.24912249908447265,False,REGULAR,USD,Call,2026-09-18,262
1425,AAPL260918C00330000,2025-12-30 18:22:03+00:00,330.0,6.25,6.15,6.3,-0.25,-3.8461537,4.0,4485,0.2474593077087402,False,REGULAR,USD,Call,2026-09-18,262
1426,AAPL260918C00335000,2025-12-30 18:34:50+00:00,335.0,5.41,5.35,5.45,-0.59000015,-9.833336,10.0,239,0.2457961163330078,False,REGULAR,USD,Call,2026-09-18,262
1427,AAPL260918C00340000,2025-12-30 18:39:16+00:00,340.0,4.69,4.6,4.75,-0.15999985,-3.298966,10.0,593,0.24506370178222658,False,REGULAR,USD,Call,2026-09-18,262
1428,AAPL260918C00345000,2025-12-17 15:20:46+00:00,345.0,5.5,4.0,4.1,0.0,0.0,,9,0.2438430108642578,False,REGULAR,USD,Call,2026-09-18,262
1429,AAPL260918C00350000,2025-12-30 20:25:56+00:00,350.0,3.55,3.45,3.55,-0.1500001,-4.0540566,13.0,1495,0.24311059631347653,False,REGULAR,USD,Call,2026-09-18,262
1430,AAPL260918C00360000,2025-12-30 16:41:23+00:00,360.0,2.6,2.6,2.67,-0.3000002,-10.344833,18.0,354,0.2423781817626953,False,REGULAR,USD,Call,2026-09-18,262
1431,AAPL260918C00370000,2025-12-30 16:41:18+00:00,370.0,1.95,1.96,2.02,-0.16999984,-8.018861,35.0,386,0.24250025085449217,False,REGULAR,USD,Call,2026-09-18,262
1432,AAPL260918C00380000,2025-12-30 20:08:33+00:00,380.0,1.52,1.48,1.53,-0.08000004,-5.0000024,32.0,190,0.24292749267578123,False,REGULAR,USD,Call,2026-09-18,262
1433,AAPL260918C00390000,2025-12-29 16:33:07+00:00,390.0,1.21,1.12,1.17,0.0,0.0,20.0,646,0.24390404541015626,False,REGULAR,USD,Call,2026-09-18,262
1434,AAPL260918C00400000,2025-12-30 18:11:04+00:00,400.0,0.88,0.85,0.9,-0.13,-12.871287,5.0,1858,0.2452468054199219,False,REGULAR,USD,Call,2026-09-18,262
1435,AAPL260918C00410000,2025-12-18 14:33:02+00:00,410.0,0.78,0.65,0.69,0.0,0.0,1.0,65,0.24646749633789064,False,REGULAR,USD,Call,2026-09-18,262
1436,AAPL260918C00420000,2025-12-30 17:39:36+00:00,420.0,0.52,0.5,0.54,-0.08000004,-13.333339,1.0,198,0.24842060180664063,False,REGULAR,USD,Call,2026-09-18,262
1437,AAPL260918C00430000,2025-12-23 19:58:41+00:00,430.0,0.45,0.38,0.43,0.0,0.0,3.0,41,0.25086198364257806,False,REGULAR,USD,Call,2026-09-18,262
1438,AAPL260918C00440000,2025-12-24 14:33:30+00:00,440.0,0.36,0.29,0.34,0.0,0.0,1.0,70,0.252937158203125,False,REGULAR,USD,Call,2026-09-18,262
1439,AAPL260918C00450000,2025-12-29 16:00:20+00:00,450.0,0.26,0.23,0.27,0.0,0.0,136.0,196,0.25489026367187506,False,REGULAR,USD,Call,2026-09-18,262
1440,AAPL260918C00460000,2025-12-26 17:11:14+00:00,460.0,0.22,0.17,0.22,0.0,0.0,7.0,151,0.25757578369140627,False,REGULAR,USD,Call,2026-09-18,262
1441,AAPL260918C00470000,2025-11-18 14:30:36+00:00,470.0,0.56,0.13,0.18,0.0,0.0,,2,0.2602613037109375,False,REGULAR,USD,Call,2026-09-18,262
1442,AAPL260918C00480000,2025-12-03 16:05:01+00:00,480.0,0.48,0.1,0.15,0.0,0.0,7.0,54,0.26319096191406255,False,REGULAR,USD,Call,2026-09-18,262
1443,AAPL260918C00490000,2025-12-01 15:03:00+00:00,490.0,0.3,0.08,0.13,0.0,0.0,1.0,5,0.26709717285156254,False,REGULAR,USD,Call,2026-09-18,262
1444,AAPL260918C00500000,2025-12-12 15:10:53+00:00,500.0,0.11,0.06,0.11,-0.07000001,-38.888893,1.0,38,0.270515107421875,False,REGULAR,USD,Call,2026-09-18,262
1445,AAPL260918C00510000,2025-12-08 16:43:24+00:00,510.0,0.2,0.04,0.09,0.0,0.0,1.0,17,0.27246821289062495,False,REGULAR,USD,Call,2026-09-18,262
1446,AAPL260918C00520000,2025-12-19 16:12:22+00:00,520.0,0.07,0.0,0.6,0.0,0.0,20.0,87,0.350470362548828,False,REGULAR,USD,Call,2026-09-18,262
1447,AAPL260918C00530000,2025-12-29 18:29:41+00:00,530.0,0.05,0.03,0.07,0.0,0.0,7.0,1806,0.2797923583984374,False,REGULAR,USD,Call,2026-09-18,262
1448,AAPL260918P00050000,2025-12-03 19:36:45+00:00,50.0,0.02,0.02,0.11,0.0,0.0,100.0,545,0.7304714453125,False,REGULAR,USD,Put,2026-09-18,262
1449,AAPL260918P00055000,2025-11-07 15:10:47+00:00,55.0,0.06,0.0,0.15,0.0,0.0,1.0,154,0.6992217578125001,False,REGULAR,USD,Put,2026-09-18,262
1450,AAPL260918P00060000,2025-12-03 14:30:00+00:00,60.0,0.05,0.0,0.2,0.0,0.0,1.0,73,0.6826203613281252,False,REGULAR,USD,Put,2026-09-18,262
1451,AAPL260918P00065000,2025-10-31 17:00:26+00:00,65.0,0.07,0.0,0.18,0.0,0.0,86.0,13,0.64062859375,False,REGULAR,USD,Put,2026-09-18,262
1452,AAPL260918P00070000,2025-10-08 14:54:06+00:00,70.0,0.12,0.03,0.19,0.0,0.0,1.0,129,0.6210975390625001,False,REGULAR,USD,Put,2026-09-18,262
1453,AAPL260918P00075000,2025-12-26 16:21:18+00:00,75.0,0.07,0.0,0.25,0.0,0.0,20.0,122,0.5996133789062501,False,REGULAR,USD,Put,2026-09-18,262
1454,AAPL260918P00080000,2025-12-17 14:30:01+00:00,80.0,0.1,0.05,0.08,0.0,0.0,3.0,11,0.5312546875,False,REGULAR,USD,Put,2026-09-18,262
1455,AAPL260918P00085000,2025-12-26 14:30:03+00:00,85.0,0.1,0.05,0.31,0.0,0.0,29.0,64,0.5668988623046876,False,REGULAR,USD,Put,2026-09-18,262
1456,AAPL260918P00090000,2025-12-23 18:14:48+00:00,90.0,0.11,0.1,0.13,0.0,0.0,10.0,46,0.5127001855468749,False,REGULAR,USD,Put,2026-09-18,262
1457,AAPL260918P00095000,2025-12-09 19:08:06+00:00,95.0,0.18,0.1,0.15,0.0,0.0,1.0,46,0.5039112109375,False,REGULAR,USD,Put,2026-09-18,262
1458,AAPL260918P00100000,2025-12-09 19:21:36+00:00,100.0,0.21,0.14,0.17,0.0,0.0,2.0,414,0.48828636718750007,False,REGULAR,USD,Put,2026-09-18,262
1459,AAPL260918P00105000,2025-12-09 19:07:30+00:00,105.0,0.26,0.15,0.2,0.0,0.0,1.0,235,0.47510290527343746,False,REGULAR,USD,Put,2026-09-18,262
1460,AAPL260918P00110000,2025-12-24 14:57:38+00:00,110.0,0.2,0.18,0.23,0.0,0.0,10.0,156,0.46143116699218756,False,REGULAR,USD,Put,2026-09-18,262
1461,AAPL260918P00115000,2025-12-24 14:30:09+00:00,115.0,0.24,0.21,0.26,0.0,0.0,9.0,371,0.44775942871093743,False,REGULAR,USD,Put,2026-09-18,262
1462,AAPL260918P00120000,2025-12-04 15:14:25+00:00,120.0,0.42,0.25,0.3,0.0,0.0,1.0,1175,0.43530838134765626,False,REGULAR,USD,Put,2026-09-18,262
1463,AAPL260918P00125000,2025-11-26 15:14:56+00:00,125.0,0.58,0.3,0.35,0.0,0.0,1.0,33,0.4243221630859375,False,REGULAR,USD,Put,2026-09-18,262
1464,AAPL260918P00130000,2025-12-18 14:58:30+00:00,130.0,0.57,0.35,0.4,0.0,0.0,3.0,318,0.41260353027343744,False,REGULAR,USD,Put,2026-09-18,262
1465,AAPL260918P00135000,2025-12-23 20:00:18+00:00,135.0,0.47,0.41,0.46,0.0,0.0,5.0,132,0.4018614501953125,False,REGULAR,USD,Put,2026-09-18,262
1466,AAPL260918P00140000,2025-12-29 19:08:50+00:00,140.0,0.54,0.49,0.54,0.0,0.0,1.0,244,0.39258419921875,False,REGULAR,USD,Put,2026-09-18,262
1467,AAPL260918P00145000,2025-12-30 15:56:23+00:00,145.0,0.62,0.57,0.62,0.030000031,5.084751,110.0,663,0.38245246459960935,False,REGULAR,USD,Put,2026-09-18,262
1468,AAPL260918P00150000,2025-12-30 20:28:54+00:00,150.0,0.7,0.67,0.72,0.00999999,1.449274,4.0,2583,0.3734193518066406,False,REGULAR,USD,Put,2026-09-18,262
1469,AAPL260918P00155000,2025-12-23 16:45:43+00:00,155.0,0.87,0.79,0.84,0.0,0.0,12.0,980,0.36499658447265626,False,REGULAR,USD,Put,2026-09-18,262
1470,AAPL260918P00160000,2025-12-29 17:01:46+00:00,160.0,0.95,0.93,0.98,-0.02000004,-2.0618598,1.0,3427,0.3569400244140625,False,REGULAR,USD,Put,2026-09-18,262
1471,AAPL260918P00165000,2025-12-24 17:24:59+00:00,165.0,1.06,1.08,1.14,0.0,0.0,6.0,2560,0.3491276025390625,False,REGULAR,USD,Put,2026-09-18,262
1472,AAPL260918P00170000,2025-12-30 16:26:24+00:00,170.0,1.29,1.27,1.32,-0.00999999,-0.76923007,5.0,3182,0.34125414611816407,False,REGULAR,USD,Put,2026-09-18,262
1473,AAPL260918P00175000,2025-12-30 16:19:23+00:00,175.0,1.52,1.48,1.53,0.01999998,1.3333321,10.0,1792,0.33374689697265625,False,REGULAR,USD,Put,2026-09-18,262
1474,AAPL260918P00180000,2025-12-24 14:33:32+00:00,180.0,1.75,1.72,1.78,0.0,0.0,5.0,2061,0.32684999328613284,False,REGULAR,USD,Put,2026-09-18,262
1475,AAPL260918P00185000,2025-12-29 15:25:35+00:00,185.0,2.06,2.0,2.06,0.0,0.0,1.0,3282,0.3198920550537109,False,REGULAR,USD,Put,2026-09-18,262
1476,AAPL260918P00190000,2025-12-30 16:26:04+00:00,190.0,2.34,2.32,2.38,0.049999952,2.183404,1.0,2331,0.3130561859130859,False,REGULAR,USD,Put,2026-09-18,262
1477,AAPL260918P00195000,2025-12-30 16:15:11+00:00,195.0,2.71,2.68,2.75,0.059999943,2.2641487,2.0,3673,0.30652548950195313,False,REGULAR,USD,Put,2026-09-18,262
1478,AAPL260918P00200000,2025-12-30 20:39:44+00:00,200.0,3.1,3.1,3.2,-0.09000015,-2.8213212,37.0,7582,0.30097134582519536,False,REGULAR,USD,Put,2026-09-18,262
1479,AAPL260918P00205000,2025-12-30 16:32:16+00:00,205.0,3.6,3.55,3.65,-0.05000019,-1.3698682,1.0,4070,0.2939218557739257,False,REGULAR,USD,Put,2026-09-18,262
1480,AAPL260918P00210000,2025-12-29 20:57:30+00:00,210.0,4.1,4.1,4.2,0.0,0.0,1.0,3058,0.287970987548828,False,REGULAR,USD,Put,2026-09-18,262
1481,AAPL260918P00215000,2025-12-29 20:35:14+00:00,215.0,4.75,4.7,4.8,0.0,0.0,14.0,2038,0.2816539120483398,False,REGULAR,USD,Put,2026-09-18,262
1482,AAPL260918P00220000,2025-12-29 19:29:32+00:00,220.0,5.43,5.4,5.5,-0.07000017,-1.2727304,1.0,1266,0.2758861474609374,False,REGULAR,USD,Put,2026-09-18,262
1483,AAPL260918P00225000,2025-12-26 18:48:23+00:00,225.0,6.1,6.15,6.3,0.0,0.0,1.0,2370,0.27042355560302733,False,REGULAR,USD,Put,2026-09-18,262
1484,AAPL260918P00230000,2025-12-30 20:38:21+00:00,230.0,7.05,7.0,7.15,0.0,0.0,10.0,2372,0.26425906646728514,False,REGULAR,USD,Put,2026-09-18,262
1485,AAPL260918P00235000,2025-12-30 19:59:58+00:00,235.0,7.97,8.0,8.15,-0.7800002,-8.9142885,2.0,1036,0.25891854370117195,False,REGULAR,USD,Put,2026-09-18,262
1486,AAPL260918P00240000,2025-12-24 14:39:31+00:00,240.0,9.02,9.1,9.25,0.0,0.0,1.0,5899,0.2534101759338379,False,REGULAR,USD,Put,2026-09-18,262
1487,AAPL260918P00245000,2025-12-26 15:46:15+00:00,245.0,10.38,10.3,10.45,0.21000004,2.064897,1.0,1309,0.24762715270996094,False,REGULAR,USD,Put,2026-09-18,262
1488,AAPL260918P00250000,2025-12-29 16:41:47+00:00,250.0,11.95,11.65,11.8,0.0,0.0,126.0,5016,0.24214930221557618,False,REGULAR,USD,Put,2026-09-18,262
1489,AAPL260918P00255000,2025-12-26 18:50:12+00:00,255.0,13.23,13.15,13.3,0.28999996,2.2411127,1.0,2919,0.23679352081298827,False,REGULAR,USD,Put,2026-09-18,262
1490,AAPL260918P00260000,2025-12-29 20:08:57+00:00,260.0,14.8,14.8,14.95,0.19000053,1.3004829,2.0,2214,0.23139196350097657,False,REGULAR,USD,Put,2026-09-18,262
1491,AAPL260918P00265000,2025-12-29 16:31:30+00:00,265.0,16.75,16.6,16.75,0.0,0.0,5.0,1976,0.22588359573364258,False,REGULAR,USD,Put,2026-09-18,262
1492,AAPL260918P00270000,2025-12-30 20:49:18+00:00,270.0,18.61,18.55,18.75,0.21000099,1.1413097,7.0,1364,0.22068040069580075,False,REGULAR,USD,Put,2026-09-18,262
1493,AAPL260918P00275000,2025-12-30 19:03:35+00:00,275.0,20.67,20.7,20.9,0.059999466,0.2911182,12.0,415,0.21512625701904298,True,REGULAR,USD,Put,2026-09-18,262
1494,AAPL260918P00280000,2025-12-30 17:00:51+00:00,280.0,23.5,23.05,23.25,0.3199997,1.3804991,2.0,402,0.20966366516113277,True,REGULAR,USD,Put,2026-09-18,262
1495,AAPL260918P00285000,2025-12-30 19:48:55+00:00,285.0,25.6,25.6,25.8,-0.07999992,-0.31152618,10.0,351,0.20420107330322262,True,REGULAR,USD,Put,2026-09-18,262
1496,AAPL260918P00290000,2025-12-22 16:27:59+00:00,290.0,29.42,28.35,28.55,0.0,0.0,2.0,218,0.1986469296264648,True,REGULAR,USD,Put,2026-09-18,262
1497,AAPL260918P00295000,2025-12-30 15:25:00+00:00,295.0,31.65,31.3,31.55,0.6000004,1.9323684,2.0,77,0.19352002777099608,True,REGULAR,USD,Put,2026-09-18,262
1498,AAPL260918P00300000,2025-12-30 17:14:35+00:00,300.0,35.0,34.5,34.75,0.29999924,0.86455107,1.0,674,0.18822528091430663,True,REGULAR,USD,Put,2026-09-18,262
1499,AAPL260918P00305000,2025-12-30 18:41:35+00:00,305.0,37.93,37.65,38.4,1.1300011,3.070655,1.0,1,0.18601277862548826,True,REGULAR,USD,Put,2026-09-18,262
1500,AAPL260918P00310000,2025-12-10 20:54:30+00:00,310.0,38.85,41.25,41.95,0.0,0.0,14.0,46,0.17984828948974607,True,REGULAR,USD,Put,2026-09-18,262
1501,AAPL260918P00320000,2025-12-24 17:20:56+00:00,320.0,47.72,48.95,49.75,0.0,0.0,2.0,81,0.168526381225586,True,REGULAR,USD,Put,2026-09-18,262
1502,AAPL260918P00325000,2025-12-24 17:19:03+00:00,325.0,51.84,53.1,53.95,0.0,0.0,,1,0.16309430664062502,True,REGULAR,USD,Put,2026-09-18,262
1503,AAPL260918P00330000,2025-12-24 17:17:17+00:00,330.0,56.1,57.4,58.45,0.0,0.0,2.0,189,0.16101913208007812,True,REGULAR,USD,Put,2026-09-18,262
1504,AAPL260918P00335000,2025-12-24 17:21:59+00:00,335.0,60.41,61.85,62.85,0.0,0.0,,1,0.15241326110839848,True,REGULAR,USD,Put,2026-09-18,262
1505,AAPL260918P00340000,2025-12-26 20:19:52+00:00,340.0,66.1,65.4,68.35,0.0,0.0,2.0,28,0.17652190673828128,True,REGULAR,USD,Put,2026-09-18,262
1506,AAPL260918P00350000,2025-12-12 17:04:07+00:00,350.0,72.3,75.05,78.8,0.0,0.0,25.0,0,0.20624573059082027,True,REGULAR,USD,Put,2026-09-18,262
1507,AAPL260918P00360000,2025-12-16 15:15:57+00:00,360.0,87.0,85.05,88.8,0.0,0.0,1.0,0,0.22315229980468748,True,REGULAR,USD,Put,2026-09-18,262
1508,AAPL260918P00380000,2025-11-24 20:51:47+00:00,380.0,103.77,105.05,108.8,0.0,0.0,1.0,0,0.2547071600341797,True,REGULAR,USD,Put,2026-09-18,262
1509,AAPL260918P00400000,2025-11-21 19:45:38+00:00,400.0,127.18,125.05,128.8,0.0,0.0,2.0,0,0.28375960388183585,True,REGULAR,USD,Put,2026-09-18,262
1510,AAPL260918P00420000,2025-11-21 19:47:51+00:00,420.0,147.75,145.05,148.75,0.0,0.0,5.0,0,0.3089668713378906,True,REGULAR,USD,Put,2026-09-18,262
1511,AAPL261218C00005000,2025-11-17 15:15:39+00:00,5.0,264.64,266.35,270.0,0.0,0.0,1.0,2,1.6328143359374998,True,REGULAR,USD,Call,2026-12-18,353
1512,AAPL261218C00010000,2025-09-25 18:39:45+00:00,10.0,245.23,260.75,264.45,0.0,0.0,10.0,0,1.9956054907226561,True,REGULAR,USD,Call,2026-12-18,353
1513,AAPL261218C00015000,2025-06-23 13:37:47+00:00,15.0,186.06,211.25,214.8,0.0,0.0,4.0,5,1.0000000000000003e-05,True,REGULAR,USD,Call,2026-12-18,353
1514,AAPL261218C00020000,2025-10-22 15:07:35+00:00,20.0,240.8,255.65,259.55,0.0,0.0,1.0,5,2.0046436602783206,True,REGULAR,USD,Call,2026-12-18,353
1515,AAPL261218C00025000,2025-07-09 17:23:44+00:00,25.0,184.65,201.6,205.15,0.0,0.0,1.0,2,1.0000000000000003e-05,True,REGULAR,USD,Call,2026-12-18,353
1516,AAPL261218C00030000,2025-08-12 13:41:01+00:00,30.0,199.1,0.0,0.0,0.0,0.0,2.0,10,1.0000000000000003e-05,True,REGULAR,USD,Call,2026-12-18,353
1517,AAPL261218C00035000,2025-12-29 20:20:28+00:00,35.0,240.37,236.9,240.75,0.0,0.0,2.0,1,1.0371141894531253,True,REGULAR,USD,Call,2026-12-18,353
1518,AAPL261218C00040000,2025-05-27 17:01:33+00:00,40.0,161.68,160.2,163.5,0.0,0.0,1.0,0,1.0000000000000003e-05,True,REGULAR,USD,Call,2026-12-18,353
1519,AAPL261218C00045000,2025-05-06 17:35:58+00:00,45.0,156.53,155.9,159.8,0.0,0.0,1.0,57,1.0000000000000003e-05,True,REGULAR,USD,Call,2026-12-18,353
1520,AAPL261218C00050000,2025-12-17 19:52:06+00:00,50.0,225.28,223.3,225.5,0.0,0.0,10.0,1992,0.9414068359375,True,REGULAR,USD,Call,2026-12-18,353
1521,AAPL261218C00060000,2025-12-19 17:57:25+00:00,60.0,212.68,212.9,216.65,0.0,0.0,3.0,279,0.8813488427734374,True,REGULAR,USD,Call,2026-12-18,353
1522,AAPL261218C00070000,2025-10-31 19:57:28+00:00,70.0,203.0,216.85,220.5,0.0,0.0,2.0,2524,1.4591091497802733,True,REGULAR,USD,Call,2026-12-18,353
1523,AAPL261218C00080000,2025-12-10 20:46:18+00:00,80.0,202.0,193.7,197.45,0.0,0.0,4.0,398,0.7785666674804688,True,REGULAR,USD,Call,2026-12-18,353
1524,AAPL261218C00085000,2025-12-05 14:46:56+00:00,85.0,197.23,188.9,192.6,0.0,0.0,37.0,652,0.7534204345703125,True,REGULAR,USD,Call,2026-12-18,353
1525,AAPL261218C00090000,2025-12-29 17:55:25+00:00,90.0,186.28,184.15,187.85,0.0,0.0,16.0,492,0.7336452416992187,True,REGULAR,USD,Call,2026-12-18,353
1526,AAPL261218C00095000,2025-12-05 19:47:58+00:00,95.0,187.67,179.35,183.05,0.0,0.0,1.0,101,0.7113676324462892,True,REGULAR,USD,Call,2026-12-18,353
1527,AAPL261218C00100000,2025-12-30 16:15:51+00:00,100.0,176.37,175.35,177.55,0.2899933,0.16469406,12.0,3198,0.6922027850341796,True,REGULAR,USD,Call,2026-12-18,353
1528,AAPL261218C00105000,2025-11-07 14:40:31+00:00,105.0,168.76,169.8,173.5,0.0,0.0,1.0,176,0.671023797607422,True,REGULAR,USD,Call,2026-12-18,353
1529,AAPL261218C00110000,2025-12-17 18:05:25+00:00,110.0,167.7,165.0,168.75,0.0,0.0,8.0,476,0.6515537774658204,True,REGULAR,USD,Call,2026-12-18,353
1530,AAPL261218C00115000,2025-12-12 16:38:55+00:00,115.0,167.45,160.25,163.95,0.0,0.0,4.0,293,0.6324499645996093,True,REGULAR,USD,Call,2026-12-18,353
1531,AAPL261218C00120000,2025-12-30 20:51:12+00:00,120.0,157.25,155.75,158.8,-0.17999268,-0.114331886,22.0,1365,0.6118202880859377,True,REGULAR,USD,Call,2026-12-18,353
1532,AAPL261218C00125000,2025-12-30 20:52:34+00:00,125.0,152.42,151.25,154.15,0.9700012,0.6404762,3.0,423,0.6004678625488282,True,REGULAR,USD,Call,2026-12-18,353
1533,AAPL261218C00130000,2025-12-30 16:53:18+00:00,130.0,147.49,146.85,148.95,-6.0599976,-3.9465954,2.0,1422,0.5813030151367188,True,REGULAR,USD,Call,2026-12-18,353
1534,AAPL261218C00135000,2025-12-30 18:11:05+00:00,135.0,143.2,141.3,145.15,1.2599945,0.88769513,1.0,705,0.5664105859375,True,REGULAR,USD,Call,2026-12-18,353
1535,AAPL261218C00140000,2025-12-05 20:38:41+00:00,140.0,145.5,136.75,140.1,0.0,0.0,2.0,1065,0.5478560839843751,True,REGULAR,USD,Call,2026-12-18,353
1536,AAPL261218C00145000,2025-12-11 20:02:35+00:00,145.0,139.21,131.95,135.65,0.0,0.0,1.0,480,0.5344284838867188,True,REGULAR,USD,Call,2026-12-18,353
1537,AAPL261218C00150000,2025-12-17 17:32:08+00:00,150.0,129.96,127.3,131.0,0.0,0.0,2.0,498,0.520237951965332,True,REGULAR,USD,Call,2026-12-18,353
1538,AAPL261218C00155000,2025-12-30 15:12:33+00:00,155.0,124.45,122.65,126.35,0.76999664,0.62257165,1.0,305,0.5059863854980469,True,REGULAR,USD,Call,2026-12-18,353
1539,AAPL261218C00160000,2025-12-29 20:49:52+00:00,160.0,120.55,118.65,121.3,0.0,0.0,10.0,1001,0.5239305419921875,True,REGULAR,USD,Call,2026-12-18,353
1540,AAPL261218C00165000,2025-12-22 20:37:33+00:00,165.0,113.88,113.45,117.2,0.0,0.0,2.0,488,0.5191698474121094,True,REGULAR,USD,Call,2026-12-18,353
1541,AAPL261218C00170000,2025-12-29 17:45:46+00:00,170.0,110.83,109.6,112.05,0.0,0.0,2.0,1116,0.49313861358642586,True,REGULAR,USD,Call,2026-12-18,353
1542,AAPL261218C00175000,2025-12-26 14:30:10+00:00,175.0,107.5,105.7,107.35,0.0,0.0,15.0,847,0.47638463073730464,True,REGULAR,USD,Call,2026-12-18,353
1543,AAPL261218C00180000,2025-12-30 16:28:22+00:00,180.0,102.0,101.3,102.3,-1.3199997,-1.277584,2.0,989,0.45346615875244145,True,REGULAR,USD,Call,2026-12-18,353
1544,AAPL261218C00185000,2025-12-30 15:04:33+00:00,185.0,97.5,96.85,97.9,0.069999695,0.07184614,3.0,1306,0.4424494232177735,True,REGULAR,USD,Call,2026-12-18,353
1545,AAPL261218C00190000,2025-12-30 17:28:33+00:00,190.0,92.37,92.6,93.3,-0.6800003,-0.7307902,2.0,958,0.4277706149291992,True,REGULAR,USD,Call,2026-12-18,353
1546,AAPL261218C00195000,2025-12-16 17:14:02+00:00,195.0,90.43,88.2,88.95,0.0,0.0,100.0,1136,0.4169675003051757,True,REGULAR,USD,Call,2026-12-18,353
1547,AAPL261218C00200000,2025-12-30 16:30:08+00:00,200.0,84.1,83.95,84.6,-1.0999985,-1.2910781,2.0,23139,0.4057981784057617,True,REGULAR,USD,Call,2026-12-18,353
1548,AAPL261218C00205000,2025-12-26 18:36:22+00:00,205.0,81.45,79.65,80.5,0.0,0.0,1.0,10,0.3978331701660156,True,REGULAR,USD,Call,2026-12-18,353
1549,AAPL261218C00210000,2025-12-30 20:20:23+00:00,210.0,76.26,75.65,76.2,0.05000305,0.06561219,3.0,5899,0.386450227355957,True,REGULAR,USD,Call,2026-12-18,353
1550,AAPL261218C00215000,2025-12-24 15:05:30+00:00,215.0,72.95,71.45,72.25,0.0,0.0,10.0,24,0.3792786682128906,True,REGULAR,USD,Call,2026-12-18,353
1551,AAPL261218C00220000,2025-12-29 18:31:26+00:00,220.0,67.78,67.65,68.1,-0.73999786,-1.0799736,1.0,3532,0.3688417608642578,True,REGULAR,USD,Call,2026-12-18,353
1552,AAPL261218C00225000,2025-12-26 16:51:16+00:00,225.0,65.57,63.6,64.35,0.0,0.0,1.0,33,0.36273830627441406,True,REGULAR,USD,Call,2026-12-18,353
1553,AAPL261218C00230000,2025-12-30 17:22:07+00:00,230.0,59.74,59.9,60.35,-1.2299995,-2.0173848,14.0,5163,0.35288122711181635,True,REGULAR,USD,Call,2026-12-18,353
1554,AAPL261218C00235000,2025-12-30 15:41:11+00:00,235.0,56.2,56.15,56.7,-0.25,-0.44286978,7.0,22,0.3463810479736328,True,REGULAR,USD,Call,2026-12-18,353
1555,AAPL261218C00240000,2025-12-30 17:17:45+00:00,240.0,52.75,52.55,53.0,-0.54999924,-1.0318935,5.0,6034,0.33847707427978513,True,REGULAR,USD,Call,2026-12-18,353
1556,AAPL261218C00245000,2025-12-26 18:55:51+00:00,245.0,51.1,48.95,49.65,0.0,0.0,2.0,78,0.33348750015258793,True,REGULAR,USD,Call,2026-12-18,353
1557,AAPL261218C00250000,2025-12-30 20:54:40+00:00,250.0,45.95,45.7,46.1,-0.54999924,-1.1827941,13.0,9774,0.3254767160034179,True,REGULAR,USD,Call,2026-12-18,353
1558,AAPL261218C00255000,2025-12-30 17:30:06+00:00,255.0,42.23,42.3,42.95,-0.86999893,-2.018559,1.0,44,0.32067024551391593,True,REGULAR,USD,Call,2026-12-18,353
1559,AAPL261218C00260000,2025-12-30 20:36:56+00:00,260.0,39.5,39.25,39.6,-0.61999893,-1.5453613,12.0,4423,0.3129035995483398,True,REGULAR,USD,Call,2026-12-18,353
1560,AAPL261218C00265000,2025-12-30 16:17:25+00:00,265.0,36.46,36.1,36.7,-1.2000008,-3.1864066,1.0,59,0.30857014678955075,True,REGULAR,USD,Call,2026-12-18,353
1561,AAPL261218C00270000,2025-12-30 18:21:31+00:00,270.0,33.55,33.3,33.65,-0.45000076,-1.3235316,4.0,5666,0.301764794921875,True,REGULAR,USD,Call,2026-12-18,353
1562,AAPL261218C00275000,2025-12-30 18:10:47+00:00,275.0,30.8,30.65,30.9,-0.25,-0.805153,6.0,144,0.2967752207946777,False,REGULAR,USD,Call,2026-12-18,353
1563,AAPL261218C00280000,2025-12-30 20:52:23+00:00,280.0,28.25,28.05,28.25,-0.25,-0.877193,70.0,4253,0.2916635775756835,False,REGULAR,USD,Call,2026-12-18,353
1564,AAPL261218C00285000,2025-12-30 16:53:17+00:00,285.0,25.36,25.55,25.8,-0.9200001,-3.5007613,1.0,171,0.28733012481689446,False,REGULAR,USD,Call,2026-12-18,353
1565,AAPL261218C00290000,2025-12-30 20:54:40+00:00,290.0,23.42,23.25,23.45,-0.42000008,-1.7617453,44.0,8427,0.28281356842041017,False,REGULAR,USD,Call,2026-12-18,353
1566,AAPL261218C00295000,2025-12-30 20:43:08+00:00,295.0,21.2,21.1,21.25,-0.42000008,-1.942646,11.0,135,0.27857166748046874,False,REGULAR,USD,Call,2026-12-18,353
1567,AAPL261218C00300000,2025-12-30 20:22:44+00:00,300.0,19.3,19.05,19.25,-0.25,-1.2787725,33.0,9460,0.27507743972778315,False,REGULAR,USD,Call,2026-12-18,353
1568,AAPL261218C00305000,2025-12-30 19:59:58+00:00,305.0,17.35,17.2,17.4,-0.4300003,-2.4184494,67.0,104,0.27188838470458976,False,REGULAR,USD,Call,2026-12-18,353
1569,AAPL261218C00310000,2025-12-30 19:10:20+00:00,310.0,15.77,15.5,15.65,-0.17999935,-1.1285226,27.0,3587,0.26853148468017574,False,REGULAR,USD,Call,2026-12-18,353
1570,AAPL261218C00315000,2025-12-30 16:16:44+00:00,315.0,13.98,13.9,14.1,-0.25,-1.7568518,1.0,1110,0.2660138096618652,False,REGULAR,USD,Call,2026-12-18,353
1571,AAPL261218C00320000,2025-12-30 16:38:59+00:00,320.0,12.4,12.45,12.6,-0.5500002,-4.2471056,30.0,9237,0.2628857891845704,False,REGULAR,USD,Call,2026-12-18,353
1572,AAPL261218C00325000,2025-12-29 19:58:46+00:00,325.0,11.6,11.15,11.3,-0.019999504,-0.17211278,1.0,1044,0.2607343214416504,False,REGULAR,USD,Call,2026-12-18,353
1573,AAPL261218C00330000,2025-12-30 17:30:33+00:00,330.0,10.1,9.95,10.1,-0.2699995,-2.6036596,44.0,2118,0.25858285369873046,False,REGULAR,USD,Call,2026-12-18,353
1574,AAPL261218C00335000,2025-12-30 14:30:01+00:00,335.0,9.09,8.9,9.05,-0.010000229,-0.10989262,5.0,47,0.2570569900512696,False,REGULAR,USD,Call,2026-12-18,353
1575,AAPL261218C00340000,2025-12-30 17:27:45+00:00,340.0,7.91,8.0,8.1,-0.31000042,-3.7712946,8.0,1309,0.25571423004150395,False,REGULAR,USD,Call,2026-12-18,353
1576,AAPL261218C00345000,2025-12-30 20:32:10+00:00,345.0,7.15,7.1,7.2,-0.52,-6.779661,91.0,18,0.25394422821044926,False,REGULAR,USD,Call,2026-12-18,353
1577,AAPL261218C00350000,2025-12-30 18:35:37+00:00,350.0,6.4,6.3,6.45,-0.15999985,-2.439022,2.0,7782,0.2531507791137696,False,REGULAR,USD,Call,2026-12-18,353
1578,AAPL261218C00360000,2025-12-30 18:35:37+00:00,360.0,5.05,5.0,5.1,-0.2999997,-5.6074715,12.0,2480,0.25083146636962883,False,REGULAR,USD,Call,2026-12-18,353
1579,AAPL261218C00370000,2025-12-26 17:18:05+00:00,370.0,4.0,3.95,4.1,-0.36000013,-8.256884,10.0,2513,0.2503737072753906,False,REGULAR,USD,Call,2026-12-18,353
1580,AAPL261218C00380000,2025-12-30 20:27:18+00:00,380.0,3.2,3.15,3.25,-0.13999987,-4.1916127,3.0,1270,0.24930560272216795,False,REGULAR,USD,Call,2026-12-18,353
1581,AAPL261218C00390000,2025-12-29 14:48:16+00:00,390.0,2.77,2.54,2.61,0.0,0.0,1.0,261,0.24933611999511718,False,REGULAR,USD,Call,2026-12-18,353
1582,AAPL261218C00400000,2025-12-30 17:57:30+00:00,400.0,2.06,2.04,2.1,-0.1400001,-6.363641,1.0,788,0.24964129272460936,False,REGULAR,USD,Call,2026-12-18,353
1583,AAPL261218C00410000,2025-12-29 14:59:32+00:00,410.0,1.81,1.65,1.72,0.0,0.0,30.0,481,0.2509230181884765,False,REGULAR,USD,Call,2026-12-18,353
1584,AAPL261218C00420000,2025-12-29 20:25:07+00:00,420.0,1.43,1.34,1.41,0.0,0.0,22.0,562,0.25214370910644535,False,REGULAR,USD,Call,2026-12-18,353
1585,AAPL261218C00430000,2025-12-29 14:30:01+00:00,430.0,1.2,1.09,1.16,0.0,0.0,1.0,359,0.25354750366210943,False,REGULAR,USD,Call,2026-12-18,353
1586,AAPL261218C00440000,2025-12-24 16:34:51+00:00,440.0,1.03,0.9,0.96,0.0,0.0,1.0,165,0.2550733673095704,False,REGULAR,USD,Call,2026-12-18,353
1587,AAPL261218C00450000,2025-12-29 18:03:46+00:00,450.0,0.8,0.74,0.8,0.0,0.0,33.0,1691,0.25678233459472655,False,REGULAR,USD,Call,2026-12-18,353
1588,AAPL261218C00460000,2025-12-26 18:44:11+00:00,460.0,0.73,0.62,0.68,0.0,0.0,1.0,20,0.25916268188476566,False,REGULAR,USD,Call,2026-12-18,353
1589,AAPL261218C00470000,2025-12-29 15:38:00+00:00,470.0,0.6,0.51,0.58,0.0,0.0,4.0,18,0.26148199462890626,False,REGULAR,USD,Call,2026-12-18,353
1590,AAPL261218C00480000,2025-12-29 16:42:10+00:00,480.0,0.49,0.43,0.49,0.02000001,4.255321,1.0,71,0.2633130310058594,False,REGULAR,USD,Call,2026-12-18,353
1591,AAPL261218C00490000,2025-12-29 16:42:10+00:00,490.0,0.4,0.36,0.43,0.0,0.0,3.0,44,0.26636475830078127,False,REGULAR,USD,Call,2026-12-18,353
1592,AAPL261218C00500000,2025-12-29 17:45:54+00:00,500.0,0.36,0.31,0.37,0.0,0.0,11.0,227,0.26856200195312496,False,REGULAR,USD,Call,2026-12-18,353
1593,AAPL261218C00510000,2025-12-29 16:42:10+00:00,510.0,0.29,0.26,0.33,0.0,0.0,8.0,45,0.27197993652343744,False,REGULAR,USD,Call,2026-12-18,353
1594,AAPL261218C00520000,2025-12-30 15:02:55+00:00,520.0,0.23,0.22,0.29,-0.019999996,-7.999998,1.0,309,0.274421318359375,False,REGULAR,USD,Call,2026-12-18,353
1595,AAPL261218C00530000,2025-12-30 17:08:09+00:00,530.0,0.2,0.2,0.25,-0.049999997,-19.999998,6.0,853,0.27637442382812494,False,REGULAR,USD,Call,2026-12-18,353
1596,AAPL261218P00005000,2025-12-30 19:58:30+00:00,5.0,0.01,0.0,0.23,-0.01,-50.0,1.0,104,1.671876640625,False,REGULAR,USD,Put,2026-12-18,353
1597,AAPL261218P00010000,2025-11-18 17:31:12+00:00,10.0,0.02,0.0,0.43,0.0,0.0,1.0,97,1.453127734375,False,REGULAR,USD,Put,2026-12-18,353
1598,AAPL261218P00015000,2025-11-26 20:56:45+00:00,15.0,0.01,0.0,0.43,0.0,0.0,4.0,629,1.2548865380859375,False,REGULAR,USD,Put,2026-12-18,353
1599,AAPL261218P00020000,2025-11-12 14:49:46+00:00,20.0,0.02,0.0,0.43,0.0,0.0,1.0,2870,1.12109814453125,False,REGULAR,USD,Put,2026-12-18,353
1600,AAPL261218P00025000,2025-12-22 16:10:48+00:00,25.0,0.03,0.0,0.44,0.0,0.0,99.0,597,1.0224658251953125,False,REGULAR,USD,Put,2026-12-18,353
1601,AAPL261218P00030000,2025-11-17 14:46:04+00:00,30.0,0.04,0.0,0.4,0.0,0.0,138.0,1174,0.929688203125,False,REGULAR,USD,Put,2026-12-18,353
1602,AAPL261218P00035000,2025-12-26 19:16:47+00:00,35.0,0.03,0.01,0.14,0.0,0.0,40.0,1401,0.773439765625,False,REGULAR,USD,Put,2026-12-18,353
1603,AAPL261218P00040000,2025-11-06 16:36:56+00:00,40.0,0.04,0.02,0.45,0.0,0.0,1.0,289,0.8227556787109375,False,REGULAR,USD,Put,2026-12-18,353
1604,AAPL261218P00045000,2025-10-30 17:37:48+00:00,45.0,0.03,0.03,0.16,0.0,0.0,46.0,673,0.6953155468750001,False,REGULAR,USD,Put,2026-12-18,353
1605,AAPL261218P00050000,2025-12-17 18:10:38+00:00,50.0,0.05,0.05,0.06,-0.009999998,-16.666662,3.0,4309,0.6191444335937502,False,REGULAR,USD,Put,2026-12-18,353
1606,AAPL261218P00060000,2025-12-10 19:01:43+00:00,60.0,0.1,0.04,0.07,0.0,0.0,131.0,1546,0.55273884765625,False,REGULAR,USD,Put,2026-12-18,353
1607,AAPL261218P00070000,2025-12-30 15:03:37+00:00,70.0,0.12,0.1,0.14,0.0,0.0,3.0,173,0.5410202148437502,False,REGULAR,USD,Put,2026-12-18,353
1608,AAPL261218P00080000,2025-12-30 18:21:30+00:00,80.0,0.16,0.12,0.18,-0.060000002,-27.272728,2.0,3395,0.5019581054687501,False,REGULAR,USD,Put,2026-12-18,353
1609,AAPL261218P00085000,2025-12-09 19:20:44+00:00,85.0,0.25,0.15,0.21,0.0,0.0,1.0,225,0.49805189453125004,False,REGULAR,USD,Put,2026-12-18,353
1610,AAPL261218P00090000,2025-12-12 14:41:04+00:00,90.0,0.27,0.18,0.24,0.0,0.0,25.0,1653,0.48242705078125003,False,REGULAR,USD,Put,2026-12-18,353
1611,AAPL261218P00095000,2025-12-29 14:30:01+00:00,95.0,0.27,0.22,0.28,0.0,0.0,10.0,2514,0.46973186523437505,False,REGULAR,USD,Put,2026-12-18,353
1612,AAPL261218P00100000,2025-12-24 16:34:17+00:00,100.0,0.28,0.26,0.32,0.0,0.0,84.0,2221,0.45606012695312503,False,REGULAR,USD,Put,2026-12-18,353
1613,AAPL261218P00105000,2025-12-29 14:57:00+00:00,105.0,0.35,0.3,0.36,0.0,0.0,100.0,2762,0.442388388671875,False,REGULAR,USD,Put,2026-12-18,353
1614,AAPL261218P00110000,2025-12-29 15:26:17+00:00,110.0,0.36,0.35,0.4,0.0,0.0,1.0,1509,0.428716650390625,False,REGULAR,USD,Put,2026-12-18,353
1615,AAPL261218P00115000,2025-12-22 14:30:44+00:00,115.0,0.51,0.41,0.48,0.0,0.0,1.0,1403,0.4204159521484375,False,REGULAR,USD,Put,2026-12-18,353
1616,AAPL261218P00120000,2025-12-29 14:31:32+00:00,120.0,0.52,0.48,0.55,-0.030000031,-5.4545507,1.0,1576,0.4096738720703125,False,REGULAR,USD,Put,2026-12-18,353
1617,AAPL261218P00125000,2025-12-24 14:30:08+00:00,125.0,0.63,0.56,0.63,0.0,0.0,3.0,3239,0.39942006835937505,False,REGULAR,USD,Put,2026-12-18,353
1618,AAPL261218P00130000,2025-12-30 16:31:18+00:00,130.0,0.72,0.66,0.72,0.02000004,2.8571486,1.0,1082,0.389654541015625,False,REGULAR,USD,Put,2026-12-18,353
1619,AAPL261218P00135000,2025-12-30 14:30:00+00:00,135.0,0.81,0.76,0.83,-0.07999998,-8.988762,1.0,1501,0.38086556640624997,False,REGULAR,USD,Put,2026-12-18,353
1620,AAPL261218P00140000,2025-12-29 19:08:12+00:00,140.0,0.93,0.89,0.95,0.0,0.0,2.0,1274,0.3719545227050781,False,REGULAR,USD,Put,2026-12-18,353
1621,AAPL261218P00145000,2025-12-29 19:31:29+00:00,145.0,1.05,1.03,1.09,0.0,0.0,3.0,1065,0.36365382446289063,False,REGULAR,USD,Put,2026-12-18,353
1622,AAPL261218P00150000,2025-12-30 20:21:41+00:00,150.0,1.23,1.2,1.26,0.00999999,0.81967133,94.0,1853,0.35632967895507806,False,REGULAR,USD,Put,2026-12-18,353
1623,AAPL261218P00155000,2025-12-24 17:47:42+00:00,155.0,1.39,1.38,1.45,0.0,0.0,1.0,794,0.3490055334472656,False,REGULAR,USD,Put,2026-12-18,353
1624,AAPL261218P00160000,2025-12-30 17:01:02+00:00,160.0,1.65,1.6,1.65,-0.00999999,-0.60240906,10.0,3099,0.3411931115722656,False,REGULAR,USD,Put,2026-12-18,353
1625,AAPL261218P00165000,2025-12-26 15:21:38+00:00,165.0,1.83,1.84,1.91,0.0,0.0,2.0,1409,0.3350896569824219,False,REGULAR,USD,Put,2026-12-18,353
1626,AAPL261218P00170000,2025-12-30 17:13:15+00:00,170.0,2.16,2.13,2.2,0.00999999,0.46511582,3.0,2276,0.3288641333007812,False,REGULAR,USD,Put,2026-12-18,353
1627,AAPL261218P00175000,2025-12-23 17:41:25+00:00,175.0,2.57,2.44,2.52,0.0,0.0,27.0,1534,0.32263860961914054,False,REGULAR,USD,Put,2026-12-18,353
1628,AAPL261218P00180000,2025-12-30 15:33:30+00:00,180.0,2.9,2.79,2.87,0.08000016,2.8368852,2.0,3226,0.3162299822998046,False,REGULAR,USD,Put,2026-12-18,353
1629,AAPL261218P00185000,2025-12-30 17:18:25+00:00,185.0,3.29,3.15,3.3,-0.00999999,-0.30303,3.0,1460,0.31098101135253897,False,REGULAR,USD,Put,2026-12-18,353
1630,AAPL261218P00190000,2025-12-29 16:12:48+00:00,190.0,3.75,3.6,3.75,0.0,0.0,100.0,3102,0.3050606604003906,False,REGULAR,USD,Put,2026-12-18,353
1631,AAPL261218P00195000,2025-12-30 20:13:53+00:00,195.0,4.15,4.1,4.25,-0.099999905,-2.352939,69.0,1793,0.29920134399414056,False,REGULAR,USD,Put,2026-12-18,353
1632,AAPL261218P00200000,2025-12-30 20:16:26+00:00,200.0,4.7,4.7,4.8,0.0,0.0,21.0,11272,0.2933420275878905,False,REGULAR,USD,Put,2026-12-18,353
1633,AAPL261218P00205000,2025-12-30 19:50:09+00:00,205.0,5.34,5.3,5.4,-0.059999943,-1.1111101,9.0,121,0.2873606420898437,False,REGULAR,USD,Put,2026-12-18,353
1634,AAPL261218P00210000,2025-12-30 19:48:24+00:00,210.0,6.02,6.0,6.1,-0.059999943,-0.9868412,17.0,2471,0.2820506365966796,False,REGULAR,USD,Put,2026-12-18,353
1635,AAPL261218P00215000,2025-12-30 17:31:25+00:00,215.0,6.85,6.75,6.9,0.099999905,1.4814801,20.0,42,0.27722890747070306,False,REGULAR,USD,Put,2026-12-18,353
1636,AAPL261218P00220000,2025-12-29 20:31:29+00:00,220.0,7.6,7.6,7.75,0.0,0.0,166.0,9873,0.27197993652343744,False,REGULAR,USD,Put,2026-12-18,353
1637,AAPL261218P00225000,2025-12-30 17:29:05+00:00,225.0,8.7,8.55,8.7,0.09999943,1.162784,4.0,95,0.26697510375976563,False,REGULAR,USD,Put,2026-12-18,353
1638,AAPL261218P00230000,2025-12-30 20:21:41+00:00,230.0,9.55,9.55,9.7,-0.19999981,-2.05128,101.0,4223,0.26148199462890626,False,REGULAR,USD,Put,2026-12-18,353
1639,AAPL261218P00235000,2025-12-30 19:05:19+00:00,235.0,10.65,10.7,10.85,0.09999943,0.94786185,6.0,169,0.25666026550292964,False,REGULAR,USD,Put,2026-12-18,353
1640,AAPL261218P00240000,2025-12-30 19:22:49+00:00,240.0,12.05,11.9,12.05,0.10000038,0.8368233,24.0,7882,0.2512281909179687,False,REGULAR,USD,Put,2026-12-18,353
1641,AAPL261218P00245000,2025-12-30 20:33:34+00:00,245.0,13.3,13.25,13.4,-0.17000008,-1.2620643,159.0,306,0.2462691340637207,False,REGULAR,USD,Put,2026-12-18,353
1642,AAPL261218P00250000,2025-12-30 20:02:52+00:00,250.0,14.7,14.7,14.9,0.05000019,0.34129825,41.0,2951,0.24166102584838867,False,REGULAR,USD,Put,2026-12-18,353
1643,AAPL261218P00255000,2025-12-30 15:32:05+00:00,255.0,16.56,16.3,16.5,0.5100002,3.1775718,2.0,24,0.23676300354003904,False,REGULAR,USD,Put,2026-12-18,353
1644,AAPL261218P00260000,2025-12-30 18:53:44+00:00,260.0,17.9,18.05,18.2,-0.13000107,-0.7210264,3.0,3647,0.23155980850219726,False,REGULAR,USD,Put,2026-12-18,353
1645,AAPL261218P00265000,2025-12-29 20:05:53+00:00,265.0,19.69,19.85,20.1,0.0,0.0,13.0,26,0.2269364416503906,False,REGULAR,USD,Put,2026-12-18,353
1646,AAPL261218P00270000,2025-12-30 20:16:09+00:00,270.0,21.85,21.9,22.1,-0.049999237,-0.22830702,62.0,2557,0.2218553157043457,False,REGULAR,USD,Put,2026-12-18,353
1647,AAPL261218P00275000,2025-12-30 19:47:22+00:00,275.0,24.05,24.05,24.3,-0.15999985,-0.6608833,3.0,63,0.21721669021606443,True,REGULAR,USD,Put,2026-12-18,353
1648,AAPL261218P00280000,2025-12-30 17:29:14+00:00,280.0,26.7,26.35,26.6,0.35000038,1.3282747,10.0,2337,0.21199823654174804,True,REGULAR,USD,Put,2026-12-18,353
1649,AAPL261218P00285000,2025-12-30 20:22:44+00:00,285.0,28.75,28.85,29.1,0.0,0.0,7.0,53,0.2070849555969238,True,REGULAR,USD,Put,2026-12-18,353
1650,AAPL261218P00290000,2025-12-29 20:05:41+00:00,290.0,31.2,31.5,31.8,0.0,0.0,1.0,283,0.20241581283569332,True,REGULAR,USD,Put,2026-12-18,353
1651,AAPL261218P00295000,2025-12-19 20:59:59+00:00,295.0,34.4,34.35,34.65,0.0,0.0,2.0,2,0.19748727325439452,True,REGULAR,USD,Put,2026-12-18,353
1652,AAPL261218P00300000,2025-12-23 16:27:06+00:00,300.0,38.5,37.35,37.6,0.0,0.0,2.0,5254,0.19173476730346684,True,REGULAR,USD,Put,2026-12-18,353
1653,AAPL261218P00305000,2025-12-17 15:39:52+00:00,305.0,40.35,40.55,40.8,0.0,0.0,,4,0.18659260681152345,True,REGULAR,USD,Put,2026-12-18,353
1654,AAPL261218P00310000,2025-12-15 14:42:05+00:00,310.0,43.3,43.7,44.4,0.0,0.0,3.0,69,0.18384605224609374,True,REGULAR,USD,Put,2026-12-18,353
1655,AAPL261218P00315000,2025-12-15 14:43:43+00:00,315.0,47.15,47.2,47.75,0.0,0.0,,3,0.17612518218994144,True,REGULAR,USD,Put,2026-12-18,353
1656,AAPL261218P00320000,2025-12-11 19:52:58+00:00,320.0,49.1,50.9,51.7,0.0,0.0,2.0,73,0.17350069671630858,True,REGULAR,USD,Put,2026-12-18,353
1657,AAPL261218P00325000,2025-12-24 14:30:44+00:00,325.0,55.08,54.8,55.65,0.0,0.0,3.0,2,0.16874000213623053,True,REGULAR,USD,Put,2026-12-18,353
1658,AAPL261218P00330000,2025-12-24 15:29:44+00:00,330.0,58.42,58.8,59.7,0.0,0.0,6.0,138,0.16291120300292972,True,REGULAR,USD,Put,2026-12-18,353
1659,AAPL261218P00340000,2025-12-24 17:23:59+00:00,340.0,65.8,67.35,68.35,0.0,0.0,4.0,283,0.15235222656250003,True,REGULAR,USD,Put,2026-12-18,353
1660,AAPL261218P00345000,2025-12-26 15:09:03+00:00,345.0,71.06,71.8,73.0,0.0,0.0,1.0,36,0.15046015563964849,True,REGULAR,USD,Put,2026-12-18,353
1661,AAPL261218P00350000,2025-12-24 17:25:19+00:00,350.0,74.9,76.45,77.7,0.0,0.0,2.0,51,0.14783567016601565,True,REGULAR,USD,Put,2026-12-18,353
1662,AAPL261218P00360000,2025-12-15 15:07:00+00:00,360.0,86.05,85.05,88.8,0.0,0.0,1.0,0,0.19254347503662111,True,REGULAR,USD,Put,2026-12-18,353
1663,AAPL261218P00370000,2025-12-05 18:21:09+00:00,370.0,91.17,95.05,98.8,0.0,0.0,2.0,0,0.206489868774414,True,REGULAR,USD,Put,2026-12-18,353
1664,AAPL261218P00380000,2025-11-26 19:31:13+00:00,380.0,101.61,105.1,108.8,0.0,0.0,3.0,0,0.2197953997802734,True,REGULAR,USD,Put,2026-12-18,353
1665,AAPL261218P00390000,2025-11-04 17:16:25+00:00,390.0,120.22,115.1,118.8,0.0,0.0,1.0,0,0.23255161987304687,True,REGULAR,USD,Put,2026-12-18,353
1666,AAPL261218P00400000,2025-12-02 17:08:35+00:00,400.0,115.05,125.05,128.8,0.0,0.0,6.0,0,0.24481956359863283,True,REGULAR,USD,Put,2026-12-18,353
1667,AAPL261218P00410000,2025-11-04 17:16:25+00:00,410.0,140.2,135.05,138.8,0.0,0.0,1.0,0,0.25666026550292964,True,REGULAR,USD,Put,2026-12-18,353
1668,AAPL261218P00440000,2025-01-03 15:21:54+00:00,440.0,197.3,0.0,0.0,0.0,0.0,4.0,0,1.0000000000000003e-05,True,REGULAR,USD,Put,2026-12-18,353
1669,AAPL261218P00450000,2025-12-15 18:20:00+00:00,450.0,176.02,175.05,178.9,0.0,0.0,8.0,0,0.3030465203857422,True,REGULAR,USD,Put,2026-12-18,353
1670,AAPL261218P00460000,2025-12-15 18:20:00+00:00,460.0,185.84,185.05,188.8,0.0,0.0,,0,0.31000445861816406,True,REGULAR,USD,Put,2026-12-18,353
1671,AAPL270115C00005000,2025-11-26 20:09:53+00:00,5.0,274.2,266.3,270.0,0.0,0.0,13.0,20,1.5156274218749999,True,REGULAR,USD,Call,2027-01-15,381
1672,AAPL270115C00010000,2025-11-26 14:36:34+00:00,10.0,268.81,261.3,265.05,0.0,0.0,10.0,56,1.26172244140625,True,REGULAR,USD,Call,2027-01-15,381
1673,AAPL270115C00015000,2025-11-07 20:25:47+00:00,15.0,252.65,256.4,260.1,0.0,0.0,200.0,188,1.171879140625,True,REGULAR,USD,Call,2027-01-15,381
1674,AAPL270115C00020000,2025-12-29 16:29:42+00:00,20.0,253.5,251.4,255.25,0.0,0.0,5.0,24,1.0957076464843751,True,REGULAR,USD,Call,2027-01-15,381
1675,AAPL270115C00025000,2025-05-23 17:36:45+00:00,25.0,172.1,174.8,178.65,0.0,0.0,3.0,5,1.0000000000000003e-05,True,REGULAR,USD,Call,2027-01-15,381
1676,AAPL270115C00030000,2025-08-08 13:57:09+00:00,30.0,192.4,208.35,212.05,0.0,0.0,3.0,4,1.0000000000000003e-05,True,REGULAR,USD,Call,2027-01-15,381
1677,AAPL270115C00035000,2025-05-06 16:43:54+00:00,35.0,165.98,165.3,169.2,0.0,0.0,1.0,5,1.0000000000000003e-05,True,REGULAR,USD,Call,2027-01-15,381
1678,AAPL270115C00040000,2025-12-23 15:26:52+00:00,40.0,231.83,232.2,236.05,0.0,0.0,10.0,39,0.9853517089843751,True,REGULAR,USD,Call,2027-01-15,381
1679,AAPL270115C00045000,2025-10-09 13:39:10+00:00,45.0,213.4,227.25,230.95,0.0,0.0,1.0,2,0.91992267578125,True,REGULAR,USD,Call,2027-01-15,381
1680,AAPL270115C00050000,2025-12-18 14:44:09+00:00,50.0,219.85,222.75,226.45,0.0,0.0,3.0,76,0.9301764794921875,True,REGULAR,USD,Call,2027-01-15,381
1681,AAPL270115C00060000,2025-10-24 14:33:27+00:00,60.0,203.25,217.55,221.35,0.0,0.0,1.0,123,1.15625421875,True,REGULAR,USD,Call,2027-01-15,381
1682,AAPL270115C00070000,2025-12-23 15:17:30+00:00,70.0,203.7,203.6,207.3,0.0,0.0,1.0,165,0.8178729150390623,True,REGULAR,USD,Call,2027-01-15,381
1683,AAPL270115C00080000,2025-10-15 16:43:18+00:00,80.0,172.8,194.0,197.75,0.0,0.0,45.0,333,0.7681907946777344,True,REGULAR,USD,Call,2027-01-15,381
1684,AAPL270115C00085000,2025-12-29 18:28:03+00:00,85.0,191.75,189.25,192.95,0.0,0.0,50.0,107,0.7454859436035157,True,REGULAR,USD,Call,2027-01-15,381
1685,AAPL270115C00090000,2025-12-17 20:46:37+00:00,90.0,187.03,184.45,188.2,0.0,0.0,2.0,309,0.7233914379882812,True,REGULAR,USD,Call,2027-01-15,381
1686,AAPL270115C00095000,2025-12-30 16:12:23+00:00,95.0,181.25,179.7,183.35,-13.75,-7.051282,10.0,15,0.7007476214599608,True,REGULAR,USD,Call,2027-01-15,381
1687,AAPL270115C00100000,2025-12-30 19:58:44+00:00,100.0,177.03,174.95,178.55,-0.8200073,-0.46106678,20.0,471,0.6799958758544924,True,REGULAR,USD,Call,2027-01-15,381
1688,AAPL270115C00105000,2025-12-24 17:56:10+00:00,105.0,173.1,170.15,173.9,0.0,0.0,3.0,62,0.6618686157226563,True,REGULAR,USD,Call,2027-01-15,381
1689,AAPL270115C00110000,2025-12-23 16:01:33+00:00,110.0,165.33,165.4,169.15,0.0,0.0,5.0,198,0.6430699755859376,True,REGULAR,USD,Call,2027-01-15,381
1690,AAPL270115C00115000,2025-12-08 14:36:22+00:00,115.0,168.26,160.7,164.4,0.0,0.0,6.0,57,0.6254920263671876,True,REGULAR,USD,Call,2027-01-15,381
1691,AAPL270115C00120000,2025-12-29 16:10:43+00:00,120.0,157.8,155.95,159.65,0.0,0.0,5.0,559,0.6073037316894532,True,REGULAR,USD,Call,2027-01-15,381
1692,AAPL270115C00125000,2025-12-23 15:13:10+00:00,125.0,151.27,151.25,154.95,0.0,0.0,1.0,248,0.5910685424804689,True,REGULAR,USD,Call,2027-01-15,381
1693,AAPL270115C00130000,2025-12-29 18:01:09+00:00,130.0,148.67,146.55,150.25,0.0,0.0,45.0,305,0.5749554223632812,True,REGULAR,USD,Call,2027-01-15,381
1694,AAPL270115C00135000,2025-12-26 17:33:01+00:00,135.0,145.54,142.2,145.25,0.0,0.0,2.0,1575,0.5596662686157227,True,REGULAR,USD,Call,2027-01-15,381
1695,AAPL270115C00140000,2025-12-30 20:37:03+00:00,140.0,139.0,137.7,140.5,-1.4700012,-1.0464877,9.0,1564,0.5457809094238282,True,REGULAR,USD,Call,2027-01-15,381
1696,AAPL270115C00145000,2025-12-30 20:07:04+00:00,145.0,134.43,133.5,135.8,-0.75,-0.5548158,1.0,6393,0.5361984857177735,True,REGULAR,USD,Call,2027-01-15,381
1697,AAPL270115C00150000,2025-12-29 17:08:40+00:00,150.0,129.82,128.55,131.05,0.0,0.0,2.0,1694,0.516606396484375,True,REGULAR,USD,Call,2027-01-15,381
1698,AAPL270115C00155000,2025-12-23 16:43:25+00:00,155.0,124.13,123.3,127.0,0.0,0.0,10.0,138,0.5020191400146485,True,REGULAR,USD,Call,2027-01-15,381
1699,AAPL270115C00160000,2025-12-30 19:01:35+00:00,160.0,120.0,119.4,121.8,-1.1800003,-0.9737583,5.0,678,0.5145922564697265,True,REGULAR,USD,Call,2027-01-15,381
1700,AAPL270115C00165000,2025-12-22 14:53:15+00:00,165.0,116.25,115.1,117.9,0.0,0.0,1.0,324,0.5131884619140624,True,REGULAR,USD,Call,2027-01-15,381
1701,AAPL270115C00170000,2025-12-29 14:51:04+00:00,170.0,112.25,110.35,112.85,0.0,0.0,2.0,869,0.4895986099243165,True,REGULAR,USD,Call,2027-01-15,381
1702,AAPL270115C00175000,2025-12-30 18:12:43+00:00,175.0,106.7,106.65,107.35,-0.27000427,-0.25241122,2.0,1461,0.4585930606079103,True,REGULAR,USD,Call,2027-01-15,381
1703,AAPL270115C00180000,2025-12-30 19:26:33+00:00,180.0,102.79,102.2,102.95,0.12999725,0.12662892,21.0,913,0.44775942871093743,True,REGULAR,USD,Call,2027-01-15,381
1704,AAPL270115C00185000,2025-12-29 16:39:06+00:00,185.0,98.28,97.7,98.75,0.0,0.0,3.0,770,0.439885972290039,True,REGULAR,USD,Call,2027-01-15,381
1705,AAPL270115C00190000,2025-12-24 17:36:36+00:00,190.0,96.08,93.4,94.35,0.0,0.0,2.0,953,0.42828940856933595,True,REGULAR,USD,Call,2027-01-15,381
1706,AAPL270115C00195000,2025-12-30 17:05:34+00:00,195.0,88.83,89.2,90.05,-2.2200012,-2.438222,1.0,659,0.4178830184936523,True,REGULAR,USD,Call,2027-01-15,381
1707,AAPL270115C00200000,2025-12-30 20:33:27+00:00,200.0,85.2,85.0,85.6,-0.30000305,-0.35088077,33.0,13092,0.4049742120361328,True,REGULAR,USD,Call,2027-01-15,381
1708,AAPL270115C00210000,2025-12-30 20:29:27+00:00,210.0,77.13,76.75,77.25,-0.76000214,-0.97573775,17.0,2073,0.38577884735107415,True,REGULAR,USD,Call,2027-01-15,381
1709,AAPL270115C00220000,2025-12-30 20:51:26+00:00,220.0,68.9,68.85,69.25,-0.55999756,-0.8062159,2501.0,4530,0.3689333126831055,True,REGULAR,USD,Call,2027-01-15,381
1710,AAPL270115C00230000,2025-12-30 20:58:10+00:00,230.0,61.4,61.2,61.55,-0.5699997,-0.9197994,1067.0,8950,0.35309484802246094,True,REGULAR,USD,Call,2027-01-15,381
1711,AAPL270115C00240000,2025-12-30 17:31:34+00:00,240.0,53.72,53.85,54.3,-1.2299995,-2.2383976,19.0,7901,0.3393925924682617,True,REGULAR,USD,Call,2027-01-15,381
1712,AAPL270115C00250000,2025-12-30 20:02:36+00:00,250.0,47.4,47.0,47.45,-0.61999893,-1.2911265,47.0,9482,0.32663637237548826,True,REGULAR,USD,Call,2027-01-15,381
1713,AAPL270115C00260000,2025-12-30 20:26:24+00:00,260.0,41.0,40.7,41.0,-0.54999924,-1.3237046,13.0,14476,0.31439894592285156,True,REGULAR,USD,Call,2027-01-15,381
1714,AAPL270115C00270000,2025-12-30 20:43:01+00:00,270.0,35.0,34.8,35.1,-0.5,-1.4084507,75.0,7467,0.3037331590270996,True,REGULAR,USD,Call,2027-01-15,381
1715,AAPL270115C00280000,2025-12-30 20:33:33+00:00,280.0,29.6,29.5,29.7,-0.5799999,-1.9218023,18.0,18448,0.2937997866821288,False,REGULAR,USD,Call,2027-01-15,381
1716,AAPL270115C00290000,2025-12-30 20:11:02+00:00,290.0,24.91,24.65,24.9,-0.3600006,-1.4246166,25.0,3900,0.28528546752929684,False,REGULAR,USD,Call,2027-01-15,381
1717,AAPL270115C00300000,2025-12-30 20:31:14+00:00,300.0,20.55,20.5,20.65,-0.5,-2.375297,543.0,23087,0.27761037338256833,False,REGULAR,USD,Call,2027-01-15,381
1718,AAPL270115C00310000,2025-12-30 20:25:40+00:00,310.0,17.0,16.8,16.95,-0.20000076,-1.1627951,83.0,6525,0.27082028015136717,False,REGULAR,USD,Call,2027-01-15,381
1719,AAPL270115C00320000,2025-12-30 19:36:02+00:00,320.0,13.83,13.65,13.85,-0.3199997,-2.261482,78.0,10757,0.26555605056762693,False,REGULAR,USD,Call,2027-01-15,381
1720,AAPL270115C00330000,2025-12-30 20:47:37+00:00,330.0,11.1,11.05,11.25,-0.29999924,-2.6315722,38.0,5936,0.2612378564453125,False,REGULAR,USD,Call,2027-01-15,381
1721,AAPL270115C00340000,2025-12-30 20:30:45+00:00,340.0,9.0,8.9,9.05,-0.25,-2.7027028,8.0,2345,0.2572095764160156,False,REGULAR,USD,Call,2027-01-15,381
1722,AAPL270115C00350000,2025-12-30 20:32:10+00:00,350.0,7.24,7.15,7.3,-0.25,-3.3377838,149.0,11414,0.2545850909423829,False,REGULAR,USD,Call,2027-01-15,381
1723,AAPL270115C00360000,2025-12-29 18:12:39+00:00,360.0,5.95,5.75,5.9,0.0,0.0,5.0,3124,0.2529066409301758,False,REGULAR,USD,Call,2027-01-15,381
1724,AAPL270115C00370000,2025-12-30 20:38:29+00:00,370.0,4.7,4.6,4.75,-0.10000038,-2.0833411,15.0,1830,0.2514723291015625,False,REGULAR,USD,Call,2027-01-15,381
1725,AAPL270115C00380000,2025-12-30 16:06:52+00:00,380.0,3.7,3.7,3.85,-0.39999986,-9.756094,13.0,1637,0.2509230181884765,False,REGULAR,USD,Call,2027-01-15,381
1726,AAPL270115C00390000,2025-12-30 16:39:19+00:00,390.0,3.05,3.0,3.1,-0.25,-7.5757575,4.0,1303,0.2501906036376953,False,REGULAR,USD,Call,2027-01-15,381
1727,AAPL270115C00400000,2025-12-30 20:58:42+00:00,400.0,2.51,2.45,2.5,-0.16000009,-5.992512,15.0,3400,0.2498243963623047,False,REGULAR,USD,Call,2027-01-15,381
1728,AAPL270115C00410000,2025-12-30 19:17:59+00:00,410.0,2.02,1.98,2.05,-0.26,-11.403509,1.0,1292,0.25049577636718745,False,REGULAR,USD,Call,2027-01-15,381
1729,AAPL270115C00420000,2025-12-30 15:05:39+00:00,420.0,1.68,1.62,1.68,-0.110000014,-6.1452527,3.0,1731,0.2511671563720703,False,REGULAR,USD,Call,2027-01-15,381
1730,AAPL270115C00430000,2025-12-30 15:56:21+00:00,430.0,1.35,1.33,1.4,-0.07999992,-5.5944004,10.0,547,0.2525709509277344,False,REGULAR,USD,Call,2027-01-15,381
1731,AAPL270115C00440000,2025-12-30 16:39:19+00:00,440.0,1.12,1.1,1.17,-0.13,-10.4,1.0,1063,0.25403578002929694,False,REGULAR,USD,Call,2027-01-15,381
1732,AAPL270115C00450000,2025-12-30 20:11:29+00:00,450.0,0.96,0.94,0.98,-0.030000031,-3.030306,53.0,15479,0.2555616436767578,False,REGULAR,USD,Call,2027-01-15,381
1733,AAPL270115C00460000,2025-12-22 14:45:37+00:00,460.0,0.87,0.78,0.83,0.0,0.0,20.0,65,0.2573316455078125,False,REGULAR,USD,Call,2027-01-15,381
1734,AAPL270115C00470000,2025-12-08 18:34:10+00:00,470.0,1.22,0.65,0.74,0.0,0.0,2.0,85,0.2611157873535156,False,REGULAR,USD,Call,2027-01-15,381
1735,AAPL270115C00480000,2025-12-23 15:34:19+00:00,480.0,0.61,0.55,0.61,0.0,0.0,1.0,66,0.2616040637207031,False,REGULAR,USD,Call,2027-01-15,381
1736,AAPL270115C00490000,2025-12-24 14:30:13+00:00,490.0,0.53,0.37,0.53,0.0,0.0,1.0,43,0.26392337646484376,False,REGULAR,USD,Call,2027-01-15,381
1737,AAPL270115C00500000,2025-12-30 19:14:37+00:00,500.0,0.41,0.4,0.45,-0.060000002,-12.765958,2.0,786,0.26538820556640624,False,REGULAR,USD,Call,2027-01-15,381
1738,AAPL270115C00510000,2025-12-22 16:48:46+00:00,510.0,0.39,0.34,0.4,0.0,0.0,1.0,85,0.2683178637695312,False,REGULAR,USD,Call,2027-01-15,381
1739,AAPL270115C00520000,2025-12-12 20:45:10+00:00,520.0,0.53,0.2,0.35,0.0,0.0,22.0,30,0.270515107421875,False,REGULAR,USD,Call,2027-01-15,381
1740,AAPL270115C00530000,2025-12-30 20:17:11+00:00,530.0,0.28,0.27,0.31,0.0,0.0,18.0,2173,0.27295648925781246,False,REGULAR,USD,Call,2027-01-15,381
1741,AAPL270115C00540000,2025-12-30 17:30:03+00:00,540.0,0.22,0.21,0.27,-0.030000001,-12.0,35.0,147,0.27466545654296876,False,REGULAR,USD,Call,2027-01-15,381
1742,AAPL270115C00550000,2025-12-30 18:34:29+00:00,550.0,0.21,0.18,0.24,0.00999999,4.999995,2.0,1735,0.2771068383789062,False,REGULAR,USD,Call,2027-01-15,381
1743,AAPL270115P00005000,2025-12-05 14:33:49+00:00,5.0,0.01,0.0,0.01,0.0,0.0,545.0,3105,1.1875040625,False,REGULAR,USD,Put,2027-01-15,381
1744,AAPL270115P00010000,2025-11-11 17:45:32+00:00,10.0,0.02,0.0,0.43,0.0,0.0,1.0,143,1.3984405078125,False,REGULAR,USD,Put,2027-01-15,381
1745,AAPL270115P00015000,2025-11-07 15:23:45+00:00,15.0,0.02,0.0,0.44,0.0,0.0,1.0,83,1.2109414453124998,False,REGULAR,USD,Put,2027-01-15,381
1746,AAPL270115P00020000,2025-11-10 17:48:37+00:00,20.0,0.02,0.0,0.24,0.0,0.0,1.0,3437,1.0058643457031249,False,REGULAR,USD,Put,2027-01-15,381
1747,AAPL270115P00025000,2025-11-17 18:43:44+00:00,25.0,0.03,0.0,0.44,0.0,0.0,159.0,2620,0.98437515625,False,REGULAR,USD,Put,2027-01-15,381
1748,AAPL270115P00030000,2025-11-07 16:25:28+00:00,30.0,0.03,0.0,0.45,0.0,0.0,1.0,46,0.9082040429687499,False,REGULAR,USD,Put,2027-01-15,381
1749,AAPL270115P00035000,2025-11-18 17:29:18+00:00,35.0,0.06,0.0,0.45,0.0,0.0,5.0,117,0.8437515624999999,False,REGULAR,USD,Put,2027-01-15,381
1750,AAPL270115P00040000,2025-10-30 19:16:48+00:00,40.0,0.06,0.03,0.19,0.0,0.0,50.0,976,0.7246121289062499,False,REGULAR,USD,Put,2027-01-15,381
1751,AAPL270115P00045000,2025-10-31 17:07:08+00:00,45.0,0.04,0.04,0.29,0.0,0.0,16.0,85,0.711916943359375,False,REGULAR,USD,Put,2027-01-15,381
1752,AAPL270115P00050000,2025-12-30 18:28:05+00:00,50.0,0.07,0.06,0.29,0.0,0.0,10.0,2495,0.6748079394531252,False,REGULAR,USD,Put,2027-01-15,381
1753,AAPL270115P00060000,2025-12-30 18:28:27+00:00,60.0,0.1,0.09,0.12,0.0,0.0,5.0,616,0.569340244140625,False,REGULAR,USD,Put,2027-01-15,381
1754,AAPL270115P00070000,2025-12-03 19:26:53+00:00,70.0,0.19,0.1,0.16,0.0,0.0,4.0,149,0.52539537109375,False,REGULAR,USD,Put,2027-01-15,381
1755,AAPL270115P00080000,2025-12-26 15:54:20+00:00,80.0,0.17,0.14,0.21,0.0,0.0,1.0,699,0.5029346582031251,False,REGULAR,USD,Put,2027-01-15,381
1756,AAPL270115P00085000,2025-12-29 18:36:04+00:00,85.0,0.2,0.17,0.24,0.0,0.0,10.0,153,0.48730981445312505,False,REGULAR,USD,Put,2027-01-15,381
1757,AAPL270115P00090000,2025-12-29 18:36:04+00:00,90.0,0.24,0.21,0.27,0.0,0.0,10.0,1533,0.471684970703125,False,REGULAR,USD,Put,2027-01-15,381
1758,AAPL270115P00095000,2025-12-09 19:24:40+00:00,95.0,0.37,0.24,0.31,0.0,0.0,2.0,901,0.4580132324218751,False,REGULAR,USD,Put,2027-01-15,381
1759,AAPL270115P00100000,2025-12-30 17:49:49+00:00,100.0,0.32,0.29,0.35,-0.06999999,-17.948715,2.0,3633,0.44434149414062496,False,REGULAR,USD,Put,2027-01-15,381
1760,AAPL270115P00105000,2025-12-09 19:23:17+00:00,105.0,0.46,0.34,0.4,0.0,0.0,3.0,2338,0.4321345849609375,False,REGULAR,USD,Put,2027-01-15,381
1761,AAPL270115P00110000,2025-12-23 14:30:27+00:00,110.0,0.48,0.31,0.46,0.0,0.0,1.0,382,0.4211483666992188,False,REGULAR,USD,Put,2027-01-15,381
1762,AAPL270115P00115000,2025-12-26 14:31:43+00:00,115.0,0.51,0.46,0.53,0.0,0.0,1.0,890,0.4106504248046875,False,REGULAR,USD,Put,2027-01-15,381
1763,AAPL270115P00120000,2025-12-26 19:39:33+00:00,120.0,0.54,0.54,0.6,0.0,0.0,20.0,2614,0.3996642065429688,False,REGULAR,USD,Put,2027-01-15,381
1764,AAPL270115P00125000,2025-12-29 14:49:31+00:00,125.0,0.66,0.62,0.69,0.0,0.0,1.0,786,0.39014281738281253,False,REGULAR,USD,Put,2027-01-15,381
1765,AAPL270115P00130000,2025-12-26 16:50:43+00:00,130.0,0.73,0.73,0.79,0.0,0.0,1.0,3785,0.3809876354980468,False,REGULAR,USD,Put,2027-01-15,381
1766,AAPL270115P00135000,2025-12-26 16:50:43+00:00,135.0,0.85,0.84,0.91,0.0,0.0,2.0,1460,0.37256486816406253,False,REGULAR,USD,Put,2027-01-15,381
1767,AAPL270115P00140000,2025-12-30 14:42:52+00:00,140.0,1.01,0.98,1.04,-0.00999999,-0.98039126,1.0,2149,0.3640200317382813,False,REGULAR,USD,Put,2027-01-15,381
1768,AAPL270115P00145000,2025-12-26 16:45:42+00:00,145.0,1.13,1.13,1.2,0.0,0.0,10.0,11305,0.35645174804687496,False,REGULAR,USD,Put,2027-01-15,381
1769,AAPL270115P00150000,2025-12-30 20:26:47+00:00,150.0,1.35,1.32,1.38,0.0,0.0,21.0,4539,0.34918863708496095,False,REGULAR,USD,Put,2027-01-15,381
1770,AAPL270115P00155000,2025-12-26 18:46:20+00:00,155.0,1.52,1.51,1.59,0.0,0.0,41.0,663,0.34241380249023434,False,REGULAR,USD,Put,2027-01-15,381
1771,AAPL270115P00160000,2025-12-30 20:44:45+00:00,160.0,1.78,1.75,1.82,0.029999971,1.7142841,41.0,5821,0.3354558642578125,False,REGULAR,USD,Put,2027-01-15,381
1772,AAPL270115P00165000,2025-12-29 20:40:50+00:00,165.0,2.02,1.99,2.09,0.0,0.0,12.0,4298,0.3291693060302734,False,REGULAR,USD,Put,2027-01-15,381
1773,AAPL270115P00170000,2025-12-30 20:11:41+00:00,170.0,2.34,2.31,2.39,-0.0400002,-1.6806806,21.0,8649,0.3228827478027343,False,REGULAR,USD,Put,2027-01-15,381
1774,AAPL270115P00175000,2025-12-30 14:42:23+00:00,175.0,2.69,2.65,2.73,-0.049999952,-1.8248158,2.0,3222,0.316840327758789,False,REGULAR,USD,Put,2027-01-15,381
1775,AAPL270115P00180000,2025-12-22 20:32:37+00:00,180.0,3.4,3.0,3.15,0.0,0.0,210.0,8571,0.311957564086914,False,REGULAR,USD,Put,2027-01-15,381
1776,AAPL270115P00185000,2025-12-30 14:42:42+00:00,185.0,3.51,3.45,3.55,-0.099999905,-2.7700806,7.0,5300,0.30548790222167965,False,REGULAR,USD,Put,2027-01-15,381
1777,AAPL270115P00190000,2025-12-30 17:33:15+00:00,190.0,4.01,3.9,4.05,0.03000021,0.7537741,1.0,6274,0.3003304830932617,False,REGULAR,USD,Put,2027-01-15,381
1778,AAPL270115P00195000,2025-12-29 18:54:38+00:00,195.0,4.5,4.45,4.55,0.0,0.0,5.0,2917,0.2941354766845703,False,REGULAR,USD,Put,2027-01-15,381
1779,AAPL270115P00200000,2025-12-30 19:23:28+00:00,200.0,5.01,5.05,5.15,0.010000229,0.20000458,6.0,19626,0.2889170230102538,False,REGULAR,USD,Put,2027-01-15,381
1780,AAPL270115P00210000,2025-12-30 19:23:28+00:00,210.0,6.45,6.4,6.55,-0.11000013,-1.6768314,3.0,12279,0.2787242538452148,False,REGULAR,USD,Put,2027-01-15,381
1781,AAPL270115P00220000,2025-12-30 20:12:05+00:00,220.0,8.1,8.1,8.25,-0.14999962,-1.8181772,56.0,11868,0.26877562286376955,False,REGULAR,USD,Put,2027-01-15,381
1782,AAPL270115P00230000,2025-12-30 19:49:14+00:00,230.0,10.16,10.1,10.25,-0.03999996,-0.39215648,11.0,7419,0.25846078460693367,False,REGULAR,USD,Put,2027-01-15,381
1783,AAPL270115P00240000,2025-12-30 20:12:07+00:00,240.0,12.55,12.55,12.7,0.0,0.0,77.0,11564,0.2490156886291504,False,REGULAR,USD,Put,2027-01-15,381
1784,AAPL270115P00250000,2025-12-30 20:43:25+00:00,250.0,15.4,15.4,15.55,0.049999237,0.3257279,451.0,9713,0.23920438537597655,False,REGULAR,USD,Put,2027-01-15,381
1785,AAPL270115P00260000,2025-12-30 20:17:01+00:00,260.0,18.7,18.75,18.95,0.07999992,0.42964512,41.0,3944,0.23001868621826171,False,REGULAR,USD,Put,2027-01-15,381
1786,AAPL270115P00270000,2025-12-30 20:40:25+00:00,270.0,22.7,22.65,22.9,0.20000076,0.8888923,45.0,2660,0.22086350433349605,False,REGULAR,USD,Put,2027-01-15,381
1787,AAPL270115P00280000,2025-12-29 16:15:44+00:00,280.0,27.3,27.1,27.4,0.0,0.0,1.0,2380,0.21126582199096677,True,REGULAR,USD,Put,2027-01-15,381
1788,AAPL270115P00290000,2025-12-18 15:43:57+00:00,290.0,34.0,32.25,32.55,0.0,0.0,1.0,1221,0.20172917419433595,True,REGULAR,USD,Put,2027-01-15,381
1789,AAPL270115P00300000,2025-12-30 18:53:38+00:00,300.0,38.0,38.05,38.35,0.5099983,1.3603582,4.0,650,0.19185683639526369,True,REGULAR,USD,Put,2027-01-15,381
1790,AAPL270115P00310000,2025-12-30 18:53:38+00:00,310.0,44.44,44.5,44.85,1.4099998,3.2767835,20.0,208,0.18181665359497068,True,REGULAR,USD,Put,2027-01-15,381
1791,AAPL270115P00320000,2025-12-29 15:57:04+00:00,320.0,51.75,51.5,52.3,0.0,0.0,2.0,230,0.17456880126953128,True,REGULAR,USD,Put,2027-01-15,381
1792,AAPL270115P00330000,2025-12-30 16:44:28+00:00,330.0,60.13,59.3,60.25,0.5699997,0.9570176,1.0,163,0.16556620574951175,True,REGULAR,USD,Put,2027-01-15,381
1793,AAPL270115P00340000,2025-12-30 16:39:19+00:00,340.0,68.64,67.75,68.7,1.7200012,2.570235,1.0,330,0.15448843566894532,True,REGULAR,USD,Put,2027-01-15,381
1794,AAPL270115P00350000,2025-12-30 16:44:28+00:00,350.0,77.65,76.75,77.8,0.8100052,1.0541452,1.0,76,0.1456994610595703,True,REGULAR,USD,Put,2027-01-15,381
1795,AAPL270115P00360000,2025-12-15 15:28:15+00:00,360.0,85.75,85.05,88.75,0.0,0.0,1.0,0,0.1842732940673828,True,REGULAR,USD,Put,2027-01-15,381
1796,AAPL270115P00370000,2025-12-02 20:42:55+00:00,370.0,84.35,95.1,98.8,0.0,0.0,58.0,0,0.19879951599121093,True,REGULAR,USD,Put,2027-01-15,381
1797,AAPL270115P00380000,2025-12-30 16:33:53+00:00,380.0,107.94,106.05,107.8,5.830002,5.709531,1.0,0,0.1823201885986328,True,REGULAR,USD,Put,2027-01-15,381
1798,AAPL270115P00390000,2025-12-30 16:39:19+00:00,390.0,117.46,115.85,118.05,5.659996,5.0626082,2.0,0,0.2024005541992187,True,REGULAR,USD,Put,2027-01-15,381
1799,AAPL270115P00400000,2025-08-08 13:55:32+00:00,400.0,179.0,159.35,161.65,0.0,0.0,10.0,0,0.6134377035522461,True,REGULAR,USD,Put,2027-01-15,381
1800,AAPL270115P00410000,2024-12-10 14:30:05+00:00,410.0,162.74,177.85,181.5,0.0,0.0,,0,0.7147397911071778,True,REGULAR,USD,Put,2027-01-15,381
1801,AAPL270115P00420000,2025-09-22 15:20:28+00:00,420.0,165.0,145.85,149.55,0.0,0.0,20.0,0,0.27698476928710936,True,REGULAR,USD,Put,2027-01-15,381
1802,AAPL270115P00430000,2024-12-16 05:02:15+00:00,430.0,203.3,179.5,184.5,0.0,0.0,3.0,0,0.5779613737487792,True,REGULAR,USD,Put,2027-01-15,381
1803,AAPL270115P00440000,2025-11-26 14:30:02+00:00,440.0,162.08,165.05,168.8,0.0,0.0,20.0,0,0.27899890930175775,True,REGULAR,USD,Put,2027-01-15,381
1804,AAPL270115P00450000,2025-06-09 16:26:33+00:00,450.0,245.9,237.0,240.75,0.0,0.0,1.0,0,0.9492192578124999,True,REGULAR,USD,Put,2027-01-15,381
1805,AAPL270115P00530000,2025-11-19 14:49:13+00:00,530.0,260.32,255.05,258.75,0.0,0.0,10.0,0,0.3570620935058594,True,REGULAR,USD,Put,2027-01-15,381
1806,AAPL270115P00550000,2025-12-24 17:56:42+00:00,550.0,274.35,275.05,278.9,0.0,0.0,,0,0.37744763183593744,True,REGULAR,USD,Put,2027-01-15,381
1807,AAPL270617C00005000,2025-12-09 16:58:45+00:00,5.0,273.0,266.1,270.05,0.0,0.0,,1,2.3808634228515624,True,REGULAR,USD,Call,2027-06-17,534
1808,AAPL270617C00015000,2025-12-02 15:32:45+00:00,15.0,270.3,256.25,260.15,0.0,0.0,1.0,1,0.9492192578124999,True,REGULAR,USD,Call,2027-06-17,534
1809,AAPL270617C00050000,2025-11-24 14:30:02+00:00,50.0,223.45,223.1,226.95,0.0,0.0,1.0,9,0.8244646459960936,True,REGULAR,USD,Call,2027-06-17,534
1810,AAPL270617C00055000,2025-12-08 14:39:47+00:00,55.0,225.2,218.35,222.25,0.0,0.0,50.0,54,0.7993184130859375,True,REGULAR,USD,Call,2027-06-17,534
1811,AAPL270617C00060000,2025-11-21 15:24:28+00:00,60.0,213.0,213.65,217.5,0.0,0.0,12.0,16,0.7752708020019532,True,REGULAR,USD,Call,2027-06-17,534
1812,AAPL270617C00065000,2025-09-29 19:37:35+00:00,65.0,193.0,208.8,212.75,0.0,0.0,1.0,4,0.7475611181640626,True,REGULAR,USD,Call,2027-06-17,534
1813,AAPL270617C00070000,2025-04-09 14:33:03+00:00,70.0,116.0,131.9,136.5,0.0,0.0,1.0,0,1.0000000000000003e-05,True,REGULAR,USD,Call,2027-06-17,534
1814,AAPL270617C00075000,2025-07-21 16:21:46+00:00,75.0,143.0,155.1,158.7,0.0,0.0,1.0,42,1.0000000000000003e-05,True,REGULAR,USD,Call,2027-06-17,534
1815,AAPL270617C00080000,2025-10-22 13:32:36+00:00,80.0,184.62,199.5,203.3,0.0,0.0,1.0,232,0.8626112371826171,True,REGULAR,USD,Call,2027-06-17,534
1816,AAPL270617C00085000,2025-12-02 17:01:11+00:00,85.0,204.5,190.3,194.05,0.0,0.0,1.0,98,0.6767000103759766,True,REGULAR,USD,Call,2027-06-17,534
1817,AAPL270617C00090000,2025-07-30 17:14:51+00:00,90.0,124.8,145.75,149.25,0.0,0.0,3.0,15,1.0000000000000003e-05,True,REGULAR,USD,Call,2027-06-17,534
1818,AAPL270617C00095000,2025-09-22 18:01:52+00:00,95.0,165.15,181.1,184.9,0.0,0.0,1.0,40,0.6468541174316407,True,REGULAR,USD,Call,2027-06-17,534
1819,AAPL270617C00100000,2025-12-30 16:15:51+00:00,100.0,178.37,176.3,180.05,1.769989,1.0022588,2.0,127,0.6242713354492189,True,REGULAR,USD,Call,2027-06-17,534
1820,AAPL270617C00105000,2025-12-24 17:56:10+00:00,105.0,174.35,171.65,175.4,0.0,0.0,3.0,34,0.6079751116943359,True,REGULAR,USD,Call,2027-06-17,534
1821,AAPL270617C00110000,2025-12-22 20:25:41+00:00,110.0,167.18,167.05,170.75,0.0,0.0,1.0,42,0.5926554406738282,True,REGULAR,USD,Call,2027-06-17,534
1822,AAPL270617C00115000,2025-12-23 18:14:54+00:00,115.0,163.02,162.45,166.15,0.0,0.0,17.0,123,0.5782512878417969,True,REGULAR,USD,Call,2027-06-17,534
1823,AAPL270617C00120000,2025-12-29 15:02:57+00:00,120.0,160.57,157.85,161.55,0.0,0.0,4.0,75,0.5639081695556643,True,REGULAR,USD,Call,2027-06-17,534
1824,AAPL270617C00125000,2025-11-12 20:43:31+00:00,125.0,157.0,153.25,156.95,0.0,0.0,3.0,111,0.549656603088379,True,REGULAR,USD,Call,2027-06-17,534
1825,AAPL270617C00130000,2025-12-17 20:57:50+00:00,130.0,149.95,148.7,152.4,0.0,0.0,1.0,223,0.5366562448120118,True,REGULAR,USD,Call,2027-06-17,534
1826,AAPL270617C00135000,2025-12-11 14:50:22+00:00,135.0,148.86,144.15,147.85,0.0,0.0,4.0,90,0.5236558865356445,True,REGULAR,USD,Call,2027-06-17,534
1827,AAPL270617C00140000,2025-11-21 17:07:25+00:00,140.0,140.63,139.6,143.35,0.0,0.0,6.0,234,0.511174321899414,True,REGULAR,USD,Call,2027-06-17,534
1828,AAPL270617C00145000,2025-12-30 18:51:39+00:00,145.0,137.8,135.4,138.55,1.9400024,1.4279423,1.0,124,0.5280198565673828,True,REGULAR,USD,Call,2027-06-17,534
1829,AAPL270617C00150000,2025-12-30 19:11:20+00:00,150.0,132.6,130.65,134.4,2.350006,1.8042274,1.0,166,0.5204820901489257,True,REGULAR,USD,Call,2027-06-17,534
1830,AAPL270617C00155000,2025-12-04 17:58:50+00:00,155.0,136.3,126.25,129.95,0.0,0.0,2.0,138,0.5076038009643554,True,REGULAR,USD,Call,2027-06-17,534
1831,AAPL270617C00160000,2025-12-30 16:41:07+00:00,160.0,123.3,123.4,123.8,-1.1800003,-0.9479437,1.0,271,0.46796186340332036,True,REGULAR,USD,Call,2027-06-17,534
1832,AAPL270617C00165000,2025-12-23 17:40:46+00:00,165.0,118.0,118.15,120.45,0.0,0.0,5.0,153,0.47296669616699216,True,REGULAR,USD,Call,2027-06-17,534
1833,AAPL270617C00170000,2025-12-22 20:17:00+00:00,170.0,113.45,113.9,115.2,0.0,0.0,3.0,239,0.4489190850830078,True,REGULAR,USD,Call,2027-06-17,534
1834,AAPL270617C00175000,2025-12-30 20:30:03+00:00,175.0,110.9,110.45,110.9,-1.5,-1.3345195,27.0,260,0.439031488647461,True,REGULAR,USD,Call,2027-06-17,534
1835,AAPL270617C00180000,2025-12-30 20:38:21+00:00,180.0,106.55,106.25,106.65,0.8800049,0.83278596,1.0,965,0.4295558753967285,True,REGULAR,USD,Call,2027-06-17,534
1836,AAPL270617C00185000,2025-12-22 15:32:19+00:00,185.0,101.85,102.1,102.5,0.0,0.0,9.0,148,0.421102590789795,True,REGULAR,USD,Call,2027-06-17,534
1837,AAPL270617C00190000,2025-12-29 20:35:21+00:00,190.0,98.89,97.65,98.85,0.0,0.0,3.0,687,0.418401812133789,True,REGULAR,USD,Call,2027-06-17,534
1838,AAPL270617C00195000,2025-12-29 17:32:35+00:00,195.0,94.33,93.9,94.3,0.0,0.0,7.0,343,0.4043638665771484,True,REGULAR,USD,Call,2027-06-17,534
1839,AAPL270617C00200000,2025-12-30 20:12:06+00:00,200.0,90.35,89.95,90.3,0.25,0.2774695,2.0,7177,0.3966124792480469,True,REGULAR,USD,Call,2027-06-17,534
1840,AAPL270617C00210000,2025-12-30 19:28:33+00:00,210.0,82.8,82.15,82.55,-0.19999695,-0.24096018,9.0,4125,0.38254401641845703,True,REGULAR,USD,Call,2027-06-17,534
1841,AAPL270617C00220000,2025-12-30 20:48:26+00:00,220.0,75.0,74.65,75.0,-0.099998474,-0.13315377,98.0,3961,0.3686891744995118,True,REGULAR,USD,Call,2027-06-17,534
1842,AAPL270617C00230000,2025-12-30 20:51:57+00:00,230.0,67.65,67.45,67.8,-0.8499985,-1.2408737,53.0,3454,0.3562076098632812,True,REGULAR,USD,Call,2027-06-17,534
1843,AAPL270617C00240000,2025-12-29 20:44:44+00:00,240.0,60.5,60.6,60.95,-0.75,-1.2244898,1.0,1096,0.3447636325073242,True,REGULAR,USD,Call,2027-06-17,534
1844,AAPL270617C00250000,2025-12-29 20:21:00+00:00,250.0,54.98,54.1,54.45,0.0,0.0,9.0,2330,0.3340368110656738,True,REGULAR,USD,Call,2027-06-17,534
1845,AAPL270617C00260000,2025-12-29 16:20:54+00:00,260.0,48.2,48.05,48.35,-0.3999977,-0.8230406,10.0,3112,0.3242255078124999,True,REGULAR,USD,Call,2027-06-17,534
1846,AAPL270617C00270000,2025-12-30 19:08:22+00:00,270.0,42.8,42.35,42.65,-0.5,-1.1547344,20.0,3388,0.31508558456420893,True,REGULAR,USD,Call,2027-06-17,534
1847,AAPL270617C00280000,2025-12-30 20:52:21+00:00,280.0,37.2,37.1,37.4,-0.5999985,-1.5872976,52.0,6861,0.3068611795043945,False,REGULAR,USD,Call,2027-06-17,534
1848,AAPL270617C00290000,2025-12-30 19:40:12+00:00,290.0,32.57,32.3,32.6,-0.13000107,-0.39755678,18.0,2736,0.29943022354125975,False,REGULAR,USD,Call,2027-06-17,534
1849,AAPL270617C00300000,2025-12-30 18:08:13+00:00,300.0,28.05,27.95,28.2,-0.63000107,-2.1966565,49.0,4050,0.2923502162170409,False,REGULAR,USD,Call,2027-06-17,534
1850,AAPL270617C00310000,2025-12-30 20:52:54+00:00,310.0,24.28,24.05,24.3,-0.9200001,-3.6507938,38.0,837,0.2863688307189941,False,REGULAR,USD,Call,2027-06-17,534
1851,AAPL270617C00320000,2025-12-30 18:25:34+00:00,320.0,20.75,20.6,20.85,-0.5,-2.3529413,3.0,1501,0.2811808943176269,False,REGULAR,USD,Call,2027-06-17,534
1852,AAPL270617C00330000,2025-12-30 20:51:28+00:00,330.0,17.69,17.55,17.75,-0.90999985,-4.8924723,25.0,2594,0.276099768371582,False,REGULAR,USD,Call,2027-06-17,534
1853,AAPL270617C00340000,2025-12-30 14:30:01+00:00,340.0,15.1,14.85,15.1,-1.0699997,-6.6171904,8.0,846,0.27210200561523434,False,REGULAR,USD,Call,2027-06-17,534
1854,AAPL270617C00350000,2025-12-29 15:23:51+00:00,350.0,13.15,12.6,12.8,0.0,0.0,11.0,2985,0.2685925192260742,False,REGULAR,USD,Call,2027-06-17,534
1855,AAPL270617C00360000,2025-12-19 16:56:59+00:00,360.0,11.26,10.6,10.85,0.0,0.0,20.0,374,0.2658459646606446,False,REGULAR,USD,Call,2027-06-17,534
1856,AAPL270617C00370000,2025-12-22 15:44:55+00:00,370.0,9.45,8.95,9.15,0.0,0.0,1.0,237,0.26317570327758794,False,REGULAR,USD,Call,2027-06-17,534
1857,AAPL270617C00380000,2025-12-30 17:07:33+00:00,380.0,7.55,7.55,7.75,-0.60999966,-7.4754863,4.0,217,0.26142096008300786,False,REGULAR,USD,Call,2027-06-17,534
1858,AAPL270617C00390000,2025-12-29 16:48:32+00:00,390.0,6.56,6.35,6.55,0.0,0.0,2.0,283,0.2598340618896484,False,REGULAR,USD,Call,2027-06-17,534
1859,AAPL270617C00400000,2025-12-26 16:42:34+00:00,400.0,5.95,5.4,5.55,0.0,0.0,6.0,915,0.2587354400634766,False,REGULAR,USD,Call,2027-06-17,534
1860,AAPL270617C00410000,2025-12-18 15:41:36+00:00,410.0,5.09,4.55,4.7,0.0,0.0,50.0,275,0.257819921875,False,REGULAR,USD,Call,2027-06-17,534
1861,AAPL270617C00420000,2025-12-23 18:56:02+00:00,420.0,4.02,3.85,4.0,0.0,0.0,10.0,352,0.25739268005371096,False,REGULAR,USD,Call,2027-06-17,534
1862,AAPL270617C00430000,2025-12-29 17:10:41+00:00,430.0,3.43,3.3,3.45,0.0,0.0,2.0,545,0.2578809564208985,False,REGULAR,USD,Call,2027-06-17,534
1863,AAPL270617C00440000,2025-12-22 15:27:28+00:00,440.0,3.0,2.82,2.92,0.0,0.0,209.0,287,0.25724009368896483,False,REGULAR,USD,Call,2027-06-17,534
1864,AAPL270617C00450000,2025-12-30 14:30:59+00:00,450.0,2.56,2.45,2.52,0.029999971,1.1857697,1.0,1808,0.25775888732910157,False,REGULAR,USD,Call,2027-06-17,534
1865,AAPL270617C00460000,2025-12-10 15:11:08+00:00,460.0,3.25,2.08,2.18,0.0,0.0,1.0,17,0.25843026733398444,False,REGULAR,USD,Call,2027-06-17,534
1866,AAPL270617C00470000,2025-12-10 17:03:57+00:00,470.0,2.95,1.8,1.9,0.0,0.0,2.0,8,0.259345785522461,False,REGULAR,USD,Call,2027-06-17,534
1867,AAPL270617C00480000,2025-12-16 15:33:22+00:00,480.0,2.02,1.56,1.66,0.0,0.0,1.0,76,0.2603833728027344,False,REGULAR,USD,Call,2027-06-17,534
1868,AAPL270617C00490000,2025-12-12 17:45:07+00:00,490.0,2.15,1.36,1.46,0.0,0.0,3.0,5,0.2616040637207031,False,REGULAR,USD,Call,2027-06-17,534
1869,AAPL270617C00500000,2025-12-26 18:57:23+00:00,500.0,1.34,1.2,1.29,0.0,0.0,5.0,137,0.2629468237304688,False,REGULAR,USD,Call,2027-06-17,534
1870,AAPL270617C00510000,2025-12-10 15:37:01+00:00,510.0,1.7,1.05,1.14,0.0,0.0,1.0,25,0.2642285491943359,False,REGULAR,USD,Call,2027-06-17,534
1871,AAPL270617C00520000,2025-12-30 16:30:36+00:00,520.0,0.96,0.92,1.02,-0.55,-36.42384,10.0,85,0.26593751647949215,False,REGULAR,USD,Call,2027-06-17,534
1872,AAPL270617C00530000,2025-12-16 17:20:57+00:00,530.0,1.08,0.82,0.91,0.0,0.0,2.0,139,0.26746338012695314,False,REGULAR,USD,Call,2027-06-17,534
1873,AAPL270617C00540000,2025-12-04 18:30:09+00:00,540.0,1.38,0.64,0.82,0.0,0.0,,2,0.2691723474121094,False,REGULAR,USD,Call,2027-06-17,534
1874,AAPL270617C00550000,2025-12-26 18:43:14+00:00,550.0,0.77,0.63,0.74,0.0,0.0,2.0,16,0.2708813146972656,False,REGULAR,USD,Call,2027-06-17,534
1875,AAPL270617P00005000,2025-12-09 17:00:55+00:00,5.0,0.01,0.0,0.45,0.0,0.0,1.0,13,1.4921900390624998,False,REGULAR,USD,Put,2027-06-17,534
1876,AAPL270617P00010000,2025-11-11 15:07:56+00:00,10.0,0.01,0.0,0.45,0.0,0.0,5.0,7,1.189457177734375,False,REGULAR,USD,Put,2027-06-17,534
1877,AAPL270617P00015000,2025-11-06 16:40:55+00:00,15.0,0.03,0.0,0.45,0.0,0.0,,1,1.0273486132812502,False,REGULAR,USD,Put,2027-06-17,534
1878,AAPL270617P00020000,2025-11-06 16:40:55+00:00,20.0,0.04,0.0,0.46,0.0,0.0,,1,0.91992267578125,False,REGULAR,USD,Put,2027-06-17,534
1879,AAPL270617P00025000,2025-11-24 16:29:19+00:00,25.0,0.06,0.0,0.47,0.0,0.0,,40,0.8388687988281249,False,REGULAR,USD,Put,2027-06-17,534
1880,AAPL270617P00030000,2025-12-16 20:02:51+00:00,30.0,0.08,0.0,0.88,0.0,0.0,1.0,37,0.8403336279296875,False,REGULAR,USD,Put,2027-06-17,534
1881,AAPL270617P00035000,2025-11-24 16:29:19+00:00,35.0,0.11,0.0,0.49,0.0,0.0,,106,0.72070591796875,False,REGULAR,USD,Put,2027-06-17,534
1882,AAPL270617P00050000,2025-12-22 20:14:34+00:00,50.0,0.13,0.07,0.29,0.0,0.0,70.0,699,0.5722699023437501,False,REGULAR,USD,Put,2027-06-17,534
1883,AAPL270617P00055000,2025-12-24 14:40:35+00:00,55.0,0.15,0.01,0.95,0.0,0.0,1.0,18,0.6145058081054688,False,REGULAR,USD,Put,2027-06-17,534
1884,AAPL270617P00060000,2025-12-09 19:19:52+00:00,60.0,0.23,0.1,0.85,0.0,0.0,1.0,64,0.5808147387695313,False,REGULAR,USD,Put,2027-06-17,534
1885,AAPL270617P00065000,2025-12-09 19:23:27+00:00,65.0,0.26,0.17,0.26,0.0,0.0,1.0,28,0.507817421875,False,REGULAR,USD,Put,2027-06-17,534
1886,AAPL270617P00070000,2025-12-18 14:32:42+00:00,70.0,0.31,0.21,0.3,0.0,0.0,3.0,24,0.49121602539062503,False,REGULAR,USD,Put,2027-06-17,534
1887,AAPL270617P00075000,2025-12-24 17:22:05+00:00,75.0,0.29,0.25,0.34,0.0,0.0,346.0,532,0.47510290527343746,False,REGULAR,USD,Put,2027-06-17,534
1888,AAPL270617P00080000,2025-12-22 19:09:15+00:00,80.0,0.37,0.3,0.39,0.0,0.0,18.0,152,0.46094289062500005,False,REGULAR,USD,Put,2027-06-17,534
1889,AAPL270617P00085000,2025-12-09 19:23:48+00:00,85.0,0.46,0.25,0.44,0.0,0.0,1.0,67,0.4467828759765625,False,REGULAR,USD,Put,2027-06-17,534
1890,AAPL270617P00090000,2025-11-28 16:30:00+00:00,90.0,0.63,0.42,0.51,0.0,0.0,15.0,63,0.43530838134765626,False,REGULAR,USD,Put,2027-06-17,534
1891,AAPL270617P00095000,2025-12-09 15:07:31+00:00,95.0,0.65,0.49,0.58,0.0,0.0,1.0,158,0.4233456103515625,False,REGULAR,USD,Put,2027-06-17,534
1892,AAPL270617P00100000,2025-12-30 16:26:34+00:00,100.0,0.64,0.57,0.66,0.01999998,3.2258034,1.0,1268,0.41235939208984373,False,REGULAR,USD,Put,2027-06-17,534
1893,AAPL270617P00105000,2025-11-18 20:30:48+00:00,105.0,1.09,0.56,0.75,0.0,0.0,4.0,431,0.4018614501953125,False,REGULAR,USD,Put,2027-06-17,534
1894,AAPL270617P00110000,2025-12-26 19:27:15+00:00,110.0,0.78,0.77,0.86,0.0,0.0,3.0,79,0.39258419921875,False,REGULAR,USD,Put,2027-06-17,534
1895,AAPL270617P00115000,2025-11-20 17:29:18+00:00,115.0,1.52,0.89,0.99,0.0,0.0,1.0,46,0.3841614318847656,False,REGULAR,USD,Put,2027-06-17,534
1896,AAPL270617P00120000,2025-12-16 17:17:08+00:00,120.0,1.26,1.02,1.12,0.0,0.0,1.0,452,0.3751283190917969,False,REGULAR,USD,Put,2027-06-17,534
1897,AAPL270617P00125000,2025-12-04 20:41:20+00:00,125.0,1.51,1.18,1.27,0.0,0.0,6.0,503,0.3668276208496094,False,REGULAR,USD,Put,2027-06-17,534
1898,AAPL270617P00130000,2025-12-12 18:01:02+00:00,130.0,1.6,1.36,1.45,0.0,0.0,1.0,408,0.35938140625,False,REGULAR,USD,Put,2027-06-17,534
1899,AAPL270617P00135000,2025-12-26 14:30:01+00:00,135.0,1.6,1.56,1.65,0.0,0.0,3.0,461,0.35217932983398437,False,REGULAR,USD,Put,2027-06-17,534
1900,AAPL270617P00140000,2025-12-29 17:28:03+00:00,140.0,1.88,1.79,1.88,0.0,0.0,1.0,153,0.3454655297851562,False,REGULAR,USD,Put,2027-06-17,534
1901,AAPL270617P00145000,2025-12-24 17:46:26+00:00,145.0,2.05,2.04,2.11,0.0,0.0,1.0,223,0.3380803497314453,False,REGULAR,USD,Put,2027-06-17,534
1902,AAPL270617P00150000,2025-12-23 15:55:05+00:00,150.0,2.5,2.32,2.41,0.0,0.0,11.0,2247,0.33234310241699216,False,REGULAR,USD,Put,2027-06-17,534
1903,AAPL270617P00155000,2025-12-17 14:55:43+00:00,155.0,3.0,2.63,2.74,0.0,0.0,3.0,157,0.32672792419433594,False,REGULAR,USD,Put,2027-06-17,534
1904,AAPL270617P00160000,2025-12-24 14:30:05+00:00,160.0,3.05,2.98,3.1,0.0,0.0,1.0,1251,0.3210517114257812,False,REGULAR,USD,Put,2027-06-17,534
1905,AAPL270617P00165000,2025-12-29 17:28:03+00:00,165.0,3.48,3.35,3.5,0.0,0.0,1.0,1318,0.31555860229492183,False,REGULAR,USD,Put,2027-06-17,534
1906,AAPL270617P00170000,2025-12-30 17:59:59+00:00,170.0,3.86,3.8,3.9,0.00999999,0.25974002,1.0,1531,0.30933307861328124,False,REGULAR,USD,Put,2027-06-17,534
1907,AAPL270617P00175000,2025-12-24 17:50:01+00:00,175.0,4.34,4.25,4.4,0.0,0.0,1.0,1145,0.30445031494140623,False,REGULAR,USD,Put,2027-06-17,534
1908,AAPL270617P00180000,2025-12-30 18:24:22+00:00,180.0,4.85,4.8,4.9,-0.3499999,-6.730768,3.0,2480,0.2987741021728515,False,REGULAR,USD,Put,2027-06-17,534
1909,AAPL270617P00185000,2025-12-16 18:39:47+00:00,185.0,6.1,5.35,5.55,0.0,0.0,9.0,454,0.2949594430541992,False,REGULAR,USD,Put,2027-06-17,534
1910,AAPL270617P00190000,2025-12-22 17:06:42+00:00,190.0,6.45,6.0,6.15,0.0,0.0,35.0,1055,0.28943581665039053,False,REGULAR,USD,Put,2027-06-17,534
1911,AAPL270617P00195000,2025-12-16 20:03:13+00:00,195.0,7.35,6.7,6.85,0.0,0.0,6.0,2886,0.2846751220703124,False,REGULAR,USD,Put,2027-06-17,534
1912,AAPL270617P00200000,2025-12-24 16:11:57+00:00,200.0,7.42,7.45,7.6,0.0,0.0,6.0,3936,0.27982287567138664,False,REGULAR,USD,Put,2027-06-17,534
1913,AAPL270617P00210000,2025-12-26 16:06:33+00:00,210.0,9.15,9.15,9.35,0.0,0.0,25.0,1378,0.2709728665161133,False,REGULAR,USD,Put,2027-06-17,534
1914,AAPL270617P00220000,2025-12-29 16:07:42+00:00,220.0,11.4,11.2,11.35,0.0,0.0,1.0,1585,0.26175665008544924,False,REGULAR,USD,Put,2027-06-17,534
1915,AAPL270617P00230000,2025-12-26 15:54:20+00:00,230.0,13.49,13.55,13.75,0.0,0.0,1.0,1382,0.25345595184326175,False,REGULAR,USD,Put,2027-06-17,534
1916,AAPL270617P00240000,2025-12-29 19:33:18+00:00,240.0,16.39,16.25,16.45,0.0,0.0,2.0,1703,0.24465171859741214,False,REGULAR,USD,Put,2027-06-17,534
1917,AAPL270617P00250000,2025-12-29 20:30:20+00:00,250.0,19.3,19.4,19.65,0.0,0.0,101.0,926,0.2368240380859375,False,REGULAR,USD,Put,2027-06-17,534
1918,AAPL270617P00260000,2025-12-26 20:52:40+00:00,260.0,23.19,22.95,23.25,0.0,0.0,1.0,568,0.22872170211791992,False,REGULAR,USD,Put,2027-06-17,534
1919,AAPL270617P00270000,2025-12-30 15:51:46+00:00,270.0,27.15,26.95,27.25,0.14999962,0.55555415,47.0,848,0.22013108978271478,False,REGULAR,USD,Put,2027-06-17,534
1920,AAPL270617P00280000,2025-12-30 18:49:55+00:00,280.0,31.51,31.45,31.85,-0.19000053,-0.5993708,1.0,1038,0.2123186679077148,True,REGULAR,USD,Put,2027-06-17,534
1921,AAPL270617P00290000,2025-12-30 19:40:12+00:00,290.0,36.52,36.5,36.85,-0.5299988,-1.4304961,2.0,379,0.2035144346618652,True,REGULAR,USD,Put,2027-06-17,534
1922,AAPL270617P00300000,2025-12-30 15:23:32+00:00,300.0,42.46,42.05,42.4,0.8600006,2.0673091,1.0,119,0.19460339096069335,True,REGULAR,USD,Put,2027-06-17,534
1923,AAPL270617P00310000,2025-12-30 18:59:28+00:00,310.0,48.13,48.15,48.55,-0.30999756,-0.63996196,11.0,149,0.18578389907836912,True,REGULAR,USD,Put,2027-06-17,534
1924,AAPL270617P00320000,2025-12-23 18:18:12+00:00,320.0,56.1,54.8,55.25,0.0,0.0,2.0,51,0.1764456135559082,True,REGULAR,USD,Put,2027-06-17,534
1925,AAPL270617P00330000,2025-12-24 15:31:09+00:00,330.0,61.55,62.05,62.5,0.0,0.0,3.0,75,0.16635965484619147,True,REGULAR,USD,Put,2027-06-17,534
1926,AAPL270617P00340000,2025-12-26 18:25:06+00:00,340.0,69.05,69.85,70.35,0.0,0.0,2.0,30,0.15580067840576173,True,REGULAR,USD,Put,2027-06-17,534
1927,AAPL270617P00350000,2025-12-23 18:14:50+00:00,350.0,79.58,78.2,78.7,0.0,0.0,2.0,21,0.1431970446777344,True,REGULAR,USD,Put,2027-06-17,534
1928,AAPL270617P00360000,2025-12-24 16:22:06+00:00,360.0,85.69,87.1,89.25,0.0,0.0,26.0,96,0.16507792938232424,True,REGULAR,USD,Put,2027-06-17,534
1929,AAPL270617P00370000,2025-12-24 17:55:00+00:00,370.0,96.2,95.05,98.9,0.0,0.0,1.0,1,0.17023534851074223,True,REGULAR,USD,Put,2027-06-17,534
1930,AAPL270617P00380000,2025-12-02 14:35:25+00:00,380.0,96.65,105.05,108.95,0.0,0.0,2.0,0,0.18219811950683595,True,REGULAR,USD,Put,2027-06-17,534
1931,AAPL270617P00390000,2025-12-22 20:55:00+00:00,390.0,119.3,115.05,118.95,0.0,0.0,1.0,0,0.1926960614013672,True,REGULAR,USD,Put,2027-06-17,534
1932,AAPL270617P00400000,2025-12-09 19:37:35+00:00,400.0,121.55,125.05,128.95,0.0,0.0,2.0,0,0.20279727874755854,True,REGULAR,USD,Put,2027-06-17,534
1933,AAPL270617P00410000,2025-02-14 14:39:31+00:00,410.0,166.68,194.0,199.0,0.0,0.0,3.0,0,0.7324092921447753,True,REGULAR,USD,Put,2027-06-17,534
1934,AAPL270617P00420000,2025-09-22 16:00:44+00:00,420.0,164.0,145.85,149.6,0.0,0.0,20.0,0,0.23535920898437498,True,REGULAR,USD,Put,2027-06-17,534
1935,AAPL270617P00430000,2025-02-12 14:45:18+00:00,430.0,198.33,214.0,219.0,0.0,0.0,3.0,0,0.7592492337036134,True,REGULAR,USD,Put,2027-06-17,534
1936,AAPL270617P00440000,2025-03-03 14:30:10+00:00,440.0,197.65,0.0,0.0,0.0,0.0,1.0,0,1.0000000000000003e-05,True,REGULAR,USD,Put,2027-06-17,534
1937,AAPL270617P00450000,2025-12-09 19:45:41+00:00,450.0,171.94,175.05,178.95,0.0,0.0,2.0,0,0.24820698089599608,True,REGULAR,USD,Put,2027-06-17,534
1938,AAPL270617P00460000,2025-12-15 20:39:13+00:00,460.0,186.3,185.05,188.95,0.0,0.0,,0,0.25641612731933594,True,REGULAR,USD,Put,2027-06-17,534
1939,AAPL270617P00480000,2025-11-24 20:50:00+00:00,480.0,203.65,205.05,208.95,0.0,0.0,,0,0.2721630401611328,True,REGULAR,USD,Put,2027-06-17,534
1940,AAPL271217C00005000,2025-12-29 20:20:28+00:00,5.0,268.24,265.5,270.5,0.0,0.0,2.0,7,2.2187544531249994,True,REGULAR,USD,Call,2027-12-17,717
1941,AAPL271217C00015000,2025-12-02 15:32:36+00:00,15.0,270.0,255.5,260.5,0.0,0.0,25.0,51,1.3542512756347653,True,REGULAR,USD,Call,2027-12-17,717
1942,AAPL271217C00030000,2025-12-19 17:57:44+00:00,30.0,241.67,241.5,246.5,0.0,0.0,2.0,2,0.8132342895507811,True,REGULAR,USD,Call,2027-12-17,717
1943,AAPL271217C00050000,2025-12-22 18:29:52+00:00,50.0,224.1,224.0,228.0,0.0,0.0,2.0,1442,0.7758811474609376,True,REGULAR,USD,Call,2027-12-17,717
1944,AAPL271217C00055000,2025-11-05 15:49:39+00:00,55.0,216.4,218.5,223.5,0.0,0.0,91.0,420,0.7319362744140624,True,REGULAR,USD,Call,2027-12-17,717
1945,AAPL271217C00060000,2025-12-19 20:24:43+00:00,60.0,213.78,214.0,219.0,0.0,0.0,10.0,352,0.7180203979492188,True,REGULAR,USD,Call,2027-12-17,717
1946,AAPL271217C00065000,2025-12-23 19:30:15+00:00,65.0,210.3,209.5,214.0,0.0,0.0,2.0,157,0.6922638195800781,True,REGULAR,USD,Call,2027-12-17,717
1947,AAPL271217C00070000,2025-11-11 19:19:56+00:00,70.0,210.0,204.5,209.5,0.0,0.0,5.0,225,0.6682162084960939,True,REGULAR,USD,Call,2027-12-17,717
1948,AAPL271217C00075000,2025-12-19 17:59:13+00:00,75.0,200.22,200.0,205.0,0.0,0.0,2.0,130,0.6549717120361329,True,REGULAR,USD,Call,2027-12-17,717
1949,AAPL271217C00080000,2025-12-18 14:40:19+00:00,80.0,192.93,195.5,200.5,0.0,0.0,1.0,201,0.6414220428466797,True,REGULAR,USD,Call,2027-12-17,717
1950,AAPL271217C00085000,2025-12-29 18:47:34+00:00,85.0,194.25,191.0,196.0,0.0,0.0,40.0,326,0.6277503045654298,True,REGULAR,USD,Call,2027-12-17,717
1951,AAPL271217C00090000,2025-11-06 16:26:56+00:00,90.0,188.3,186.5,191.5,0.0,0.0,57.0,118,0.6140175317382813,True,REGULAR,USD,Call,2027-12-17,717
1952,AAPL271217C00095000,2025-12-19 15:27:13+00:00,95.0,183.26,182.0,187.0,0.0,0.0,10.0,80,0.6003457934570313,True,REGULAR,USD,Call,2027-12-17,717
1953,AAPL271217C00100000,2025-12-18 14:39:05+00:00,100.0,173.5,177.5,182.5,0.0,0.0,4.0,385,0.5867350897216796,True,REGULAR,USD,Call,2027-12-17,717
1954,AAPL271217C00105000,2025-12-23 15:24:22+00:00,105.0,173.77,173.0,178.0,0.0,0.0,1.0,99,0.5732464550781251,True,REGULAR,USD,Call,2027-12-17,717
1955,AAPL271217C00110000,2025-12-17 20:13:59+00:00,110.0,172.13,168.5,173.5,0.0,0.0,2.0,204,0.5598798895263672,True,REGULAR,USD,Call,2027-12-17,717
1956,AAPL271217C00115000,2025-12-26 18:04:42+00:00,115.0,168.5,164.0,169.0,0.0,0.0,2.0,386,0.5466659103393555,True,REGULAR,USD,Call,2027-12-17,717
1957,AAPL271217C00120000,2025-12-18 20:42:06+00:00,120.0,162.29,159.5,164.5,0.0,0.0,22.0,307,0.5335740002441407,True,REGULAR,USD,Call,2027-12-17,717
1958,AAPL271217C00125000,2025-12-29 14:48:19+00:00,125.0,158.74,155.5,160.0,0.0,0.0,3.0,440,0.5251817501831054,True,REGULAR,USD,Call,2027-12-17,717
1959,AAPL271217C00130000,2025-12-18 19:28:43+00:00,130.0,152.08,151.0,155.5,0.0,0.0,2.0,355,0.512150874633789,True,REGULAR,USD,Call,2027-12-17,717
1960,AAPL271217C00135000,2025-12-16 18:22:09+00:00,135.0,148.91,146.5,151.5,0.0,0.0,40.0,99,0.503361900024414,True,REGULAR,USD,Call,2027-12-17,717
1961,AAPL271217C00140000,2025-12-24 17:01:01+00:00,140.0,147.0,142.0,147.0,0.0,0.0,9.0,515,0.528172442932129,True,REGULAR,USD,Call,2027-12-17,717
1962,AAPL271217C00145000,2025-12-29 15:22:00+00:00,145.0,140.68,138.0,142.5,0.0,0.0,3.0,585,0.5137988073730468,True,REGULAR,USD,Call,2027-12-17,717
1963,AAPL271217C00150000,2025-12-18 15:59:04+00:00,150.0,135.45,133.5,138.5,0.0,0.0,1.0,799,0.5063983686828613,True,REGULAR,USD,Call,2027-12-17,717
1964,AAPL271217C00155000,2025-12-30 17:30:58+00:00,155.0,131.5,129.5,134.5,-1.25,-0.9416196,1.0,166,0.498677498626709,True,REGULAR,USD,Call,2027-12-17,717
1965,AAPL271217C00160000,2025-12-30 16:10:28+00:00,160.0,127.93,125.0,130.0,-5.7699966,-4.3156295,5.0,352,0.4845022253417969,True,REGULAR,USD,Call,2027-12-17,717
1966,AAPL271217C00165000,2025-12-29 20:44:11+00:00,165.0,123.96,121.5,126.0,0.0,0.0,1.0,372,0.47650669982910154,True,REGULAR,USD,Call,2027-12-17,717
1967,AAPL271217C00170000,2025-12-22 17:39:03+00:00,170.0,118.67,118.5,120.95,0.0,0.0,7.0,756,0.4562737478637696,True,REGULAR,USD,Call,2027-12-17,717
1968,AAPL271217C00175000,2025-12-26 19:59:45+00:00,175.0,117.0,114.65,115.85,0.0,0.0,3.0,440,0.4360713131713867,True,REGULAR,USD,Call,2027-12-17,717
1969,AAPL271217C00180000,2025-12-26 14:30:06+00:00,180.0,112.25,111.1,111.85,0.0,0.0,1.0,948,0.42830466720581056,True,REGULAR,USD,Call,2027-12-17,717
1970,AAPL271217C00185000,2025-12-30 20:43:43+00:00,185.0,107.5,106.75,107.9,-1.7799988,-1.6288422,7.0,2684,0.42081267669677735,True,REGULAR,USD,Call,2027-12-17,717
1971,AAPL271217C00190000,2025-12-29 20:16:41+00:00,190.0,105.25,102.8,104.0,0.0,0.0,9.0,881,0.41356482437133785,True,REGULAR,USD,Call,2027-12-17,717
1972,AAPL271217C00195000,2025-12-29 20:29:55+00:00,195.0,100.48,99.0,100.15,0.0,0.0,2.0,522,0.40650007568359375,True,REGULAR,USD,Call,2027-12-17,717
1973,AAPL271217C00200000,2025-12-30 20:21:26+00:00,200.0,95.95,95.25,96.4,-0.7000046,-0.72426754,11.0,4316,0.4000914483642578,True,REGULAR,USD,Call,2027-12-17,717
1974,AAPL271217C00205000,2025-12-30 16:10:17+00:00,205.0,92.2,91.45,92.65,0.05999756,0.065115646,2.0,1121,0.3933471310424804,True,REGULAR,USD,Call,2027-12-17,717
1975,AAPL271217C00210000,2025-12-30 20:21:26+00:00,210.0,88.9,87.95,89.0,-0.29999542,-0.33631775,9.0,1133,0.3871673832702636,True,REGULAR,USD,Call,2027-12-17,717
1976,AAPL271217C00215000,2025-12-30 20:47:26+00:00,215.0,85.45,84.35,85.4,-0.20000458,-0.2335138,1.0,1149,0.3810639286804199,True,REGULAR,USD,Call,2027-12-17,717
1977,AAPL271217C00220000,2025-12-30 17:24:19+00:00,220.0,81.11,80.85,81.9,-0.33999634,-0.41742954,48.0,1537,0.37544875045776366,True,REGULAR,USD,Call,2027-12-17,717
1978,AAPL271217C00225000,2025-12-30 18:06:38+00:00,225.0,78.0,77.4,78.45,-0.69999695,-0.8894498,6.0,2301,0.3698640895080566,True,REGULAR,USD,Call,2027-12-17,717
1979,AAPL271217C00230000,2025-12-30 18:26:54+00:00,230.0,74.81,74.05,75.1,-0.7400055,-0.979491,8.0,1793,0.3646761531066895,True,REGULAR,USD,Call,2027-12-17,717
1980,AAPL271217C00235000,2025-12-30 18:42:16+00:00,235.0,71.52,70.8,71.8,-0.75,-1.037775,5.0,551,0.3594729580688476,True,REGULAR,USD,Call,2027-12-17,717
1981,AAPL271217C00240000,2025-12-30 18:27:48+00:00,240.0,68.11,67.6,68.6,-0.8899994,-1.2898542,67.0,709,0.35463597030639643,True,REGULAR,USD,Call,2027-12-17,717
1982,AAPL271217C00245000,2025-12-29 20:49:54+00:00,245.0,65.5,64.5,65.45,0.0,0.0,2.0,616,0.3497532066345214,True,REGULAR,USD,Call,2027-12-17,717
1983,AAPL271217C00250000,2025-12-30 20:45:13+00:00,250.0,62.15,61.75,62.45,-0.3199997,-0.51224536,3.0,5004,0.34552656433105466,True,REGULAR,USD,Call,2027-12-17,717
1984,AAPL271217C00255000,2025-12-23 14:44:38+00:00,255.0,58.75,58.4,59.45,0.0,0.0,5.0,581,0.34087268020629885,True,REGULAR,USD,Call,2027-12-17,717
1985,AAPL271217C00260000,2025-12-30 18:31:44+00:00,260.0,56.7,55.65,56.55,-0.29999924,-0.52631444,7.0,2734,0.3365087101745606,True,REGULAR,USD,Call,2027-12-17,717
1986,AAPL271217C00265000,2025-12-29 15:03:07+00:00,265.0,54.35,52.85,53.8,0.0,0.0,9.0,803,0.3327245683288575,True,REGULAR,USD,Call,2027-12-17,717
1987,AAPL271217C00270000,2025-12-30 20:57:58+00:00,270.0,50.89,50.1,51.05,-0.7099991,-1.3759673,20.0,2749,0.3284979260253906,True,REGULAR,USD,Call,2027-12-17,717
1988,AAPL271217C00275000,2025-12-30 15:37:41+00:00,275.0,48.05,47.6,48.55,-0.9700012,-1.9787866,1.0,554,0.3255148625946044,False,REGULAR,USD,Call,2027-12-17,717
1989,AAPL271217C00280000,2025-12-30 20:54:39+00:00,280.0,45.75,45.05,46.0,-0.75,-1.6129032,17.0,2175,0.32173835006713863,False,REGULAR,USD,Call,2027-12-17,717
1990,AAPL271217C00285000,2025-12-26 16:47:17+00:00,285.0,44.42,42.65,43.6,0.0,0.0,6.0,689,0.3185035191345214,False,REGULAR,USD,Call,2027-12-17,717
1991,AAPL271217C00290000,2025-12-30 20:12:01+00:00,290.0,40.96,40.6,41.0,-0.09000015,-0.2192452,5.0,2090,0.31349105705261227,False,REGULAR,USD,Call,2027-12-17,717
1992,AAPL271217C00295000,2025-12-30 16:01:36+00:00,295.0,38.45,38.35,38.75,-1.1499977,-2.9040349,2.0,296,0.31033251930236816,False,REGULAR,USD,Call,2027-12-17,717
1993,AAPL271217C00300000,2025-12-30 19:48:19+00:00,300.0,36.5,36.2,36.6,-0.5999985,-1.6172466,10.0,5670,0.3073647145080566,False,REGULAR,USD,Call,2027-12-17,717
1994,AAPL271217C00305000,2025-12-30 17:12:25+00:00,305.0,33.95,34.15,34.55,-0.7099991,-2.048468,1.0,761,0.3046029013061523,False,REGULAR,USD,Call,2027-12-17,717
1995,AAPL271217C00310000,2025-12-26 14:31:57+00:00,310.0,33.54,32.2,32.55,0.0,0.0,1.0,746,0.3016961310577393,False,REGULAR,USD,Call,2027-12-17,717
1996,AAPL271217C00315000,2025-12-29 18:42:23+00:00,315.0,31.16,30.3,30.7,0.0,0.0,50.0,1192,0.29932341308593746,False,REGULAR,USD,Call,2027-12-17,717
1997,AAPL271217C00320000,2025-12-30 18:25:34+00:00,320.0,28.73,28.5,28.9,-1.2299995,-4.1054726,14.0,662,0.29682862602233884,False,REGULAR,USD,Call,2027-12-17,717
1998,AAPL271217C00325000,2025-12-24 17:39:21+00:00,325.0,28.6,26.8,27.15,0.0,0.0,1.0,289,0.2942117698669433,False,REGULAR,USD,Call,2027-12-17,717
1999,AAPL271217C00330000,2025-12-30 17:19:57+00:00,330.0,25.18,25.2,25.55,-0.7799988,-3.004618,22.0,467,0.292151853942871,False,REGULAR,USD,Call,2027-12-17,717
2000,AAPL271217C00335000,2025-12-30 16:53:46+00:00,335.0,23.6,23.65,24.0,-0.54999924,-2.2774296,2.0,1675,0.2899851275634765,False,REGULAR,USD,Call,2027-12-17,717
2001,AAPL271217C00340000,2025-12-30 16:11:03+00:00,340.0,22.52,22.2,22.5,-0.30999947,-1.3578601,2.0,256,0.2877268493652343,False,REGULAR,USD,Call,2027-12-17,717
2002,AAPL271217C00345000,2025-12-30 16:10:17+00:00,345.0,20.97,20.8,21.15,-0.47000122,-2.19217,2.0,109,0.2860636579895019,False,REGULAR,USD,Call,2027-12-17,717
2003,AAPL271217C00350000,2025-12-30 16:26:41+00:00,350.0,19.7,19.5,19.8,-0.34000015,-1.6966075,10.0,916,0.2839732247924803,False,REGULAR,USD,Call,2027-12-17,717
2004,AAPL271217C00355000,2025-12-26 20:52:03+00:00,355.0,18.92,18.3,18.6,0.0,0.0,100.0,1756,0.28253891296386713,False,REGULAR,USD,Call,2027-12-17,717
2005,AAPL271217C00360000,2025-12-15 16:13:25+00:00,360.0,19.4,17.05,19.4,0.0,0.0,16.0,441,0.29538668487548825,False,REGULAR,USD,Call,2027-12-17,717
2006,AAPL271217C00365000,2025-12-24 16:45:43+00:00,365.0,17.45,16.0,16.3,0.0,0.0,13.0,163,0.2791667543029785,False,REGULAR,USD,Call,2027-12-17,717
2007,AAPL271217C00370000,2025-12-30 20:57:58+00:00,370.0,15.19,15.0,15.25,-0.7600002,-4.7648916,8.0,216,0.2776256320190429,False,REGULAR,USD,Call,2027-12-17,717
2008,AAPL271217C00375000,2025-12-24 16:34:51+00:00,375.0,15.2,14.0,14.3,0.0,0.0,1.0,235,0.276450717010498,False,REGULAR,USD,Call,2027-12-17,717
2009,AAPL271217C00380000,2025-12-26 17:17:47+00:00,380.0,14.0,13.1,13.4,0.0,0.0,1.0,442,0.27530631927490234,False,REGULAR,USD,Call,2027-12-17,717
2010,AAPL271217C00385000,2025-12-15 15:49:34+00:00,385.0,14.26,12.25,12.55,0.0,0.0,1.0,113,0.2742076974487304,False,REGULAR,USD,Call,2027-12-17,717
2011,AAPL271217C00390000,2025-12-29 15:21:58+00:00,390.0,11.9,11.45,11.75,0.0,0.0,10.0,143,0.2731395928955078,False,REGULAR,USD,Call,2027-12-17,717
2012,AAPL271217C00395000,2025-12-24 16:47:10+00:00,395.0,11.85,10.7,11.0,0.0,0.0,2.0,380,0.2721477815246582,False,REGULAR,USD,Call,2027-12-17,717
2013,AAPL271217C00400000,2025-12-29 17:38:22+00:00,400.0,10.35,10.0,10.3,0.0,0.0,5.0,4708,0.2712475219726562,False,REGULAR,USD,Call,2027-12-17,717
2014,AAPL271217C00405000,2025-12-19 19:52:58+00:00,405.0,10.0,9.35,11.65,0.0,0.0,38.0,77,0.28862710891723625,False,REGULAR,USD,Call,2027-12-17,717
2015,AAPL271217C00410000,2025-12-19 18:07:12+00:00,410.0,9.27,8.75,10.0,0.0,0.0,1.0,91,0.2788463229370117,False,REGULAR,USD,Call,2027-12-17,717
2016,AAPL271217C00415000,2025-12-10 15:38:16+00:00,415.0,10.95,8.2,9.45,0.0,0.0,1.0,81,0.27863270202636714,False,REGULAR,USD,Call,2027-12-17,717
2017,AAPL271217C00420000,2025-12-15 20:38:38+00:00,420.0,9.23,7.65,9.9,0.0,0.0,1.0,305,0.28783365982055653,False,REGULAR,USD,Call,2027-12-17,717
2018,AAPL271217C00425000,2025-12-03 14:38:44+00:00,425.0,12.7,7.15,8.4,0.0,0.0,1.0,147,0.2778697702026367,False,REGULAR,USD,Call,2027-12-17,717
2019,AAPL271217C00430000,2025-12-18 20:27:41+00:00,430.0,7.4,5.75,7.95,0.0,0.0,1.0,331,0.2778392529296875,False,REGULAR,USD,Call,2027-12-17,717
2020,AAPL271217C00435000,2025-12-12 14:49:11+00:00,435.0,8.5,6.25,6.5,0.0,0.0,1.0,200,0.26642579284667967,False,REGULAR,USD,Call,2027-12-17,717
2021,AAPL271217C00440000,2025-12-30 18:01:01+00:00,440.0,6.0,5.9,6.1,-0.23999977,-3.8461504,4.0,8495,0.26607484420776367,False,REGULAR,USD,Call,2027-12-17,717
2022,AAPL271217C00450000,2025-12-12 17:40:24+00:00,450.0,7.25,5.15,5.35,0.0,0.0,6.0,69,0.26511355010986326,False,REGULAR,USD,Call,2027-12-17,717
2023,AAPL271217C00460000,2025-12-29 18:25:39+00:00,460.0,4.8,4.55,4.75,0.0,0.0,3.0,11,0.2650677742004394,False,REGULAR,USD,Call,2027-12-17,717
2024,AAPL271217C00470000,2025-12-19 19:43:30+00:00,470.0,4.35,3.95,4.2,0.0,0.0,1.0,8,0.2647778601074219,False,REGULAR,USD,Call,2027-12-17,717
2025,AAPL271217C00480000,2025-12-19 17:10:20+00:00,480.0,3.82,3.5,4.7,0.0,0.0,1.0,8,0.2792735647583008,False,REGULAR,USD,Call,2027-12-17,717
2026,AAPL271217C00490000,2025-12-19 14:30:25+00:00,490.0,3.5,3.1,4.3,0.0,0.0,5.0,17,0.2805247729492187,False,REGULAR,USD,Call,2027-12-17,717
2027,AAPL271217C00500000,2025-12-15 14:39:30+00:00,500.0,3.75,2.75,2.9,0.0,0.0,1.0,212,0.26392337646484376,False,REGULAR,USD,Call,2027-12-17,717
2028,AAPL271217C00510000,2025-11-14 15:53:49+00:00,510.0,4.2,2.44,3.75,0.0,0.0,1.0,1,0.28528546752929684,False,REGULAR,USD,Call,2027-12-17,717
2029,AAPL271217C00520000,2025-12-19 19:44:25+00:00,520.0,2.39,1.79,2.31,0.0,0.0,1.0,4,0.2644421701049804,False,REGULAR,USD,Call,2027-12-17,717
2030,AAPL271217C00530000,2025-12-30 17:42:16+00:00,530.0,2.04,1.73,2.07,-0.03999996,-1.9230752,5.0,287,0.26486941192626956,False,REGULAR,USD,Call,2027-12-17,717
2031,AAPL271217C00540000,2025-12-22 15:47:49+00:00,540.0,1.9,1.75,1.86,0.0,0.0,2.0,45,0.26538820556640624,False,REGULAR,USD,Call,2027-12-17,717
2032,AAPL271217C00550000,2025-12-29 19:08:45+00:00,550.0,1.7,1.56,1.68,0.0,0.0,76.0,125,0.26605958557128906,False,REGULAR,USD,Call,2027-12-17,717
2033,AAPL271217P00005000,2025-12-10 15:54:10+00:00,5.0,0.02,0.0,0.02,0.0,0.0,4.0,32,0.92187578125,False,REGULAR,USD,Put,2027-12-17,717
2034,AAPL271217P00025000,2025-12-16 15:48:30+00:00,25.0,0.07,0.0,1.31,0.0,0.0,,10,0.8378922460937499,False,REGULAR,USD,Put,2027-12-17,717
2035,AAPL271217P00050000,2025-12-15 20:02:51+00:00,50.0,0.25,0.1,0.29,0.0,0.0,1.0,473,0.524418818359375,False,REGULAR,USD,Put,2027-12-17,717
2036,AAPL271217P00055000,2025-12-11 19:24:34+00:00,55.0,0.28,0.1,0.34,0.0,0.0,25.0,37,0.5056201782226561,False,REGULAR,USD,Put,2027-12-17,717
2037,AAPL271217P00060000,2025-12-12 15:46:27+00:00,60.0,0.35,0.3,0.39,0.0,0.0,25.0,137,0.48779809082031256,False,REGULAR,USD,Put,2027-12-17,717
2038,AAPL271217P00065000,2025-12-11 19:24:14+00:00,65.0,0.4,0.35,0.45,0.0,0.0,2.0,493,0.47192910888671874,False,REGULAR,USD,Put,2027-12-17,717
2039,AAPL271217P00070000,2025-12-11 19:35:07+00:00,70.0,0.48,0.4,0.91,0.0,0.0,2.0,195,0.4993946545410156,False,REGULAR,USD,Put,2027-12-17,717
2040,AAPL271217P00075000,2025-12-11 19:19:09+00:00,75.0,0.56,0.48,0.99,0.0,0.0,5.0,81,0.4818167053222656,False,REGULAR,USD,Put,2027-12-17,717
2041,AAPL271217P00080000,2025-12-11 19:33:45+00:00,80.0,0.65,0.58,1.07,0.0,0.0,2.0,285,0.4650932397460938,False,REGULAR,USD,Put,2027-12-17,717
2042,AAPL271217P00085000,2025-12-11 19:32:00+00:00,85.0,0.74,0.66,1.36,0.0,0.0,1.0,76,0.4626518579101563,False,REGULAR,USD,Put,2027-12-17,717
2043,AAPL271217P00090000,2025-11-26 20:46:39+00:00,90.0,0.98,0.65,0.88,0.0,0.0,2.0,80,0.40918559570312496,False,REGULAR,USD,Put,2027-12-17,717
2044,AAPL271217P00095000,2025-12-30 16:31:18+00:00,95.0,0.94,0.68,1.0,-0.109999955,-10.476187,1.0,33,0.39905386108398444,False,REGULAR,USD,Put,2027-12-17,717
2045,AAPL271217P00100000,2025-12-29 16:06:26+00:00,100.0,1.05,1.01,1.13,0.0,0.0,14.0,820,0.3892883337402344,False,REGULAR,USD,Put,2027-12-17,717
2046,AAPL271217P00105000,2025-12-11 19:21:32+00:00,105.0,1.3,1.17,1.68,0.0,0.0,2.0,113,0.4004576556396484,False,REGULAR,USD,Put,2027-12-17,717
2047,AAPL271217P00110000,2025-12-12 19:30:48+00:00,110.0,1.47,1.11,2.05,0.0,0.0,1.0,849,0.398443515625,False,REGULAR,USD,Put,2027-12-17,717
2048,AAPL271217P00115000,2025-12-11 16:21:17+00:00,115.0,1.74,1.34,2.45,0.0,0.0,1.0,878,0.3957579956054688,False,REGULAR,USD,Put,2027-12-17,717
2049,AAPL271217P00120000,2025-12-19 20:33:46+00:00,120.0,2.01,1.77,2.47,0.0,0.0,1.0,555,0.37915659912109373,False,REGULAR,USD,Put,2027-12-17,717
2050,AAPL271217P00125000,2025-12-26 16:56:10+00:00,125.0,2.02,1.88,2.72,0.0,0.0,14.0,513,0.3704896936035156,False,REGULAR,USD,Put,2027-12-17,717
2051,AAPL271217P00130000,2025-12-24 14:43:34+00:00,130.0,2.27,2.26,2.59,0.0,0.0,1.0,255,0.35034829345703117,False,REGULAR,USD,Put,2027-12-17,717
2052,AAPL271217P00135000,2025-12-12 19:58:19+00:00,135.0,2.8,2.56,3.45,0.0,0.0,2.0,284,0.3584964053344727,False,REGULAR,USD,Put,2027-12-17,717
2053,AAPL271217P00140000,2025-12-24 16:13:54+00:00,140.0,2.94,2.89,4.05,0.0,0.0,3.0,2459,0.3570620935058594,False,REGULAR,USD,Put,2027-12-17,717
2054,AAPL271217P00145000,2025-12-19 16:37:41+00:00,145.0,3.66,3.25,3.45,0.0,0.0,2.0,229,0.32755189056396483,False,REGULAR,USD,Put,2027-12-17,717
2055,AAPL271217P00150000,2025-12-29 16:07:33+00:00,150.0,3.8,3.6,3.8,0.0,0.0,57.0,1120,0.32071602142333977,False,REGULAR,USD,Put,2027-12-17,717
2056,AAPL271217P00155000,2025-12-24 17:50:01+00:00,155.0,4.16,4.05,4.25,0.0,0.0,1.0,335,0.3155280850219726,False,REGULAR,USD,Put,2027-12-17,717
2057,AAPL271217P00160000,2025-12-29 14:57:18+00:00,160.0,4.7,4.55,4.7,0.0,0.0,1.0,1159,0.3096992858886719,False,REGULAR,USD,Put,2027-12-17,717
2058,AAPL271217P00165000,2025-12-22 14:49:40+00:00,165.0,5.45,5.05,5.25,0.0,0.0,2.0,1039,0.3050911776733398,False,REGULAR,USD,Put,2027-12-17,717
2059,AAPL271217P00170000,2025-12-16 18:24:18+00:00,170.0,6.3,5.6,6.05,0.0,0.0,2.0,892,0.30380945220947264,False,REGULAR,USD,Put,2027-12-17,717
2060,AAPL271217P00175000,2025-12-22 17:35:11+00:00,175.0,6.68,6.25,6.45,0.0,0.0,15.0,1572,0.29549349533081054,False,REGULAR,USD,Put,2027-12-17,717
2061,AAPL271217P00180000,2025-12-30 18:24:22+00:00,180.0,7.08,6.9,7.1,0.029999733,0.4255281,5.0,2964,0.29050392120361324,False,REGULAR,USD,Put,2027-12-17,717
2062,AAPL271217P00185000,2025-12-26 15:10:23+00:00,185.0,7.7,7.65,7.85,0.0,0.0,36.0,808,0.28623150299072264,False,REGULAR,USD,Put,2027-12-17,717
2063,AAPL271217P00190000,2025-12-30 18:42:11+00:00,190.0,8.55,8.4,8.65,-0.18999958,-2.1739082,3.0,1276,0.28195908477783205,False,REGULAR,USD,Put,2027-12-17,717
2064,AAPL271217P00195000,2025-12-24 14:43:26+00:00,195.0,9.32,9.25,9.5,0.0,0.0,6.0,1520,0.2776256320190429,False,REGULAR,USD,Put,2027-12-17,717
2065,AAPL271217P00200000,2025-12-29 18:36:03+00:00,200.0,10.3,10.15,10.4,0.0,0.0,1.0,5331,0.2732006274414062,False,REGULAR,USD,Put,2027-12-17,717
2066,AAPL271217P00205000,2025-12-24 16:07:48+00:00,205.0,11.0,11.1,11.4,0.0,0.0,1.0,379,0.26923338195800783,False,REGULAR,USD,Put,2027-12-17,717
2067,AAPL271217P00210000,2025-12-29 17:28:10+00:00,210.0,12.45,12.15,12.45,0.0,0.0,1.0,1183,0.26511355010986326,False,REGULAR,USD,Put,2027-12-17,717
2068,AAPL271217P00215000,2025-12-15 17:50:53+00:00,215.0,14.2,13.3,13.55,0.0,0.0,1.0,778,0.26084113189697267,False,REGULAR,USD,Put,2027-12-17,717
2069,AAPL271217P00220000,2025-12-24 16:14:05+00:00,220.0,14.4,14.45,14.75,0.0,0.0,1.0,860,0.256843369140625,False,REGULAR,USD,Put,2027-12-17,717
2070,AAPL271217P00225000,2025-12-19 20:55:01+00:00,225.0,16.6,15.75,16.05,0.0,0.0,1.0,753,0.25308974456787114,False,REGULAR,USD,Put,2027-12-17,717
2071,AAPL271217P00230000,2025-12-30 16:20:06+00:00,230.0,17.3,17.1,17.4,0.099998474,0.58138645,2.0,1807,0.24910724044799804,False,REGULAR,USD,Put,2027-12-17,717
2072,AAPL271217P00235000,2025-12-29 18:14:59+00:00,235.0,18.8,18.5,18.85,0.0,0.0,5.0,447,0.2452773226928711,False,REGULAR,USD,Put,2027-12-17,717
2073,AAPL271217P00240000,2025-12-26 17:37:55+00:00,240.0,20.06,20.05,20.4,0.0,0.0,1.0,1943,0.24156947402954104,False,REGULAR,USD,Put,2027-12-17,717
2074,AAPL271217P00245000,2025-12-29 17:19:03+00:00,245.0,21.85,21.65,22.0,0.0,0.0,1.0,477,0.23758696990966793,False,REGULAR,USD,Put,2027-12-17,717
2075,AAPL271217P00250000,2025-12-30 15:44:21+00:00,250.0,23.99,23.4,23.75,0.6399994,2.7408967,1.0,1135,0.23404696624755855,False,REGULAR,USD,Put,2027-12-17,717
2076,AAPL271217P00255000,2025-12-24 16:35:09+00:00,255.0,25.05,25.2,25.55,0.0,0.0,1.0,400,0.23020178985595702,False,REGULAR,USD,Put,2027-12-17,717
2077,AAPL271217P00260000,2025-12-26 20:50:36+00:00,260.0,27.35,27.1,27.5,0.0,0.0,1.0,831,0.22670756210327148,False,REGULAR,USD,Put,2027-12-17,717
2078,AAPL271217P00265000,2025-12-30 18:42:16+00:00,265.0,29.37,29.1,29.5,0.0,0.0,1.0,323,0.2228776443481445,False,REGULAR,USD,Put,2027-12-17,717
2079,AAPL271217P00270000,2025-12-26 20:52:57+00:00,270.0,31.5,31.2,31.65,0.0,0.0,17.0,634,0.2193528993225098,False,REGULAR,USD,Put,2027-12-17,717
2080,AAPL271217P00275000,2025-12-29 18:38:37+00:00,275.0,33.55,33.45,33.9,0.0,0.0,5.0,388,0.21578237838745118,True,REGULAR,USD,Put,2027-12-17,717
2081,AAPL271217P00280000,2025-12-30 17:37:26+00:00,280.0,36.16,35.75,36.2,0.0099983215,0.027657874,4.0,1060,0.2118303915405273,True,REGULAR,USD,Put,2027-12-17,717
2082,AAPL271217P00285000,2025-12-18 14:43:44+00:00,285.0,41.75,38.2,38.7,0.0,0.0,1.0,328,0.2084582328796386,True,REGULAR,USD,Put,2027-12-17,717
2083,AAPL271217P00290000,2025-12-22 18:28:47+00:00,290.0,42.44,40.75,41.25,0.0,0.0,2.0,781,0.2046588323974609,True,REGULAR,USD,Put,2027-12-17,717
2084,AAPL271217P00295000,2025-12-26 14:45:18+00:00,295.0,42.75,43.4,43.9,0.0,0.0,1.0,372,0.2007373628234863,True,REGULAR,USD,Put,2027-12-17,717
2085,AAPL271217P00300000,2025-12-26 18:08:38+00:00,300.0,45.7,46.2,46.7,0.0,0.0,3.0,304,0.19702951416015624,True,REGULAR,USD,Put,2027-12-17,717
2086,AAPL271217P00305000,2025-12-23 20:06:24+00:00,305.0,49.95,49.05,49.6,0.0,0.0,37.0,76,0.19315382049560548,True,REGULAR,USD,Put,2027-12-17,717
2087,AAPL271217P00310000,2025-12-18 14:48:33+00:00,310.0,55.45,52.05,52.6,0.0,0.0,1.0,263,0.18912554046630858,True,REGULAR,USD,Put,2027-12-17,717
2088,AAPL271217P00315000,2025-12-29 15:49:12+00:00,315.0,55.35,55.2,55.75,0.0,0.0,2.0,5,0.18524984680175777,True,REGULAR,USD,Put,2027-12-17,717
2089,AAPL271217P00320000,2025-12-22 16:59:13+00:00,320.0,59.69,58.4,59.0,0.0,0.0,2.0,221,0.18116053222656248,True,REGULAR,USD,Put,2027-12-17,717
2090,AAPL271217P00325000,2025-12-26 19:18:19+00:00,325.0,61.28,61.75,62.35,0.0,0.0,2.0,3,0.17684233810424804,True,REGULAR,USD,Put,2027-12-17,717
2091,AAPL271217P00330000,2025-12-30 15:10:22+00:00,330.0,65.59,65.25,65.85,0.83999634,1.2972916,2.0,45,0.17266147171020513,True,REGULAR,USD,Put,2027-12-17,717
2092,AAPL271217P00335000,2025-12-30 16:32:00+00:00,335.0,69.2,68.8,69.45,-0.040000916,-0.0577714,2.0,11,0.16817543258666995,True,REGULAR,USD,Put,2027-12-17,717
2093,AAPL271217P00340000,2025-12-30 16:35:48+00:00,340.0,73.03,72.55,73.15,1.0800018,1.501045,2.0,17,0.163368962097168,True,REGULAR,USD,Put,2027-12-17,717
2094,AAPL271217P00345000,2025-12-30 17:37:26+00:00,345.0,76.78,76.05,77.25,0.22999573,0.30045164,6.0,15,0.161141201171875,True,REGULAR,USD,Put,2027-12-17,717
2095,AAPL271217P00350000,2025-12-26 20:51:33+00:00,350.0,80.52,80.0,81.25,0.0,0.0,4.0,68,0.15680774841308598,True,REGULAR,USD,Put,2027-12-17,717
2096,AAPL271217P00355000,2025-12-26 20:38:59+00:00,355.0,84.44,84.1,85.4,0.0,0.0,4.0,46,0.15274895111083986,True,REGULAR,USD,Put,2027-12-17,717
2097,AAPL271217P00360000,2025-12-26 20:21:40+00:00,360.0,88.31,88.3,89.7,0.0,0.0,8.0,20,0.14916317153930664,True,REGULAR,USD,Put,2027-12-17,717
2098,AAPL271217P00365000,2025-12-26 20:24:01+00:00,365.0,92.55,92.6,93.9,0.0,0.0,6.0,29,0.14237307830810547,True,REGULAR,USD,Put,2027-12-17,717
2099,AAPL271217P00370000,2025-12-26 20:26:44+00:00,370.0,97.02,97.0,98.5,0.0,0.0,2.0,23,0.14023686920166017,True,REGULAR,USD,Put,2027-12-17,717
2100,AAPL271217P00375000,2025-12-26 20:20:25+00:00,375.0,101.52,101.55,103.1,0.0,0.0,4.0,13,0.13672738281250002,True,REGULAR,USD,Put,2027-12-17,717
2101,AAPL271217P00380000,2025-12-26 17:18:17+00:00,380.0,105.64,104.5,109.5,0.0,0.0,2.0,1,0.16639017211914067,True,REGULAR,USD,Put,2027-12-17,717
2102,AAPL271217P00385000,2025-12-10 18:36:44+00:00,385.0,107.36,109.5,114.5,0.0,0.0,2.0,0,0.17115086669921875,True,REGULAR,USD,Put,2027-12-17,717
2103,AAPL271217P00390000,2025-12-10 18:48:52+00:00,390.0,112.09,114.5,119.5,0.0,0.0,2.0,0,0.1757894921875,True,REGULAR,USD,Put,2027-12-17,717
2104,AAPL271217P00395000,2025-12-02 20:49:03+00:00,395.0,109.3,119.5,124.5,0.0,0.0,1.0,0,0.18033656585693358,True,REGULAR,USD,Put,2027-12-17,717
2105,AAPL271217P00400000,2025-12-26 20:53:40+00:00,400.0,126.85,124.5,129.5,0.0,0.0,18.0,0,0.18479208770751948,True,REGULAR,USD,Put,2027-12-17,717
2106,AAPL271217P00435000,2025-05-14 14:15:57+00:00,435.0,221.93,236.5,241.5,0.0,0.0,,0,0.7757743370056154,True,REGULAR,USD,Put,2027-12-17,717
2107,AAPL271217P00440000,2025-09-15 19:37:23+00:00,440.0,204.02,0.0,0.0,0.0,0.0,160.0,0,1.0000000000000003e-05,True,REGULAR,USD,Put,2027-12-17,717
2108,AAPL280121C00005000,2025-12-19 19:24:49+00:00,5.0,266.52,265.5,270.5,0.0,0.0,1.0,27,2.166508489990234,True,REGULAR,USD,Call,2028-01-21,752
2109,AAPL280121C00010000,2025-12-02 18:24:07+00:00,10.0,275.8,260.5,265.5,0.0,0.0,26.0,46,1.5776388305664062,True,REGULAR,USD,Call,2028-01-21,752
2110,AAPL280121C00015000,2025-12-03 18:11:40+00:00,15.0,270.54,255.5,260.5,0.0,0.0,22.0,35,1.3225131530761716,True,REGULAR,USD,Call,2028-01-21,752
2111,AAPL280121C00020000,2025-12-29 16:36:08+00:00,20.0,253.0,251.0,256.0,0.0,0.0,5.0,6,0.840821904296875,True,REGULAR,USD,Call,2028-01-21,752
2112,AAPL280121C00025000,2025-10-30 17:53:23+00:00,25.0,247.4,260.0,265.0,0.0,0.0,,2,1.9523928161621096,True,REGULAR,USD,Call,2028-01-21,752
2113,AAPL280121C00035000,2025-12-08 18:26:09+00:00,35.0,243.92,237.0,242.0,0.0,0.0,,1,0.7952901330566406,True,REGULAR,USD,Call,2028-01-21,752
2114,AAPL280121C00040000,2025-12-15 14:36:11+00:00,40.0,238.29,232.5,237.5,0.0,0.0,2.0,14,0.7863790893554687,True,REGULAR,USD,Call,2028-01-21,752
2115,AAPL280121C00045000,2025-12-26 16:11:04+00:00,45.0,232.12,228.0,233.0,0.0,0.0,1.0,4,0.7729514892578125,True,REGULAR,USD,Call,2028-01-21,752
2116,AAPL280121C00050000,2025-12-26 16:11:04+00:00,50.0,227.37,223.5,228.0,0.0,0.0,1.0,58,0.7425562854003906,True,REGULAR,USD,Call,2028-01-21,752
2117,AAPL280121C00060000,2025-11-06 20:47:40+00:00,60.0,214.33,214.0,219.0,0.0,0.0,3.0,4,0.7011138287353516,True,REGULAR,USD,Call,2028-01-21,752
2118,AAPL280121C00070000,2025-12-02 16:53:54+00:00,70.0,220.09,205.0,210.0,0.0,0.0,1.0,4,0.672122419433594,True,REGULAR,USD,Call,2028-01-21,752
2119,AAPL280121C00080000,2025-12-01 19:22:10+00:00,80.0,207.1,196.0,201.0,0.0,0.0,3.0,119,0.6425816992187501,True,REGULAR,USD,Call,2028-01-21,752
2120,AAPL280121C00090000,2025-12-29 19:01:50+00:00,90.0,190.0,187.0,192.0,0.0,0.0,10.0,106,0.6133461517333985,True,REGULAR,USD,Call,2028-01-21,752
2121,AAPL280121C00100000,2025-12-30 20:00:19+00:00,100.0,180.7,178.0,183.0,-0.55000305,-0.30344996,1.0,48,0.5849040533447265,True,REGULAR,USD,Call,2028-01-21,752
2122,AAPL280121C00110000,2025-12-03 17:01:04+00:00,110.0,184.61,169.0,174.0,0.0,0.0,2.0,32,0.5572248867797852,True,REGULAR,USD,Call,2028-01-21,752
2123,AAPL280121C00120000,2025-12-11 16:23:57+00:00,120.0,166.41,160.5,165.0,0.0,0.0,10.0,45,0.5349777947998047,True,REGULAR,USD,Call,2028-01-21,752
2124,AAPL280121C00130000,2025-12-02 18:00:28+00:00,130.0,166.85,151.5,156.5,0.0,0.0,10.0,67,0.512578116455078,True,REGULAR,USD,Call,2028-01-21,752
2125,AAPL280121C00135000,2025-12-12 14:30:11+00:00,135.0,154.99,147.0,152.0,0.0,0.0,2.0,39,0.5375412457275393,True,REGULAR,USD,Call,2028-01-21,752
2126,AAPL280121C00140000,2025-12-22 18:14:33+00:00,140.0,144.07,143.0,147.5,0.0,0.0,1.0,58,0.5228929547119141,True,REGULAR,USD,Call,2028-01-21,752
2127,AAPL280121C00145000,2025-12-15 15:00:28+00:00,145.0,143.3,138.5,143.5,0.0,0.0,1.0,6,0.515355188293457,True,REGULAR,USD,Call,2028-01-21,752
2128,AAPL280121C00150000,2025-12-17 20:00:59+00:00,150.0,137.75,134.75,139.0,0.0,0.0,2.0,61,0.5010120700073243,True,REGULAR,USD,Call,2028-01-21,752
2129,AAPL280121C00155000,2025-12-29 19:27:43+00:00,155.0,133.25,130.0,135.0,0.0,0.0,27.0,44,0.4931691308593751,True,REGULAR,USD,Call,2028-01-21,752
2130,AAPL280121C00160000,2025-12-29 20:01:00+00:00,160.0,130.0,126.0,131.0,0.0,0.0,31.0,857,0.48508205352783207,True,REGULAR,USD,Call,2028-01-21,752
2131,AAPL280121C00165000,2025-12-22 18:50:49+00:00,165.0,122.64,122.0,127.0,0.0,0.0,4.0,70,0.4767813552856446,True,REGULAR,USD,Call,2028-01-21,752
2132,AAPL280121C00170000,2025-12-22 18:53:35+00:00,170.0,118.51,119.35,120.7,0.0,0.0,6.0,127,0.4427240786743164,True,REGULAR,USD,Call,2028-01-21,752
2133,AAPL280121C00175000,2025-12-22 20:40:24+00:00,175.0,114.35,115.35,116.65,0.0,0.0,6.0,77,0.43448441497802737,True,REGULAR,USD,Call,2028-01-21,752
2134,AAPL280121C00180000,2025-12-29 18:09:12+00:00,180.0,112.56,111.45,112.7,0.0,0.0,2.0,190,0.42709923492431645,True,REGULAR,USD,Call,2028-01-21,752
2135,AAPL280121C00185000,2025-12-22 19:14:23+00:00,185.0,106.75,107.6,108.8,0.0,0.0,4.0,448,0.41995819305419924,True,REGULAR,USD,Call,2028-01-21,752
2136,AAPL280121C00190000,2025-12-29 17:31:24+00:00,190.0,104.7,103.75,104.95,0.0,0.0,2.0,137,0.4130307720947265,True,REGULAR,USD,Call,2028-01-21,752
2137,AAPL280121C00195000,2025-12-30 19:26:33+00:00,195.0,100.85,99.85,101.1,-1.5200043,-1.4848142,21.0,114,0.40582869567871094,True,REGULAR,USD,Call,2028-01-21,752
2138,AAPL280121C00200000,2025-12-30 17:22:57+00:00,200.0,96.5,96.2,97.3,-1.050003,-1.0763742,24.0,959,0.39880972290039063,True,REGULAR,USD,Call,2028-01-21,752
2139,AAPL280121C00210000,2025-12-26 16:45:21+00:00,210.0,91.25,89.1,90.05,0.0,0.0,2.0,194,0.3869690209960937,True,REGULAR,USD,Call,2028-01-21,752
2140,AAPL280121C00220000,2025-12-29 19:38:31+00:00,220.0,83.05,82.2,82.95,0.0,0.0,26.0,639,0.3750215086364746,True,REGULAR,USD,Call,2028-01-21,752
2141,AAPL280121C00230000,2025-12-30 16:07:49+00:00,230.0,76.25,75.2,76.25,-0.4300003,-0.5607724,5.0,398,0.36484399810791024,True,REGULAR,USD,Call,2028-01-21,752
2142,AAPL280121C00240000,2025-12-30 18:39:31+00:00,240.0,69.5,68.8,69.85,-0.45999908,-0.65751725,8.0,880,0.35538364349365226,True,REGULAR,USD,Call,2028-01-21,752
2143,AAPL280121C00250000,2025-12-30 18:16:41+00:00,250.0,63.45,63.0,63.5,-0.13999939,-0.22015944,1.0,1121,0.3447483738708496,True,REGULAR,USD,Call,2028-01-21,752
2144,AAPL280121C00260000,2025-12-29 18:36:03+00:00,260.0,57.95,57.25,57.7,-0.34000015,-0.5832907,3.0,1617,0.33637138244628906,True,REGULAR,USD,Call,2028-01-21,752
2145,AAPL280121C00270000,2025-12-30 19:39:02+00:00,270.0,52.15,51.8,52.25,-0.54999924,-1.0436418,11.0,2049,0.3286962882995605,True,REGULAR,USD,Call,2028-01-21,752
2146,AAPL280121C00280000,2025-12-30 19:04:32+00:00,280.0,47.15,46.75,47.15,-0.3999977,-0.84121495,65.0,1904,0.32162391029357906,False,REGULAR,USD,Call,2028-01-21,752
2147,AAPL280121C00290000,2025-12-30 17:44:25+00:00,290.0,42.07,42.0,42.4,-0.8199997,-1.9118669,27.0,1415,0.31510084320068354,False,REGULAR,USD,Call,2028-01-21,752
2148,AAPL280121C00300000,2025-12-30 18:31:44+00:00,300.0,37.88,37.6,38.0,-0.36999893,-0.96731746,30.0,5389,0.3090813111114502,False,REGULAR,USD,Call,2028-01-21,752
2149,AAPL280121C00310000,2025-12-30 17:46:09+00:00,310.0,33.59,33.5,33.95,-0.7099991,-2.0699682,30.0,851,0.3035729433441161,False,REGULAR,USD,Call,2028-01-21,752
2150,AAPL280121C00320000,2025-12-30 18:08:13+00:00,320.0,30.0,29.8,30.2,-0.6399994,-2.0887709,4.0,1063,0.29826293785095204,False,REGULAR,USD,Call,2028-01-21,752
2151,AAPL280121C00330000,2025-12-30 18:00:35+00:00,330.0,26.5,26.45,26.75,-0.70000076,-2.573532,697.0,725,0.2931894412231445,False,REGULAR,USD,Call,2028-01-21,752
2152,AAPL280121C00340000,2025-12-30 16:35:44+00:00,340.0,23.4,23.4,23.7,-0.70000076,-2.9045675,10.0,2411,0.2890543507385253,False,REGULAR,USD,Call,2028-01-21,752
2153,AAPL280121C00350000,2025-12-30 20:52:50+00:00,350.0,20.9,20.65,21.0,-0.30000114,-1.4150997,202.0,1323,0.28563641616821284,False,REGULAR,USD,Call,2028-01-21,752
2154,AAPL280121C00360000,2025-12-30 20:59:48+00:00,360.0,18.25,18.25,18.5,-0.54999924,-2.925528,818.0,480,0.2820201193237304,False,REGULAR,USD,Call,2028-01-21,752
2155,AAPL280121C00370000,2025-12-30 20:53:35+00:00,370.0,16.2,16.05,16.3,-0.29999924,-1.8181772,218.0,407,0.27898365066528313,False,REGULAR,USD,Call,2028-01-21,752
2156,AAPL280121C00380000,2025-12-29 19:53:01+00:00,380.0,14.64,14.1,14.35,0.0,0.0,1.0,2651,0.2763286479187011,False,REGULAR,USD,Call,2028-01-21,752
2157,AAPL280121C00390000,2025-12-24 15:56:33+00:00,390.0,13.25,12.35,12.65,0.0,0.0,2.0,169,0.27417718017578124,False,REGULAR,USD,Call,2028-01-21,752
2158,AAPL280121C00400000,2025-12-30 19:51:03+00:00,400.0,11.0,10.85,11.15,-0.3000002,-2.6548688,3.0,1257,0.2723156265258788,False,REGULAR,USD,Call,2028-01-21,752
2159,AAPL280121C00410000,2025-12-24 16:29:08+00:00,410.0,10.45,9.55,9.8,0.0,0.0,15.0,220,0.27045407287597656,False,REGULAR,USD,Call,2028-01-21,752
2160,AAPL280121C00420000,2025-12-30 14:44:33+00:00,420.0,8.7,8.4,8.65,0.0,0.0,2.0,182,0.2691723474121094,False,REGULAR,USD,Call,2028-01-21,752
2161,AAPL280121C00430000,2025-12-29 18:26:40+00:00,430.0,7.75,7.4,7.65,0.0,0.0,1.0,168,0.26821105331420897,False,REGULAR,USD,Call,2028-01-21,752
2162,AAPL280121C00440000,2025-12-22 18:45:41+00:00,440.0,6.75,6.5,6.75,0.0,0.0,22.0,101,0.2671887246704102,False,REGULAR,USD,Call,2028-01-21,752
2163,AAPL280121C00450000,2025-12-29 20:34:14+00:00,450.0,6.08,5.75,5.95,0.0,0.0,37.0,1812,0.26618165466308596,False,REGULAR,USD,Call,2028-01-21,752
2164,AAPL280121C00460000,2025-12-23 16:30:08+00:00,460.0,5.34,5.05,5.3,0.0,0.0,3.0,43,0.2659985510253906,False,REGULAR,USD,Call,2028-01-21,752
2165,AAPL280121C00470000,2025-12-22 17:23:26+00:00,470.0,4.78,4.45,4.7,0.0,0.0,2.0,107,0.2655407919311523,False,REGULAR,USD,Call,2028-01-21,752
2166,AAPL280121C00480000,2025-12-30 16:25:32+00:00,480.0,4.1,3.95,4.15,-0.1800003,-4.2056146,8.0,83,0.26486941192626956,False,REGULAR,USD,Call,2028-01-21,752
2167,AAPL280121C00490000,2025-12-15 19:31:34+00:00,490.0,4.43,3.5,3.7,0.0,0.0,1.0,61,0.2648083773803711,False,REGULAR,USD,Call,2028-01-21,752
2168,AAPL280121C00500000,2025-12-30 17:22:03+00:00,500.0,3.19,3.1,3.3,-0.13999987,-4.2042003,100.0,489,0.2647778601074219,False,REGULAR,USD,Call,2028-01-21,752
2169,AAPL280121C00510000,2025-12-30 20:22:20+00:00,510.0,2.88,2.79,2.95,-0.089999914,-3.0303001,1.0,840,0.26483889465332033,False,REGULAR,USD,Call,2028-01-21,752
2170,AAPL280121C00520000,2025-12-17 16:41:50+00:00,520.0,3.1,2.49,2.65,0.0,0.0,110.0,722,0.2651745846557617,False,REGULAR,USD,Call,2028-01-21,752
2171,AAPL280121C00530000,2025-12-30 20:22:20+00:00,530.0,2.3,2.1,2.38,-0.1400001,-5.737709,127.0,1097,0.26544924011230464,False,REGULAR,USD,Call,2028-01-21,752
2172,AAPL280121P00005000,2025-12-11 14:58:53+00:00,5.0,0.02,0.0,0.02,0.0,0.0,1.0,379,0.8906260937499999,False,REGULAR,USD,Put,2028-01-21,752
2173,AAPL280121P00010000,2025-12-05 20:32:59+00:00,10.0,0.05,0.0,0.48,0.0,0.0,1.0,5,1.01172369140625,False,REGULAR,USD,Put,2028-01-21,752
2174,AAPL280121P00015000,2025-12-05 20:33:09+00:00,15.0,0.05,0.0,0.69,0.0,0.0,1.0,1,0.9179695703125,False,REGULAR,USD,Put,2028-01-21,752
2175,AAPL280121P00020000,2025-12-05 20:33:21+00:00,20.0,0.08,0.0,0.71,0.0,0.0,1.0,1,0.8217791259765624,False,REGULAR,USD,Put,2028-01-21,752
2176,AAPL280121P00025000,2025-12-05 20:35:28+00:00,25.0,0.1,0.0,0.73,0.0,0.0,1.0,1,0.7500025,False,REGULAR,USD,Put,2028-01-21,752
2177,AAPL280121P00030000,2025-12-05 20:35:34+00:00,30.0,0.13,0.0,0.2,0.0,0.0,1.0,125,0.5888712988281251,False,REGULAR,USD,Put,2028-01-21,752
2178,AAPL280121P00035000,2025-12-05 20:35:40+00:00,35.0,0.17,0.0,0.2,0.0,0.0,1.0,1,0.5468795312500001,False,REGULAR,USD,Put,2028-01-21,752
2179,AAPL280121P00040000,2025-12-05 20:35:45+00:00,40.0,0.21,0.0,0.23,0.0,0.0,1.0,13,0.5185595019531251,False,REGULAR,USD,Put,2028-01-21,752
2180,AAPL280121P00045000,2025-12-29 14:52:43+00:00,45.0,0.22,0.0,0.28,0.0,0.0,1.0,2,0.5410202148437502,False,REGULAR,USD,Put,2028-01-21,752
2181,AAPL280121P00050000,2025-12-17 17:54:54+00:00,50.0,0.29,0.2,0.32,0.0,0.0,1.0,2092,0.5048877636718749,False,REGULAR,USD,Put,2028-01-21,752
2182,AAPL280121P00060000,2025-12-26 17:31:34+00:00,60.0,0.39,0.3,0.43,0.0,0.0,2.0,59,0.4826711889648438,False,REGULAR,USD,Put,2028-01-21,752
2183,AAPL280121P00070000,2025-12-09 20:51:32+00:00,70.0,0.53,0.43,0.56,0.0,0.0,5.0,15,0.4519097778320313,False,REGULAR,USD,Put,2028-01-21,752
2184,AAPL280121P00080000,2025-12-26 14:34:21+00:00,80.0,0.68,0.59,0.73,0.0,0.0,2.0,30,0.42627526855468756,False,REGULAR,USD,Put,2028-01-21,752
2185,AAPL280121P00090000,2025-12-10 19:18:37+00:00,90.0,0.9,0.6,1.14,0.0,0.0,2.0,25,0.41760836303710935,False,REGULAR,USD,Put,2028-01-21,752
2186,AAPL280121P00100000,2025-12-29 20:06:30+00:00,100.0,1.13,0.87,1.2,0.0,0.0,5.0,179,0.3842835009765625,False,REGULAR,USD,Put,2028-01-21,752
2187,AAPL280121P00110000,2025-12-15 16:10:50+00:00,110.0,1.66,1.0,1.74,0.0,0.0,2.0,19,0.3763490100097656,False,REGULAR,USD,Put,2028-01-21,752
2188,AAPL280121P00120000,2025-12-26 16:56:10+00:00,120.0,1.93,1.63,2.17,0.0,0.0,12.0,196,0.35999175170898434,False,REGULAR,USD,Put,2028-01-21,752
2189,AAPL280121P00130000,2025-12-29 18:36:03+00:00,130.0,2.47,2.35,2.7,0.0,0.0,1.0,49,0.34540449523925776,False,REGULAR,USD,Put,2028-01-21,752
2190,AAPL280121P00135000,2025-12-23 19:56:38+00:00,135.0,2.82,2.66,3.0,0.0,0.0,1.0,48,0.3384465570068359,False,REGULAR,USD,Put,2028-01-21,752
2191,AAPL280121P00140000,2025-12-30 20:53:16+00:00,140.0,3.14,2.99,3.2,-0.109999895,-3.384612,15.0,155,0.32855896057128897,False,REGULAR,USD,Put,2028-01-21,752
2192,AAPL280121P00145000,2025-12-19 20:42:30+00:00,145.0,3.85,3.35,3.55,0.0,0.0,9.0,26,0.3221503332519531,False,REGULAR,USD,Put,2028-01-21,752
2193,AAPL280121P00150000,2025-12-22 20:38:22+00:00,150.0,4.1,3.75,3.95,0.0,0.0,1.0,208,0.3163825686645507,False,REGULAR,USD,Put,2028-01-21,752
2194,AAPL280121P00155000,2025-12-29 15:58:46+00:00,155.0,4.4,4.2,4.45,0.0,0.0,15.0,7,0.31201859863281245,False,REGULAR,USD,Put,2028-01-21,752
2195,AAPL280121P00160000,2025-12-29 15:58:07+00:00,160.0,4.9,4.7,4.95,0.0,0.0,10.0,364,0.30692221405029296,False,REGULAR,USD,Put,2028-01-21,752
2196,AAPL280121P00165000,2025-12-16 18:46:22+00:00,165.0,5.85,5.25,5.45,0.0,0.0,8.0,414,0.3012765185546875,False,REGULAR,USD,Put,2028-01-21,752
2197,AAPL280121P00170000,2025-12-30 19:25:53+00:00,170.0,5.81,5.8,6.05,-0.13999987,-2.352939,21.0,914,0.2966684103393554,False,REGULAR,USD,Put,2028-01-21,752
2198,AAPL280121P00175000,2025-12-24 16:21:59+00:00,175.0,6.5,6.45,6.7,0.0,0.0,9.0,225,0.292151853942871,False,REGULAR,USD,Put,2028-01-21,752
2199,AAPL280121P00180000,2025-12-30 15:57:18+00:00,180.0,7.32,7.15,7.4,0.0,0.0,300.0,282,0.2877268493652343,False,REGULAR,USD,Put,2028-01-21,752
2200,AAPL280121P00185000,2025-12-30 15:40:57+00:00,185.0,8.1,7.9,8.15,-0.19999981,-2.4096363,1.0,213,0.28330184478759757,False,REGULAR,USD,Put,2028-01-21,752
2201,AAPL280121P00190000,2025-12-24 16:32:09+00:00,190.0,8.75,8.7,8.95,0.0,0.0,1.0,138,0.27887684020996095,False,REGULAR,USD,Put,2028-01-21,752
2202,AAPL280121P00195000,2025-12-23 19:48:58+00:00,195.0,9.95,9.55,9.85,0.0,0.0,6.0,465,0.2750011465454102,False,REGULAR,USD,Put,2028-01-21,752
2203,AAPL280121P00200000,2025-12-29 15:47:31+00:00,200.0,10.8,10.5,10.8,0.0,0.0,1.0,479,0.2710033837890625,False,REGULAR,USD,Put,2028-01-21,752
2204,AAPL280121P00210000,2025-12-29 16:02:43+00:00,210.0,12.75,12.55,12.85,-0.10000038,-0.7782131,2.0,440,0.2626721682739258,False,REGULAR,USD,Put,2028-01-21,752
2205,AAPL280121P00220000,2025-12-30 15:40:57+00:00,220.0,15.2,15.0,15.25,-0.05000019,-0.3278701,1.0,2628,0.2551344018554688,False,REGULAR,USD,Put,2028-01-21,752
2206,AAPL280121P00230000,2025-12-23 20:45:34+00:00,230.0,18.2,17.55,17.95,0.0,0.0,30.0,555,0.24762715270996094,False,REGULAR,USD,Put,2028-01-21,752
2207,AAPL280121P00240000,2025-12-30 15:00:07+00:00,240.0,20.73,20.6,21.0,0.18999863,0.9250176,2.0,337,0.24036404174804685,False,REGULAR,USD,Put,2028-01-21,752
2208,AAPL280121P00250000,2025-12-30 16:37:30+00:00,250.0,24.3,23.95,24.35,-0.050001144,-0.2053435,1.0,2928,0.23276524078369143,False,REGULAR,USD,Put,2028-01-21,752
2209,AAPL280121P00260000,2025-12-30 18:06:36+00:00,260.0,28.01,27.7,28.1,-0.03999901,-0.14259896,150.0,779,0.22541057800292968,False,REGULAR,USD,Put,2028-01-21,752
2210,AAPL280121P00270000,2025-12-26 20:52:42+00:00,270.0,32.17,31.85,32.3,0.0,0.0,8.0,391,0.21843738113403316,False,REGULAR,USD,Put,2028-01-21,752
2211,AAPL280121P00280000,2025-12-29 16:40:56+00:00,280.0,37.0,36.4,36.85,0.0,0.0,1.0,1109,0.21102168380737302,True,REGULAR,USD,Put,2028-01-21,752
2212,AAPL280121P00290000,2025-12-30 15:26:24+00:00,290.0,41.83,41.35,41.85,0.4600029,1.1119239,11.0,244,0.20369753829956055,True,REGULAR,USD,Put,2028-01-21,752
2213,AAPL280121P00300000,2025-12-30 17:17:19+00:00,300.0,47.34,46.75,47.3,0.84000015,1.8064519,27.0,742,0.19631235824584958,True,REGULAR,USD,Put,2028-01-21,752
2214,AAPL280121P00310000,2025-12-30 17:10:05+00:00,310.0,53.21,52.6,53.2,0.4699974,0.89115924,4.0,82,0.18874407455444336,True,REGULAR,USD,Put,2028-01-21,752
2215,AAPL280121P00320000,2025-12-30 17:08:24+00:00,320.0,59.6,58.95,59.5,0.55999756,0.94850534,5.0,44,0.1805196694946289,True,REGULAR,USD,Put,2028-01-21,752
2216,AAPL280121P00330000,2025-12-30 17:27:45+00:00,330.0,66.36,65.7,66.3,0.6100006,0.92775756,2.0,78,0.17217319534301762,True,REGULAR,USD,Put,2028-01-21,752
2217,AAPL280121P00340000,2025-12-30 17:27:24+00:00,340.0,73.57,72.9,73.55,0.16999817,0.23160513,2.0,18,0.16315534118652347,True,REGULAR,USD,Put,2028-01-21,752
2218,AAPL280121P00350000,2025-12-30 17:26:32+00:00,350.0,81.39,80.6,81.35,0.069999695,0.08607931,2.0,119,0.15421378021240234,True,REGULAR,USD,Put,2028-01-21,752
2219,AAPL280121P00360000,2025-12-30 17:26:43+00:00,360.0,89.58,88.8,89.5,0.84000397,0.94659,2.0,28,0.14298342376708983,True,REGULAR,USD,Put,2028-01-21,752
2220,AAPL280121P00370000,2025-12-30 17:25:26+00:00,370.0,98.25,97.5,98.2,0.91000366,0.93487126,2.0,42,0.13126479095458982,True,REGULAR,USD,Put,2028-01-21,752
2221,AAPL280121P00380000,2025-12-29 15:46:44+00:00,380.0,106.4,106.7,107.35,0.0,0.0,2.0,13,0.117196328125,True,REGULAR,USD,Put,2028-01-21,752
2222,AAPL280121P00390000,2025-12-26 20:53:57+00:00,390.0,116.95,114.5,119.5,0.0,0.0,22.0,9,0.17170017761230472,True,REGULAR,USD,Put,2028-01-21,752
2223,AAPL280121P00400000,2025-12-15 16:16:52+00:00,400.0,125.37,124.5,129.5,0.0,0.0,4.0,0,0.1804891522216797,True,REGULAR,USD,Put,2028-01-21,752
2224,AAPL280121P00410000,2025-12-09 16:59:00+00:00,410.0,132.09,134.5,139.5,0.0,0.0,,0,0.1889729541015625,True,REGULAR,USD,Put,2028-01-21,752
2225,AAPL280121P00420000,2025-11-04 16:15:16+00:00,420.0,150.47,144.5,149.5,0.0,0.0,,1,0.19712106597900392,True,REGULAR,USD,Put,2028-01-21,752
2226,AAPL280121P00450000,2025-10-29 13:35:18+00:00,450.0,180.74,161.5,166.5,0.0,0.0,,0,1.0000000000000003e-05,True,REGULAR,USD,Put,2028-01-21,752
2227,AAPL280121P00500000,2025-10-28 16:04:08+00:00,500.0,230.95,211.5,216.5,0.0,0.0,,0,1.0000000000000003e-05,True,REGULAR,USD,Put,2028-01-21,752
2228,AAPL280121P00530000,2025-11-25 14:30:10+00:00,530.0,253.67,254.5,259.5,0.0,0.0,10.0,0,0.2717968328857422,True,REGULAR,USD,Put,2028-01-21,752
2229,AAPL280317C00100000,2025-12-30 20:38:36+00:00,100.0,180.97,178.5,183.5,-0.7299957,-0.4017588,13.0,54,0.5755047332763672,True,REGULAR,USD,Call,2028-03-17,808
2230,AAPL280317C00105000,2025-12-18 17:55:20+00:00,105.0,173.5,174.0,179.0,0.0,0.0,,16,0.5613447186279297,True,REGULAR,USD,Call,2028-03-17,808
2231,AAPL280317C00110000,2025-12-17 14:34:01+00:00,110.0,175.25,169.5,174.5,0.0,0.0,7.0,1,0.5474898767089844,True,REGULAR,USD,Call,2028-03-17,808
2232,AAPL280317C00115000,2025-12-16 14:35:18+00:00,115.0,167.43,165.5,170.0,0.0,0.0,,7,0.5385177984619143,True,REGULAR,USD,Call,2028-03-17,808
2233,AAPL280317C00120000,2025-12-19 20:15:07+00:00,120.0,161.71,161.0,165.5,0.0,0.0,60.0,41,0.5249376119995117,True,REGULAR,USD,Call,2028-03-17,808
2234,AAPL280317C00125000,2025-12-29 14:48:19+00:00,125.0,159.93,156.8,161.5,0.0,0.0,3.0,23,0.5181932946777343,True,REGULAR,USD,Call,2028-03-17,808
2235,AAPL280317C00130000,2025-12-17 20:57:55+00:00,130.0,154.0,152.5,157.0,0.0,0.0,3.0,3,0.5062915582275391,True,REGULAR,USD,Call,2028-03-17,808
2236,AAPL280317C00135000,2025-12-12 14:30:11+00:00,135.0,155.74,148.0,153.0,0.0,0.0,,4,0.5327805511474608,True,REGULAR,USD,Call,2028-03-17,808
2237,AAPL280317C00140000,2025-12-29 16:36:37+00:00,140.0,145.77,143.5,148.5,0.0,0.0,1.0,53,0.5180712255859375,True,REGULAR,USD,Call,2028-03-17,808
2238,AAPL280317C00145000,2025-12-29 14:50:39+00:00,145.0,142.97,139.5,144.5,0.0,0.0,1.0,15,0.5101367346191408,True,REGULAR,USD,Call,2028-03-17,808
2239,AAPL280317C00150000,2025-12-30 14:30:36+00:00,150.0,138.5,136.05,140.0,-0.1499939,-0.108181685,1.0,224,0.4957936163330079,True,REGULAR,USD,Call,2028-03-17,808
2240,AAPL280317C00155000,2025-12-29 19:27:43+00:00,155.0,134.0,131.0,136.0,0.0,0.0,23.0,24,0.4877065390014649,True,REGULAR,USD,Call,2028-03-17,808
2241,AAPL280317C00160000,2025-12-17 20:57:59+00:00,160.0,129.0,127.0,132.0,0.0,0.0,1.0,1,0.4794058407592773,True,REGULAR,USD,Call,2028-03-17,808
2242,AAPL280317C00165000,2025-12-30 14:49:53+00:00,165.0,125.77,124.15,126.35,1.0199966,0.81763256,4.0,26,0.452779520111084,True,REGULAR,USD,Call,2028-03-17,808
2243,AAPL280317C00170000,2025-12-30 16:55:10+00:00,170.0,121.28,120.15,122.35,-1.8700027,-1.5184757,2.0,19,0.4448602877807617,True,REGULAR,USD,Call,2028-03-17,808
2244,AAPL280317C00175000,2025-12-22 20:52:33+00:00,175.0,115.85,116.3,118.4,0.0,0.0,1.0,63,0.43726148681640625,True,REGULAR,USD,Call,2028-03-17,808
2245,AAPL280317C00180000,2025-12-22 16:17:52+00:00,180.0,113.56,112.4,114.5,-0.20999908,-0.18458213,1.0,32,0.4299525999450684,True,REGULAR,USD,Call,2028-03-17,808
2246,AAPL280317C00185000,2025-12-22 15:32:19+00:00,185.0,109.18,108.55,110.6,0.0,0.0,13.0,12,0.4224148335266113,True,REGULAR,USD,Call,2028-03-17,808
2247,AAPL280317C00190000,2025-12-30 17:00:51+00:00,190.0,105.35,104.75,106.8,-0.7000046,-0.6600703,7.0,253,0.41559422302246096,True,REGULAR,USD,Call,2028-03-17,808
2248,AAPL280317C00195000,2025-12-23 16:37:03+00:00,195.0,101.5,101.0,103.1,0.0,0.0,2.0,9,0.4094144752502441,True,REGULAR,USD,Call,2028-03-17,808
2249,AAPL280317C00200000,2025-12-30 20:02:06+00:00,200.0,98.9,97.55,99.35,-0.34999847,-0.3526433,9.0,227,0.40250231292724614,True,REGULAR,USD,Call,2028-03-17,808
2250,AAPL280317C00210000,2025-12-30 17:35:03+00:00,210.0,91.22,90.25,92.15,-1.3699951,-1.4796362,2.0,122,0.3904327314758301,True,REGULAR,USD,Call,2028-03-17,808
2251,AAPL280317C00220000,2025-12-29 20:18:38+00:00,220.0,85.33,83.35,84.95,0.0,0.0,12.0,96,0.37721875228881835,True,REGULAR,USD,Call,2028-03-17,808
2252,AAPL280317C00230000,2025-12-30 14:38:31+00:00,230.0,77.33,76.7,78.5,-0.76999664,-0.9859112,1.0,133,0.3684755535888672,True,REGULAR,USD,Call,2028-03-17,808
2253,AAPL280317C00240000,2025-12-30 17:36:36+00:00,240.0,71.18,70.4,71.95,-0.76000214,-1.0564388,17.0,74,0.3575808871459961,True,REGULAR,USD,Call,2028-03-17,808
2254,AAPL280317C00250000,2025-12-30 17:34:45+00:00,250.0,65.17,64.4,65.95,-0.6399994,-0.9724957,69.0,352,0.3491428611755371,True,REGULAR,USD,Call,2028-03-17,808
2255,AAPL280317C00260000,2025-12-30 18:46:15+00:00,260.0,59.81,58.7,60.0,0.060001373,0.100420706,9.0,213,0.33957569610595706,True,REGULAR,USD,Call,2028-03-17,808
2256,AAPL280317C00270000,2025-12-30 18:46:15+00:00,270.0,54.37,53.3,55.05,-0.45000076,-0.8208697,117.0,648,0.3349981051635742,True,REGULAR,USD,Call,2028-03-17,808
2257,AAPL280317C00280000,2025-12-30 17:00:44+00:00,280.0,48.75,48.7,49.45,-0.8499985,-1.7137066,107.0,631,0.3246985255432128,False,REGULAR,USD,Call,2028-03-17,808
2258,AAPL280317C00290000,2025-12-30 18:40:37+00:00,290.0,44.5,44.15,44.8,-0.34000015,-0.7582519,5.0,384,0.3188544677734374,False,REGULAR,USD,Call,2028-03-17,808
2259,AAPL280317C00300000,2025-12-30 20:08:54+00:00,300.0,40.14,39.8,40.45,-0.51000214,-1.2546178,33.0,556,0.313285065460205,False,REGULAR,USD,Call,2028-03-17,808
2260,AAPL280317C00310000,2025-12-30 20:15:20+00:00,310.0,36.1,35.85,36.4,-0.3199997,-0.8786373,33.0,287,0.30800557723999017,False,REGULAR,USD,Call,2028-03-17,808
2261,AAPL280317C00320000,2025-12-30 17:35:03+00:00,320.0,32.32,32.2,32.65,-0.5999985,-1.8225957,4.0,140,0.30300074447631836,False,REGULAR,USD,Call,2028-03-17,808
2262,AAPL280317C00330000,2025-12-30 19:57:24+00:00,330.0,28.95,28.75,29.25,-0.34000015,-1.1608062,10.0,171,0.29863677444458,False,REGULAR,USD,Call,2028-03-17,808
2263,AAPL280317C00340000,2025-12-29 15:00:56+00:00,340.0,26.4,25.6,26.1,0.0,0.0,3.0,270,0.29433383895874016,False,REGULAR,USD,Call,2028-03-17,808
2264,AAPL280317C00350000,2025-12-30 17:31:13+00:00,350.0,22.87,22.75,23.25,-0.5299988,-2.2649522,5.0,993,0.290473403930664,False,REGULAR,USD,Call,2028-03-17,808
2265,AAPL280317C00360000,2025-12-30 18:46:04+00:00,360.0,20.43,20.15,20.65,-0.44999886,-2.155167,5.0,140,0.2867808139038085,False,REGULAR,USD,Call,2028-03-17,808
2266,AAPL280317C00370000,2025-12-30 16:26:39+00:00,370.0,17.9,17.85,18.35,-0.6499996,-3.5040412,4.0,51,0.283713827972412,False,REGULAR,USD,Call,2028-03-17,808
2267,AAPL280317C00380000,2025-12-29 18:21:08+00:00,380.0,16.43,15.8,16.25,0.0,0.0,3.0,22,0.28066210067749015,False,REGULAR,USD,Call,2028-03-17,808
2268,AAPL280317C00390000,2025-12-30 17:35:03+00:00,390.0,14.12,13.95,14.45,-0.27999973,-1.9444426,2.0,7,0.27849537429809573,False,REGULAR,USD,Call,2028-03-17,808
2269,AAPL280317C00400000,2025-12-30 17:34:00+00:00,400.0,12.5,12.4,12.8,-0.39999962,-3.1007724,7.0,31,0.2762065788269042,False,REGULAR,USD,Call,2028-03-17,808
2270,AAPL280317C00410000,2025-12-30 17:35:38+00:00,410.0,11.07,10.95,11.35,-0.35000038,-3.064802,4.0,22,0.2742992492675781,False,REGULAR,USD,Call,2028-03-17,808
2271,AAPL280317C00420000,2025-12-30 17:35:55+00:00,420.0,9.81,9.65,10.05,-0.5899992,-5.6730695,8.0,105,0.2724987301635742,False,REGULAR,USD,Call,2028-03-17,808
2272,AAPL280317C00430000,2025-12-30 17:36:19+00:00,430.0,8.72,8.5,8.9,-2.33,-21.085972,2.0,20,0.27091183197021484,False,REGULAR,USD,Call,2028-03-17,808
2273,AAPL280317C00440000,2025-12-30 17:36:36+00:00,440.0,7.67,7.55,7.95,-0.65999985,-7.9231677,2.0,12,0.27017941741943363,False,REGULAR,USD,Call,2028-03-17,808
2274,AAPL280317C00450000,2025-12-29 19:23:50+00:00,450.0,7.06,6.7,7.05,0.0,0.0,7.0,80,0.2689587265014648,False,REGULAR,USD,Call,2028-03-17,808
2275,AAPL280317C00460000,2025-12-24 15:47:34+00:00,460.0,6.4,5.9,6.3,0.0,0.0,10.0,33,0.26840941558837883,False,REGULAR,USD,Call,2028-03-17,808
2276,AAPL280317C00470000,2025-12-26 15:23:09+00:00,470.0,5.76,5.25,5.6,0.0,0.0,1.0,21,0.2675549319458008,False,REGULAR,USD,Call,2028-03-17,808
2277,AAPL280317C00480000,2025-12-23 20:46:34+00:00,480.0,4.99,4.7,5.0,0.0,0.0,1.0,11,0.2670513969421387,False,REGULAR,USD,Call,2028-03-17,808
2278,AAPL280317C00490000,2025-12-09 20:09:10+00:00,490.0,5.81,4.2,4.5,0.0,0.0,,5,0.2670666555786133,False,REGULAR,USD,Call,2028-03-17,808
2279,AAPL280317C00500000,2025-12-30 16:23:19+00:00,500.0,3.9,3.7,4.05,-0.099999905,-2.4999976,8.0,62,0.26709717285156254,False,REGULAR,USD,Call,2028-03-17,808
2280,AAPL280317C00510000,2025-12-18 20:45:13+00:00,510.0,3.92,3.3,3.65,0.0,0.0,1.0,29,0.2671887246704102,False,REGULAR,USD,Call,2028-03-17,808
2281,AAPL280317C00520000,2025-12-23 15:57:40+00:00,520.0,3.23,3.0,3.25,0.0,0.0,1.0,4,0.2665783792114258,False,REGULAR,USD,Call,2028-03-17,808
2282,AAPL280317C00530000,2025-12-08 20:10:14+00:00,530.0,3.85,2.8,2.94,0.0,0.0,43.0,33,0.2668530346679688,False,REGULAR,USD,Call,2028-03-17,808
2283,AAPL280317C00540000,2025-12-29 20:28:55+00:00,540.0,2.65,2.55,2.66,0.0,0.0,13.0,38,0.26712769012451176,False,REGULAR,USD,Call,2028-03-17,808
2284,AAPL280317C00550000,2025-12-30 20:42:51+00:00,550.0,2.36,2.3,2.42,0.0,0.0,21.0,376,0.2676464837646484,False,REGULAR,USD,Call,2028-03-17,808
2285,AAPL280317P00100000,2025-12-29 14:36:27+00:00,100.0,1.14,1.05,1.35,0.0,0.0,2.0,119,0.37879039184570307,False,REGULAR,USD,Put,2028-03-17,808
2286,AAPL280317P00105000,2025-12-05 20:52:53+00:00,105.0,1.61,1.1,1.7,0.0,0.0,90.0,26,0.3781800463867187,False,REGULAR,USD,Put,2028-03-17,808
2287,AAPL280317P00110000,2025-12-18 14:55:11+00:00,110.0,1.89,1.29,1.9,0.0,0.0,1.0,5,0.36963520996093746,False,REGULAR,USD,Put,2028-03-17,808
2288,AAPL280317P00115000,2025-12-19 19:39:56+00:00,115.0,2.08,1.51,2.13,0.0,0.0,20.0,29,0.3618227880859375,False,REGULAR,USD,Put,2028-03-17,808
2289,AAPL280317P00120000,2025-12-29 15:44:53+00:00,120.0,2.17,1.96,2.2,0.0,0.0,2.0,19,0.34833415344238283,False,REGULAR,USD,Put,2028-03-17,808
2290,AAPL280317P00125000,2025-12-05 20:54:01+00:00,125.0,2.64,1.89,2.47,0.0,0.0,56.0,11,0.3415593188476562,False,REGULAR,USD,Put,2028-03-17,808
2291,AAPL280317P00130000,2025-12-29 15:07:24+00:00,130.0,2.72,2.55,2.78,0.0,0.0,6.0,91,0.3354558642578125,False,REGULAR,USD,Put,2028-03-17,808
2292,AAPL280317P00135000,2025-12-23 17:09:43+00:00,135.0,3.1,2.88,3.15,0.0,0.0,1.0,82,0.3303289624023437,False,REGULAR,USD,Put,2028-03-17,808
2293,AAPL280317P00140000,2025-12-30 14:36:52+00:00,140.0,3.5,3.25,3.55,-0.049999952,-1.4084494,10.0,23,0.32520206054687495,False,REGULAR,USD,Put,2028-03-17,808
2294,AAPL280317P00150000,2025-12-30 18:18:33+00:00,150.0,4.33,4.2,4.4,0.029999733,0.6976682,3.0,65,0.314185325012207,False,REGULAR,USD,Put,2028-03-17,808
2295,AAPL280317P00155000,2025-12-17 16:12:27+00:00,155.0,5.15,4.6,4.85,0.0,0.0,2.0,40,0.3083565258789062,False,REGULAR,USD,Put,2028-03-17,808
2296,AAPL280317P00160000,2025-12-16 19:06:41+00:00,160.0,5.8,5.1,5.45,0.0,0.0,5.0,7,0.3045723840332031,False,REGULAR,USD,Put,2028-03-17,808
2297,AAPL280317P00165000,2025-12-23 16:02:24+00:00,165.0,6.1,5.7,6.0,0.0,0.0,2.0,41,0.29929289581298824,False,REGULAR,USD,Put,2028-03-17,808
2298,AAPL280317P00170000,2025-12-30 18:24:08+00:00,170.0,6.5,6.4,6.65,-0.099999905,-1.5151501,2.0,21,0.2949594430541992,False,REGULAR,USD,Put,2028-03-17,808
2299,AAPL280317P00175000,2025-12-23 14:51:30+00:00,175.0,7.5,7.0,7.35,0.0,0.0,50.0,30,0.2907175421142577,False,REGULAR,USD,Put,2028-03-17,808
2300,AAPL280317P00180000,2025-12-23 20:22:04+00:00,180.0,8.15,7.7,8.05,0.0,0.0,5.0,42,0.28586529571533204,False,REGULAR,USD,Put,2028-03-17,808
2301,AAPL280317P00185000,2025-12-18 18:23:08+00:00,185.0,9.42,8.5,8.85,0.0,0.0,9.0,63,0.281684429321289,False,REGULAR,USD,Put,2028-03-17,808
2302,AAPL280317P00190000,2025-12-30 15:30:49+00:00,190.0,9.58,9.3,9.7,-0.47000027,-4.6766195,1.0,17,0.2775035629272461,False,REGULAR,USD,Put,2028-03-17,808
2303,AAPL280317P00195000,2025-12-29 17:53:54+00:00,195.0,10.55,10.2,10.6,0.0,0.0,1.0,4,0.2732616619873046,False,REGULAR,USD,Put,2028-03-17,808
2304,AAPL280317P00200000,2025-12-30 19:34:22+00:00,200.0,11.2,11.2,11.6,-0.32999992,-2.8620982,10.0,146,0.26947752014160153,False,REGULAR,USD,Put,2028-03-17,808
2305,AAPL280317P00210000,2025-12-30 18:03:42+00:00,210.0,13.5,13.3,13.75,0.10000038,0.74627155,1.0,103,0.2615888050842285,False,REGULAR,USD,Put,2028-03-17,808
2306,AAPL280317P00220000,2025-12-29 17:41:25+00:00,220.0,15.95,15.7,16.15,0.0,0.0,4.0,151,0.2536085382080079,False,REGULAR,USD,Put,2028-03-17,808
2307,AAPL280317P00230000,2025-12-26 19:12:21+00:00,230.0,18.5,18.4,18.8,0.0,0.0,52.0,136,0.24541465042114258,False,REGULAR,USD,Put,2028-03-17,808
2308,AAPL280317P00240000,2025-12-30 20:31:50+00:00,240.0,21.65,21.45,22.0,0.0,0.0,134.0,163,0.23905179901123047,False,REGULAR,USD,Put,2028-03-17,808
2309,AAPL280317P00250000,2025-12-30 19:37:28+00:00,250.0,25.0,24.85,25.3,-0.2800007,-1.1075976,31.0,67,0.23101049758911135,False,REGULAR,USD,Put,2028-03-17,808
2310,AAPL280317P00260000,2025-12-30 18:07:15+00:00,260.0,28.95,28.65,29.25,-0.1099987,-0.37852272,105.0,64,0.22493756027221679,False,REGULAR,USD,Put,2028-03-17,808
2311,AAPL280317P00270000,2025-12-30 15:36:48+00:00,270.0,33.35,32.8,33.45,0.11999893,0.36111626,100.0,55,0.21797962203979487,False,REGULAR,USD,Put,2028-03-17,808
2312,AAPL280317P00280000,2025-12-26 20:54:39+00:00,280.0,38.0,37.4,38.05,0.0,0.0,6.0,82,0.21102168380737302,True,REGULAR,USD,Put,2028-03-17,808
2313,AAPL280317P00290000,2025-12-30 15:26:24+00:00,290.0,43.02,42.4,43.1,1.3400002,3.2149715,11.0,1,0.20425447853088377,True,REGULAR,USD,Put,2028-03-17,808
2314,AAPL280317P00300000,2025-12-30 17:29:51+00:00,300.0,48.42,47.8,48.5,0.7799988,1.637277,2.0,7,0.19693796234130856,True,REGULAR,USD,Put,2028-03-17,808
2315,AAPL280317P00310000,2025-12-30 17:29:38+00:00,310.0,54.23,53.65,54.4,0.88000107,1.6494865,2.0,12,0.1899037309265137,True,REGULAR,USD,Put,2028-03-17,808
2316,AAPL280317P00320000,2025-12-30 17:30:41+00:00,320.0,60.52,59.9,60.65,0.9000015,1.5095631,2.0,50,0.18209130905151366,True,REGULAR,USD,Put,2028-03-17,808
2317,AAPL280317P00330000,2025-12-26 19:28:14+00:00,330.0,65.85,66.55,67.4,0.0,0.0,2.0,9,0.17435518035888675,True,REGULAR,USD,Put,2028-03-17,808
2318,AAPL280317P00340000,2025-12-30 17:32:03+00:00,340.0,74.42,73.7,74.5,1.199997,1.6388923,2.0,1,0.16544413665771485,True,REGULAR,USD,Put,2028-03-17,808
2319,AAPL280317P00350000,2025-12-30 17:34:24+00:00,350.0,81.91,80.45,82.7,-0.36999512,-0.44967806,2.0,201,0.16198042617797853,True,REGULAR,USD,Put,2028-03-17,808
2320,AAPL280317P00380000,2025-12-22 14:30:05+00:00,380.0,107.46,106.3,108.45,0.0,0.0,200.0,201,0.14002324829101562,True,REGULAR,USD,Put,2028-03-17,808
2321,AAPL280317P00400000,2025-12-29 19:13:20+00:00,400.0,126.65,124.5,129.5,0.0,0.0,2.0,0,0.17423311126708985,True,REGULAR,USD,Put,2028-03-17,808
