,Open,High,Low,Close,Volume,Dividends,Stock Splits
2020-12-31,130.5204870277971,131.16296911492586,128.2231389904879,129.16738891601562,99116600,0.0,0.0
2021-01-04,129.97536966603926,130.0629768178639,123.39482930890424,125.97447967529297,143301900,0.0,0.0
2021-01-05,125.46826076163048,128.24260563447913,125.020466187956,127.53197479248047,97664900,0.0,0.0
2021-01-06,124.32935178639943,127.57095032339852,123.02492160278335,123.23908233642578,155088000,0.0,0.0
2021-01-07,124.95235351880193,128.1355470987152,124.46562730765885,127.44438934326172,109578200,0.0,0.0
2021-01-08,128.91428961570313,129.10899197173987,126.77269738263777,128.5443878173828,105158200,0.0,0.0
2021-01-11,125.76032449463308,126.71430373737336,125.08863992699253,125.55589294433594,100384500,0.0,0.0
2021-01-12,125.08861473418492,126.24702529391881,123.4921536305582,125.38065338134766,91951100,0.0,0.0
2021-01-13,125.34174066662901,127.9603303123861,125.07891918186495,127.41519927978516,88636800,0.0,0.0
2021-01-14,127.32755607466288,127.52224355209353,125.34170518524395,125.48773193359375,90221800,0.0,0.0
2021-01-15,125.36117045243897,126.76294396711677,123.62842676171266,123.76470947265625,111598500,0.0,0.0
2021-01-19,124.38771815813641,125.29303640790387,123.57002189323133,124.43639373779297,90757300,0.0,0.0
2021-01-20,125.24435806944973,128.9726816127556,125.13727773804456,128.52488708496094,104319500,0.0,0.0
2021-01-21,130.24789882523683,135.96205811290383,130.04346734095793,133.23638916015625,120150900,0.0,0.0
2021-01-22,132.66208095000118,136.13731286135894,131.43553637442392,135.37802124023438,114459400,0.0,0.0
2021-01-25,139.2718354812106,141.23819854253642,132.9151779412319,139.1258087158203,157611700,0.0,0.0
2021-01-26,139.78777273313094,140.46918645287846,137.6169631530498,139.3594512939453,98390600,0.0,0.0
2021-01-27,139.6222601892596,140.46917381461645,136.6824448551771,138.28863525390625,140843800,0.0,0.0
2021-01-28,135.81607367562873,138.22050212672593,133.07093096645877,133.45057678222656,142621100,0.0,0.0
2021-01-29,132.22399608017142,133.10984102627805,126.7532002152796,128.4567413330078,177523800,0.0,0.0
2021-02-01,130.19922693086417,131.78595871131816,127.45408469869479,130.57887268066406,106239800,0.0,0.0
2021-02-02,132.12667146199954,132.69127555683025,131.0364096809211,131.4063262939453,83305400,0.0,0.0
2021-02-03,132.15587647941985,132.16562050861145,130.0629600142458,130.3842010498047,89880900,0.0,0.0
2021-02-04,132.68157041122387,133.75235918193923,131.01696020484349,133.7426300048828,84183100,0.0,0.0
2021-02-05,133.90346870595903,133.97170445351236,132.45085206919504,133.32826232910156,75693800,0.205,0.0
2021-02-08,132.6165797613071,133.52325088194496,131.53443254526087,133.47450256347656,71297200,0.0,0.0
2021-02-09,133.19181617617053,134.42020876203873,132.44114834692132,132.5971221923828,76774200,0.0,0.0
2021-02-10,133.05532098310047,133.55253314014962,131.02751236689184,131.99267578125,73046600,0.0,0.0
2021-02-11,132.4898338171174,132.9675435248031,130.41329236021338,131.73916625976562,64280000,0.0,0.0
2021-02-12,130.97873504321333,132.12911793128706,130.33529298247856,131.97312927246094,60145100,0.0,0.0
2021-02-16,132.0901434978276,132.5970843838598,129.4578829220419,129.8478546142578,80576300,0.0,0.0
2021-02-17,127.95652384973054,128.9021846827299,126.22119084968794,127.55680847167969,97918500,0.0,0.0
2021-02-18,125.95795008148971,126.73787846259268,124.21287353113004,126.45516204833984,96856700,0.0,0.0
2021-02-19,126.9718859638425,127.43009341839543,125.56801758188449,126.61116027832031,87668800,0.0,0.0
2021-02-22,124.7978296513902,126.46492703235708,122.44830783858197,122.83827209472656,103916400,0.0,0.0
2021-02-23,120.65447173544518,123.53044391763328,115.41921936454152,122.70177459716797,158273000,0.0,0.0
2021-02-24,121.80488184514299,122.40931941932189,119.16288479188184,122.20458984375,111039900,0.0,0.0
2021-02-25,121.55140392768223,123.28673718148006,117.51528958023444,117.95399475097656,148199500,0.0,0.0
2021-02-26,119.51383705660506,121.71712880247114,118.15871701805524,118.21721649169922,164560400,0.0,0.0
2021-03-01,120.64473383419431,124.71984514122286,119.70882406427694,124.58335876464844,116307900,0.0,0.0
2021-03-02,125.18779108060667,125.49000982131201,121.87310633209226,121.9803466796875,102260900,0.0,0.0
2021-03-03,121.67814867049456,122.55556651851715,118.78267349099536,118.99715423583984,112966300,0.0,0.0
2021-03-04,118.6949297486631,120.49850624904042,115.64347345208853,117.1155776977539,178155000,0.0,0.0
2021-03-05,117.94423786319923,118.88014757741405,114.61980182519049,118.3731918334961,153766600,0.0,0.0
2021-03-08,117.89548670485603,117.96372988743823,113.29392514231552,113.4401626586914,154376600,0.0,0.0
2021-03-09,116.04317714685729,118.99714411910483,115.80920155325997,118.05148315429688,129525800,0.0,0.0
2021-03-10,118.63642743151894,119.10437859558475,116.45263053937967,116.9693374633789,111943300,0.0,0.0
2021-03-11,119.46508305774302,120.11826884445411,118.21720351359382,118.8996353149414,103026500,0.0,0.0
2021-03-12,117.37879987716553,118.12947496626138,116.16991732521446,117.99298858642578,88105100,0.0,0.0
2021-03-15,118.36345366505867,120.8884590376453,117.39829045128926,120.87870788574219,92403800,0.0,0.0
2021-03-16,122.545787336103,124.02764990448209,121.59038279407473,122.41905212402344,115227900,0.0,0.0
2021-03-17,120.93720389555035,122.7017830040472,119.27010655149442,121.62938690185547,111932600,0.0,0.0
2021-03-18,119.79655333524822,120.08902837100626,117.30079413178964,117.50552368164062,121229700,0.0,0.0
2021-03-19,116.8913345232248,118.38294083560933,116.67685382299581,116.97907257080078,185549500,0.0,0.0
2021-03-22,117.31056434336112,120.76173611147584,117.24232114898952,120.29377746582031,111912300,0.0,0.0
2021-03-23,120.23525752640757,121.12241884739223,119.07511605332517,119.46508026123047,95467100,0.0,0.0
2021-03-24,119.73808337691133,119.8160777258849,117.05708899403655,117.07658386230469,88530500,0.0,0.0
2021-03-25,116.54036291521213,118.60716806474952,116.01391233642575,117.56401062011719,98844700,0.0,0.0
2021-03-26,117.33002897963378,118.4316783965719,115.9359119927255,118.16844940185547,94071200,0.0,0.0
2021-03-29,118.59742624167248,119.50408995901205,117.70051367598907,118.34394836425781,80819200,0.0,0.0
2021-03-30,117.09609465369766,117.3788186107511,115.87746075499375,116.89136505126953,85671900,0.0,0.0
2021-03-31,118.59743117177423,120.42050239594532,118.10997769999379,119.08488464355469,118323800,0.0,0.0
2021-04-01,120.5570011392304,121.06394949790783,119.41635431579364,119.91355895996094,75089100,0.0,0.0
2021-04-05,120.7617238181442,122.99426157524732,119.98179530076379,122.74078369140625,88651200,0.0,0.0
2021-04-06,123.32573845569713,123.9399272027551,122.49706897342678,123.04301452636719,80171300,0.0,0.0
2021-04-07,122.67254799737614,124.71010003062226,121.99985979599343,124.69060516357422,83466700,0.0,0.0
2021-04-08,125.71425994840894,127.11812846744388,125.29505706125592,127.08888244628906,88844600,0.0,0.0
2021-04-09,126.54294370866688,129.70163317095958,126.22122258271084,129.6626434326172,106686700,0.0,0.0
2021-04-12,129.19467229997423,129.5163933763926,127.35209877205047,127.94679260253906,91420000,0.0,0.0
2021-04-13,129.11667689697725,131.28097148351077,128.61946483937675,131.05673217773438,91266500,0.0,0.0
2021-04-14,131.55393195001986,131.6124239805342,128.35623869078685,128.71694946289062,87222800,0.0,0.0
2021-04-15,130.46205515581354,131.61243821608534,130.286564169391,131.12498474121094,89347100,0.0,0.0
2021-04-16,130.93000444237106,131.29071524829968,129.9355952026849,130.79351806640625,84922400,0.0,0.0
2021-04-19,130.15982336917756,132.07064756343885,129.99409097045535,131.45645141601562,94264200,0.0,0.0
2021-04-20,131.63192734239016,132.12912448166279,128.5024698015972,129.7698516845703,94812300,0.0,0.0
2021-04-21,129.03866179917034,130.39378162626917,128.00526299408884,130.15005493164062,68847100,0.0,0.0
2021-04-22,129.7016154150474,130.78376273570044,128.11252718583415,128.6292266845703,84566500,0.0,0.0
2021-04-23,128.8437210981472,131.72943767595572,128.8437210981472,130.94952392578125,78657500,0.0,0.0
2021-04-26,131.44673317968144,131.67095765954295,130.20859693053708,131.33949279785156,66905100,0.0,0.0
2021-04-27,131.62218352757128,132.01215523774303,130.7447732125093,131.0177459716797,66015800,0.0,0.0
2021-04-28,130.9397817179312,131.6319723651053,129.7406500448948,130.2281036376953,107760100,0.0,0.0
2021-04-29,133.04556205861587,133.63051222031285,129.12643167740748,130.13058471679688,151101000,0.0,0.0
2021-04-30,128.4732632121358,130.20859675143018,127.78108746519726,128.1613006591797,109839500,0.0,0.0
2021-05-03,128.7266884414814,130.7057629484472,128.52196634221076,129.21414184570312,75135100,0.0,0.0
2021-05-04,127.89803078882261,128.19050581616014,123.52069371953515,124.64183807373047,137564700,0.0,0.0
2021-05-05,125.95797834787251,127.17661206810328,124.75884693241741,124.88558959960938,84000900,0.0,0.0
2021-05-06,124.6808672259151,126.49419500952703,123.9399357544084,126.48445129394531,78128300,0.0,0.0
2021-05-07,127.78327149877356,128.1836509944488,126.44537008751145,127.15827178955078,78973300,0.22,0.0
2021-05-10,126.3770049216638,126.50394796231055,123.83793549239249,123.87699890136719,88071200,0.0,0.0
2021-05-11,120.60551762571262,123.3105935686965,119.89262343355486,122.95903778076172,126142800,0.0,0.0
2021-05-12,120.50787096501224,121.71880695136791,119.38482206893003,119.89263153076172,112172300,0.0,0.0
2021-05-13,121.66019487769238,123.19339816893378,121.34769508108849,122.04105377197266,105861300,0.0,0.0
2021-05-14,123.29107148009538,124.89263410961189,122.90044481301196,124.46294403076172,81918000,0.0,0.0
2021-05-17,123.8477128828965,123.95513540332345,122.2363825270762,123.31060028076172,74244600,0.0,0.0
2021-05-18,123.59378779578954,124.01371010532826,121.85550717277253,121.92386627197266,63342900,0.0,0.0
2021-05-19,120.27347640024111,121.99222154061341,119.98050458396392,121.76761627197266,92612000,0.0,0.0
2021-05-20,122.2949800317053,124.72661966171272,122.1680220813628,124.32622528076172,76857100,0.0,0.0
2021-05-21,124.82428812119076,125.00006976732445,122.27545797754463,122.49030303955078,79295400,0.0,0.0
2021-05-24,123.05669713625909,124.94146389287052,122.98833802904868,124.12114715576172,63092900,0.0,0.0
2021-05-25,124.82427074399982,125.31255964913692,123.35942638033971,123.92583465576172,72009500,0.0,0.0
2021-05-26,123.98442141340175,124.40434374665045,123.45707656811848,123.87699890136719,56575900,0.0,0.0
2021-05-27,123.476627687615,124.6485003034277,122.14850141604893,122.34381103515625,94625600,0.0,0.0
2021-05-28,122.62699835536803,122.85161109201668,121.63090751379944,121.68949890136719,71311100,0.0,0.0
2021-06-01,122.14849423744593,122.41216295280358,121.0352130826755,121.36724090576172,67637100,0.0,0.0
2021-06-02,121.36721900446283,122.30471836295723,121.14261374127888,122.12893676757812,59278900,0.0,0.0
2021-06-03,121.7578580944845,121.92387199310579,120.24418267613345,120.64457702636719,76229200,0.0,0.0
2021-06-04,121.16216229807738,123.20318269390796,120.94731726161271,122.93950653076172,75169300,0.0,0.0
2021-06-07,123.21293321808503,123.3594191359653,121.90434257301015,122.94926452636719,71057600,0.0,0.0
2021-06-08,123.63285881954378,125.44927381859075,123.25199989330952,123.76957702636719,74403800,0.0,0.0
2021-06-09,124.22857085419675,124.75591573650723,123.55474004059155,124.15044403076172,56877900,0.0,0.0
2021-06-10,124.04301097808155,125.1855951846905,122.98832875360279,123.15434265136719,71186400,0.0,0.0
2021-06-11,123.56448373450556,124.45315941450131,123.14456145340759,124.36526489257812,53522400,0.0,0.0
2021-06-14,124.82426738240325,127.4805121651489,124.09184522029778,127.42192077636719,96906500,0.0,0.0
2021-06-15,126.89460305506064,127.53913823394846,126.35749040598746,126.60163116455078,62746300,0.0,0.0
2021-06-16,127.31451546549631,127.82233240549729,125.44929143219892,127.09967041015625,91815000,0.0,0.0
2021-06-17,126.75786702289925,129.44341498990488,126.61137364763495,128.7012176513672,96721700,0.0,0.0
2021-06-18,127.64655315856818,128.42779161848907,127.18756736772201,127.40241241455078,108953300,0.0,0.0
2021-06-21,127.24612385129173,129.30667176152045,126.1816740756951,129.19924926757812,79663300,0.0,0.0
2021-06-22,129.0332571523742,130.93755177411464,128.53520055049577,130.8398895263672,74783600,0.0,0.0
2021-06-23,130.63483384623305,131.17194646480604,130.10748149302736,130.56646728515625,60214200,0.0,0.0
2021-06-24,131.29886767382567,131.48441699311277,129.81448802069463,130.2832489013672,68711000,0.0,0.0
2021-06-25,130.33206780671978,130.7519826258196,129.6972930949088,129.99026489257812,70783700,0.0,0.0
2021-06-28,130.28328339969636,132.08015588124547,130.2246919993891,131.6211700439453,62111300,0.0,0.0
2021-06-29,131.6406714747908,133.29106502927266,131.20122118482706,133.1348114013672,64556100,0.0,0.0
2021-06-30,132.97853765971635,134.18948074107257,132.68556587699877,133.75003051757812,63261400,0.0,0.0
2021-07-01,133.39850004575504,134.11138680082388,132.5781758729055,134.05279541015625,52485800,0.0,0.0
2021-07-02,134.66800143213112,136.71878923106325,134.521522975564,136.6797332763672,78852600,0.0,0.0
2021-07-06,136.78715756035768,139.79495784960233,136.78715756035768,138.6914520263672,108181800,0.0,0.0
2021-07-07,140.17584334226723,141.49420932337944,139.31647805419703,141.1817169189453,104911600,0.0,0.0
2021-07-08,138.26176048175577,140.6836320091057,137.37308477373998,139.8828582763672,105575500,0.0,0.0
2021-07-09,139.404326309902,142.23635219741325,139.30666407881637,141.70901489257812,99890800,0.0,0.0
2021-07-12,142.78324056023274,142.8906630545107,140.62503041198096,141.11331176757812,76299700,0.0,0.0
2021-07-13,140.65435663279786,144.00397520789517,140.2637374239949,142.22662353515625,100827100,0.0,0.0
2021-07-14,144.6289332803385,146.06448155656534,144.2187638575622,145.65431213378906,127050800,0.0,0.0
2021-07-15,145.74225840567044,146.48444087501676,143.64263914576114,145.00006103515625,106820300,0.0,0.0
2021-07-16,144.9805223346472,146.2500420755194,142.46098847923267,142.9590301513672,93251400,0.0,0.0
2021-07-19,140.38092397459488,140.69343127095988,138.34967125172668,139.11138916015625,121434600,0.0,0.0
2021-07-20,140.09774354697396,143.6524324995489,139.60946201556987,142.7246856689453,96350000,0.0,0.0
2021-07-21,142.11920648842988,142.7051502253578,141.24030578420624,141.99224853515625,74993500,0.0,0.0
2021-07-22,142.51957617960753,144.72660272403846,142.39261824833602,143.3594207763672,77338200,0.0,0.0
2021-07-23,144.09184768836266,145.23442440451626,143.47660834075452,145.0781707763672,71447400,0.0,0.0
2021-07-26,144.79499663408214,146.31843249256286,144.23834858516193,145.4981231689453,72434100,0.0,0.0
2021-07-27,145.62506850801552,145.71297050212902,142.13874637735347,143.3301544189453,104818600,0.0,0.0
2021-07-28,141.4160783718357,143.5254579196167,139.19927630353345,141.58209228515625,118931200,0.0,0.0
2021-07-29,141.29889173837356,143.1152993715257,141.1914692207776,142.22662353515625,56699500,0.0,0.0
2021-07-30,140.9961734481876,142.90046835495775,140.7324972607366,142.4414825439453,70440600,0.0,0.0
2021-08-02,142.92974528711127,143.50591381637727,141.8457598823253,142.10943603515625,62880000,0.0,0.0
2021-08-03,142.3926355441965,144.57036666149511,141.77739614243097,143.90631103515625,64786600,0.0,0.0
2021-08-04,143.81842770211748,144.32622969980267,142.8516250314263,143.50592041015625,56368300,0.0,0.0
2021-08-05,143.53523071300444,144.37507551915724,142.74421703883584,143.6133575439453,46397700,0.0,0.0
2021-08-06,143.1341182329051,143.87741265764788,142.42993828378326,142.92872619628906,54126800,0.22,0.0
2021-08-09,142.9873899692901,143.47640294108896,142.3223394909196,142.8798065185547,48908700,0.0,0.0
2021-08-10,143.22212723273427,144.46422440880676,142.1071782098756,142.4005889892578,69023100,0.0,0.0
2021-08-11,142.84071932029642,143.49599503680233,142.33214155394316,142.65489196777344,48493500,0.0,0.0
2021-08-12,142.97761899748718,145.77477386971125,142.6353039384577,145.6182861328125,72282600,0.0,0.0
2021-08-13,145.69652128952967,146.15619466200167,145.01190613589833,145.82366943359375,59375000,0.0,0.0
2021-08-16,145.27597699148956,147.8677548726636,143.25147091055382,147.79928588867188,103296000,0.0,0.0
2021-08-17,146.92886973012176,148.3470047149868,145.8139204751284,146.88975524902344,92229700,0.0,0.0
2021-08-18,146.50831793002382,147.40810018292743,142.93851358506976,143.14390563964844,86326000,0.0,0.0
2021-08-19,141.8431535530235,144.74789286728046,141.32480080622992,143.47645568847656,86960300,0.0,0.0
2021-08-20,144.2001353891238,145.23684041442456,143.55463473897757,144.93365478515625,60549600,0.0,0.0
2021-08-23,145.05102753102452,146.8897211086949,144.6402584192349,146.42027282714844,60131800,0.0,0.0
2021-08-24,146.16596700294957,147.5449870963477,145.87255624979176,146.3322296142578,48606400,0.0,0.0
2021-08-25,146.51806444524348,147.01686722827083,144.55223766808206,145.0999298095703,58991300,0.0,0.0
2021-08-26,145.09015667605945,145.8432259179612,144.2686035304066,144.29794311523438,48597200,0.0,0.0
2021-08-27,144.23928688537814,145.48138422676655,143.60357588168407,145.33468627929688,55802400,0.0,0.0
2021-08-30,145.72590781427007,150.11725094569553,145.34447818270277,149.75537109375,90956700,0.0,0.0
2021-08-31,149.3054461965621,149.44236923362013,147.96554048732443,148.49368286132812,86453100,0.0,0.0
2021-09-01,149.4717585326363,151.57450907043452,148.99252028179305,149.15878295898438,80313700,0.0,0.0
2021-09-02,150.4888943859777,151.32022266828497,149.05119460389105,150.2737274169922,71115500,0.0,0.0
2021-09-03,150.38129660470707,151.23218950970838,149.7260208700016,150.90943908691406,57808700,0.0,0.0
2021-09-07,151.5647115758547,153.80438486222874,150.99745462583329,153.24691772460938,82278300,0.0,0.0
2021-09-08,153.53054912098804,153.58922830539066,150.59647051289338,151.70164489746094,74420200,0.0,0.0
2021-09-09,152.07324314334025,152.6796143882617,150.5670749934843,150.6844482421875,57305700,0.0,0.0
2021-09-10,151.59401286380336,152.06346111215902,145.43244677560867,145.69651794433594,140893200,0.0,0.0
2021-09-13,147.3200945733119,148.09272872223804,145.48140050070867,146.26382446289062,102404300,0.0,0.0
2021-09-14,147.0462435219262,147.75042357206001,143.6818310431746,144.865234375,109296300,0.0,0.0
2021-09-15,145.29554507646444,146.1562127610325,143.15366567640987,145.75521850585938,83281300,0.0,0.0
2021-09-16,145.17816193712628,145.6965144522282,143.98496918672433,145.5204620361328,68034100,0.0,0.0
2021-09-17,145.54984051172312,145.54984051172312,142.55706833315722,142.85047912597656,129868800,0.0,0.0
2021-09-20,140.64014472255653,141.6572852174671,138.16574008474763,139.79904174804688,123478900,0.0,0.0
2021-09-21,140.7672722677942,141.42256280767091,139.642548359155,140.27825927734375,75834000,0.0,0.0
2021-09-22,141.27586560496235,143.21235308306478,140.54234603803783,142.64511108398438,76404300,0.0,0.0
2021-09-23,143.4275394388265,143.84809847436335,142.4397383273961,143.6035919189453,64838200,0.0,0.0
2021-09-24,142.45925161579112,144.22947605037112,142.36144305952544,143.69155883789062,53477900,0.0,0.0
2021-09-27,142.27343722725323,142.7526753188713,140.65970036682202,142.17562866210938,74150700,0.0,0.0
2021-09-28,140.10222299723426,141.5692619814985,138.57650484135823,138.7916717529297,108972300,0.0,0.0
2021-09-29,139.33934685752757,141.27583390106034,138.909013087078,139.69143676757812,74602000,0.0,0.0
2021-09-30,140.50324137590155,141.20742140322028,138.17553434540375,138.3907012939453,89056700,0.0,0.0
2021-10-01,138.78186147541723,139.77945201617703,136.05317593342988,139.515380859375,94639600,0.0,0.0
2021-10-04,138.64495809209728,139.08508172360442,135.23165695964403,136.08253479003906,98322000,0.0,0.0
2021-10-05,136.42486459550415,139.11443634160335,136.29771642835235,138.00926208496094,80861100,0.0,0.0
2021-10-06,136.40530997052016,139.02641292068202,135.32947522321794,138.8797149658203,83221100,0.0,0.0
2021-10-07,139.91640035654444,141.0509141240026,139.5838750906148,140.14134216308594,61732700,0.0,0.0
2021-10-08,140.86506167895476,141.0117595867435,139.4273624886646,139.7598876953125,58773200,0.0,0.0
2021-10-11,139.1437779877816,141.62795772548145,138.69387941362646,139.67190551757812,64452200,0.0,0.0
2021-10-12,140.0826575469626,140.10222224522562,137.94077825367475,138.40045166015625,73035900,0.0,0.0
2021-10-13,138.1363641843171,138.2928369645974,136.1411832699827,137.81361389160156,78762700,0.0,0.0
2021-10-14,138.98729132751163,140.7184017237602,138.40046969110713,140.6010284423828,69907100,0.0,0.0
2021-10-15,140.61080749842878,141.71596677210917,140.35651117780878,141.65728759765625,67940300,0.0,0.0
2021-10-18,140.29781043764254,143.61331759603044,140.01418949688554,143.32969665527344,85589200,0.0,0.0
2021-10-19,143.77957415536835,145.8921135630049,143.32969062365265,145.49111938476562,76378900,0.0,0.0
2021-10-20,145.43245616972183,146.45938640466994,144.8651993263839,145.9801483154297,58418800,0.0,0.0
2021-10-21,145.54005210514717,146.35181550626882,144.62070524306984,146.19532775878906,61421000,0.0,0.0
2021-10-22,146.40069432339263,146.87991744687585,145.3737641790151,145.42266845703125,58883400,0.0,0.0
2021-10-25,145.4128937692613,146.08773407498782,144.3761886308666,145.373779296875,50720600,0.0,0.0
2021-10-26,146.04862376445527,147.52543764586656,145.7356482824783,146.03884887695312,60893400,0.0,0.0
2021-10-27,146.07796575011088,146.43983059903536,145.22708789518356,145.5791778564453,56094900,0.0,0.0
2021-10-28,146.52785119259605,149.8042290860398,146.4300426307357,149.21742248535156,100077900,0.0,0.0
2021-10-29,143.9850068548087,146.64523910016035,143.1928080838573,146.50831604003906,124953200,0.0,0.0
2021-11-01,145.71607664214312,146.41046663790817,144.55222349385764,145.68673706054688,74588300,0.0,0.0
2021-11-02,145.39336412691904,148.23942366972244,145.38357431484795,146.72348022460938,69122000,0.0,0.0
2021-11-03,147.0853287663622,148.63061162902127,146.52786170952203,148.16116333007812,54511500,0.0,0.0
2021-11-04,148.2491476898424,149.08046063846822,147.3298010802536,147.6427764892578,60394600,0.0,0.0
2021-11-05,148.76918963737086,149.07281782729038,146.97678796158638,148.17172241210938,65463900,0.22,0.0
2021-11-08,148.29907019202702,148.45578635175377,147.07475321655346,147.3489990234375,55020900,0.0,0.0
2021-11-09,147.11392796889447,148.3186517141658,146.97680506248372,147.71139526367188,56787900,0.0,0.0
2021-11-10,146.93759531163658,147.0453357776248,144.8121833419343,144.8807373046875,65187100,0.0,0.0
2021-11-11,145.89938743250096,146.35971678839883,144.64567331029048,144.83177185058594,41000000,0.0,0.0
2021-11-12,145.38027365145768,147.3097982131486,144.449795829464,146.90823364257812,63804000,0.0,0.0
2021-11-15,147.28039221661786,148.75937630755206,146.3597036966309,146.91799926757812,59222800,0.0,0.0
2021-11-16,146.85924274203003,148.3773984758072,146.27156473370576,147.8974609375,59256200,0.0,0.0
2021-11-17,147.89745943010328,151.81527292494047,147.88767027666427,150.3363037109375,88807000,0.0,0.0
2021-11-18,150.55181209560718,155.40989334552083,149.90536916424182,154.62632751464844,137827700,0.0,0.0
2021-11-19,154.41084228889372,157.71161083201548,153.31385912302107,157.2512664794922,117305600,0.0,0.0
2021-11-22,158.3580215257173,162.29542845267346,157.69200037488366,157.7115936279297,117467900,0.0,0.0
2021-11-23,157.80951705712113,158.47555309859132,155.79184557181551,158.09356689453125,96041900,0.0,0.0
2021-11-24,157.4471342187338,158.8085738483819,156.35994034575776,158.61268615722656,69463600,0.0,0.0
2021-11-26,156.29140553118123,157.15331446693773,153.14735315261942,153.58810424804688,76959800,0.0,0.0
2021-11-29,156.09548196515397,157.8780943084946,155.52739720558188,156.94761657714844,88748200,0.0,0.0
2021-11-30,156.7027606504653,162.11913695746247,156.6341917361946,161.90365600585938,174048100,0.0,0.0
2021-12-01,164.03889354865572,166.80096002265125,161.14950826261352,161.38458251953125,152052500,0.0,0.0
2021-12-02,155.4784189693417,160.8262255061017,154.55773049536117,160.395263671875,136739200,0.0,0.0
2021-12-03,160.64995624545222,161.57064486360198,156.43830349501886,158.51473999023438,118023100,0.0,0.0
2021-12-06,160.91441267175034,164.43066217672398,160.90462351682206,161.9232635498047,107497000,0.0,0.0
2021-12-07,165.606013499861,168.05464745577578,164.881212468611,167.66285705566406,120405400,0.0,0.0
2021-12-08,168.59332710400926,172.3446356103418,167.19270089919112,171.4827117919922,116998900,0.0,0.0
2021-12-09,171.31621864051468,173.11840952908594,170.34655427614908,170.97340393066406,108923700,0.0,0.0
2021-12-10,171.61005099944745,175.93923359247646,171.1007310045987,175.76292419433594,115402700,0.0,0.0
2021-12-13,177.3986153833375,178.38787299583686,171.92347383588933,172.12916564941406,153237000,0.0,0.0
2021-12-14,171.64920321778123,174.08804749115933,168.67167154672788,170.74810791015625,139380400,0.0,0.0
2021-12-15,171.51207028188244,175.81186972926076,168.76959801571434,175.61598205566406,131063300,0.0,0.0
2021-12-16,175.5964093375668,177.41819331105674,167.24167279418768,168.72064208984375,150185800,0.0,0.0
2021-12-17,166.43851201579665,169.90578548213614,166.20345276063674,167.6236572265625,195432700,0.0,0.0
2021-12-20,164.82242453025603,167.07517044282818,164.01928047689202,166.26222229003906,107499100,0.0,0.0
2021-12-21,168.03504264727704,169.641345814115,165.64517367936028,169.4356689453125,91185900,0.0,0.0
2021-12-22,169.4845891969166,172.24665462353272,168.61287637449038,172.0311737060547,92135300,0.0,0.0
2021-12-23,172.2369231764139,173.21637678573038,171.66883828957722,172.6580810546875,68356600,0.0,0.0
2021-12-27,173.45142774896462,176.71300990463334,173.43184943831818,176.62486267089844,74919600,0.0,0.0
2021-12-28,176.458305164174,177.60426369959058,174.86179154747876,175.60617065429688,79144300,0.0,0.0
2021-12-29,175.6453907930184,176.9186832802021,174.4798387842566,175.69436645507812,62348900,0.0,0.0
2021-12-30,175.78251482342475,176.85991961465393,174.4308642572052,174.53860473632812,59773000,0.0,0.0
2021-12-31,174.43082898683727,175.54740511503024,173.6178809806125,173.92152404785156,64062300,0.0,0.0
2022-01-03,174.17620137564992,179.12244407617163,174.05867174915193,178.2703094482422,104487900,0.0,0.0
2022-01-04,178.87758836256972,179.18121654083714,175.43969718796814,176.00778198242188,99310400,0.0,0.0
2022-01-05,175.91959632015076,176.46808774108115,171.05171254148792,171.32595825195312,94537600,0.0,0.0
2022-01-06,169.15161788468467,171.69820298422886,168.11339955718992,168.46600341796875,96904000,0.0,0.0
2022-01-07,169.33771503993543,170.56203191509988,167.51593093187975,168.63250732421875,86709100,0.0,0.0
2022-01-10,165.60599864366586,168.95572780142643,164.7146923768041,168.652099609375,106765600,0.0,0.0
2022-01-11,168.77942565072325,171.58064816981238,167.31024547595837,171.4827117919922,76138300,0.0,0.0
2022-01-12,172.5013205493631,173.5395387171234,171.22804314076478,171.92344665527344,74805200,0.0,0.0
2022-01-13,172.16833406776786,172.9910714162829,168.26030924441002,168.652099609375,84505800,0.0,0.0
2022-01-14,167.8195575274604,170.20942643626557,167.57469415475944,169.51402282714844,80440800,0.0,0.0
2022-01-18,167.986029250503,168.99486494876345,165.92918629810023,166.31117248535156,90956700,0.0,0.0
2022-01-19,166.5071040161468,167.56491564685888,162.53052498206404,162.81455993652344,94815000,0.0,0.0
2022-01-20,163.5491030708596,166.19362391453956,160.806630921933,161.12985229492188,91420500,0.0,0.0
2022-01-21,161.0417244969125,162.9124840575923,158.96528809380473,159.07302856445312,122848900,0.0,0.0
2022-01-24,156.73213888196668,158.9652914615593,151.5214395660685,158.29925537109375,162294600,0.0,0.0
2022-01-25,155.71350456711474,159.41583739515477,153.79378418345803,156.4970703125,115798400,0.0,0.0
2022-01-26,160.14063545703362,161.01234841002858,154.57734716045317,156.40892028808594,108275300,0.0,0.0
2022-01-27,159.112223875077,160.4736636918006,155.02790442490624,155.94859313964844,121954600,0.0,0.0
2022-01-28,162.30522203050273,166.8498849998228,159.45500918063075,166.83029174804688,179935700,0.0,0.0
2022-01-31,166.66380312140188,171.4043542462614,166.02714940989443,171.18887329101562,115541600,0.0,0.0
2022-02-01,170.43469133018758,171.2476394960686,168.76962343591478,171.02236938476562,86213900,0.0,0.0
2022-02-02,171.15948068570833,172.26626780396012,169.7686586589768,172.22708129882812,84914300,0.0,0.0
2022-02-03,170.89499578620112,172.61884304001376,168.5834855601735,169.3474578857422,89418100,0.0,0.0
2022-02-04,168.3668209831939,170.7401317063237,167.38611951437943,169.06312561035156,82465400,0.22,0.0
2022-02-07,169.52403712153145,170.59299800892276,167.65089393875687,168.34719848632812,77251200,0.0,0.0
2022-02-08,168.41585889249356,171.96600838202775,168.12164545926012,171.45603942871094,74829200,0.0,0.0
2022-02-09,172.65247937368048,173.2408912177467,171.524663818335,172.87803649902344,71285000,0.0,0.0
2022-02-10,170.77931477893978,172.09345086021537,168.23930213729957,168.7982940673828,90865900,0.0,0.0
2022-02-11,169.0042733328554,169.7397993797007,164.79705596488338,165.38548278808594,98670700,0.0,0.0
2022-02-14,164.13996586391173,166.30732224292808,163.34560023389338,165.62083435058594,86185500,0.0,0.0
2022-02-15,167.67051458711066,169.61229911156767,166.96440840288716,169.45538330078125,62527400,0.0,0.0
2022-02-16,168.53349815165654,169.99473328399495,166.76823309362874,169.21998596191406,61177400,0.0,0.0
2022-02-17,167.72933608370406,168.5923579851135,165.2187432406735,165.62083435058594,69589300,0.0,0.0
2022-02-18,166.54272185911768,167.24881311236203,162.9827709259436,164.07135009765625,82772700,0.0,0.0
2022-02-22,161.79611631133258,163.47312232621292,159.02072949307376,161.14886474609375,91162800,0.0,0.0
2022-02-23,162.34528786351217,162.94351625967545,156.6670338772365,156.98086547851562,90009200,0.0,0.0
2022-02-24,149.63540593186767,159.70721245821238,149.06659738297807,159.59933471679688,141147500,0.0,0.0
2022-02-25,160.6780917637284,161.9333881865455,157.76540780776472,161.66860961914062,91974200,0.0,0.0
2022-02-28,159.91318321993836,162.22763934438854,159.29533649012686,161.9334259033203,95056600,0.0,0.0
2022-03-01,161.52152827152648,163.38487003337303,158.8442174624351,160.05047607421875,83474400,0.0,0.0
2022-03-02,161.21749147612806,164.13017563125035,159.80527916281847,163.34561157226562,79724800,0.0,0.0
2022-03-03,165.21876441640376,165.6502754224143,162.35511815252505,163.02198791503906,76678400,0.0,0.0
2022-03-04,161.31557487047283,162.35511593567728,158.97169917829748,160.0210418701172,83737200,0.0,0.0
2022-03-07,160.2073838791356,161.83535182075346,155.97074658012755,156.22573852539062,96418800,0.0,0.0
2022-03-08,155.75501466301262,159.73666023729874,152.79329203332358,154.40164184570312,131148300,0.0,0.0
2022-03-09,158.36365040568722,160.2564117997747,156.33360638496927,159.80528259277344,91454900,0.0,0.0
2022-03-10,157.10837144656722,157.29470711890718,152.96981007380143,155.46080017089844,105342000,0.0,0.0
2022-03-11,155.86285431301891,156.2061057623046,151.51835462854714,151.74391174316406,96970100,0.0,0.0
2022-03-14,148.52719485737234,151.14566528522778,147.2032572060636,147.7132110595703,108732100,0.0,0.0
2022-03-15,147.9878433779772,152.5677323353664,147.4778893963599,152.09698486328125,92964300,0.0,0.0
2022-03-16,154.01912684826212,156.9121924028267,151.47911432517643,156.51010131835938,102300200,0.0,0.0
2022-03-17,155.54905912498893,157.8929350151505,154.5879758844706,157.520263671875,75615400,0.0,0.0
2022-03-18,157.4123942449896,161.30578044331628,156.67686811126515,160.8154296875,123511700,0.0,0.0
2022-03-21,160.3544483255179,163.13965111509174,159.86409772398687,162.18836975097656,95811400,0.0,0.0
2022-03-22,162.31584770945418,166.15039293346567,161.72743597716038,165.56198120117188,81532000,0.0,0.0
2022-03-23,164.7479978071537,169.308252341418,164.41454803066404,166.92515563964844,98062700,0.0,0.0
2022-03-24,167.75875768604743,170.77931940838405,166.9251705809909,170.71067810058594,90131400,0.0,0.0
2022-03-25,170.5243286011813,171.8973042886656,169.41613146208226,171.34811401367188,80546200,0.0,0.0
2022-03-28,168.84733794398963,172.33863211398676,168.68062052174977,172.21115112304688,90371900,0.0,0.0
2022-03-29,173.28010585750482,175.55532497081904,172.93685443507036,175.5063018798828,100589400,0.0,0.0
2022-03-30,175.10424033882794,176.1437814426428,173.2899367384836,174.33929443359375,92633200,0.0,0.0
2022-03-31,174.40791055107027,174.59424618696573,171.0342957824536,171.24024963378906,103049300,0.0,0.0
2022-04-01,170.6714345147771,171.5050365492017,168.62177252764585,170.94602966308594,78751300,0.0,0.0
2022-04-04,171.20104367313095,175.0453912102986,171.0735477076942,174.99635314941406,76468400,0.0,0.0
2022-04-05,174.07450880051937,174.85907295980758,171.0539465140656,171.6815948486328,73401800,0.0,0.0
2022-04-06,169.03370184368734,170.27919687020847,166.84674180895354,168.51393127441406,89058800,0.0,0.0
2022-04-07,167.8568338106809,170.01437362269277,166.5721175347958,168.8179168701172,77594700,0.0,0.0
2022-04-08,168.46488285345913,168.46488285345913,165.9346714824091,166.8074951171875,76575500,0.0,0.0
2022-04-11,165.4541214198734,165.76793805160875,162.306063690876,162.55123901367188,72246700,0.0,0.0
2022-04-12,164.7774152033108,166.5917033939569,163.42404279659993,164.4243621826172,79265200,0.0,0.0
2022-04-13,164.15957544885293,167.73912889065093,163.55154548536066,167.11148071289062,70618900,0.0,0.0
2022-04-14,167.32726844290085,167.96473333287506,161.85495282329552,162.10012817382812,75329400,0.0,0.0
2022-04-18,160.75655343597518,163.38484067093813,160.41331696354428,161.88436889648438,69023900,0.0,0.0
2022-04-19,161.8353139115337,164.58128022532864,160.74673499644868,164.16937255859375,67723800,0.0,0.0
2022-04-20,165.50314204406817,165.62083637298807,162.89448802131358,164.00267028808594,67929800,0.0,0.0
2022-04-21,165.6502801659303,168.21971309344158,162.7081759108626,163.2083282470703,87227800,0.0,0.0
2022-04-22,163.2475363117759,164.63031369845396,158.38325153783305,158.6676483154297,84882400,0.0,0.0
2022-04-25,158.01058942731927,160.0210300948507,155.40193532965264,159.73663330078125,96046400,0.0,0.0
2022-04-26,159.11877502482716,159.20703454434567,153.69549840448505,153.77395629882812,95623200,0.0,0.0
2022-04-27,152.90114966122312,156.70626068843154,152.38137914765707,153.5484161376953,88063200,0.0,0.0
2022-04-28,156.17665619730724,161.34495538360846,155.86282465033622,160.48193359375,130216800,0.0,0.0
2022-04-29,158.71671584912355,162.9925746827483,154.21529987659397,154.60757446289062,131747600,0.0,0.0
2022-05-02,153.68574417467673,155.17639973396098,150.31212849909627,154.91162109375,123055300,0.0,0.0
2022-05-03,155.09790243206862,157.60851029484962,153.30323224685807,156.40223693847656,88966500,0.0,0.0
2022-05-04,156.58860991829275,163.2671848758677,156.18651870361643,162.81607055664062,108256500,0.0,0.0
2022-05-05,160.68788797008557,160.9134450425525,151.95963883488685,153.74452209472656,130525300,0.0,0.0
2022-05-06,153.22403417824327,156.5927904855529,151.42671174390728,154.4713592529297,116124600,0.23,0.0
2022-05-09,152.163286830581,153.047223819661,148.78473018495143,149.34454345703125,131577900,0.0,0.0
2022-05-10,152.74275136095326,153.94096598283207,150.1989918029188,151.7507781982422,115366700,0.0,0.0
2022-05-11,150.75886233593417,152.6740370686738,143.2061846849442,143.8838653564453,142689800,0.0,0.0
2022-05-12,140.22044713133192,143.58918770892123,136.32134136947613,140.01419067382812,182602000,0.0,0.0
2022-05-13,142.00795311338425,145.45528221531998,140.55438668965164,144.4829559326172,113990900,0.0,0.0
2022-05-16,142.9508252776519,144.88564694988057,141.60528003698874,142.9409942626953,86643800,0.0,0.0
2022-05-17,146.20171700867192,147.09547018171415,144.06063880216985,146.57493591308594,78336300,0.0,0.0
2022-05-18,144.22759932213285,144.72848648816108,137.40169851030006,138.30528259277344,109742900,0.0,0.0
2022-05-19,137.38208160836896,139.13029385475133,134.1606557844978,134.8972625732422,136095600,0.0,0.0
2022-05-20,136.60614779257094,138.1873972505803,130.2418708685785,135.1329345703125,137426100,0.0,0.0
2022-05-23,135.32937819993117,140.7016976717336,135.19187888015,140.55438232421875,117726300,0.0,0.0
2022-05-24,138.2954614249139,139.4347501436659,134.8776102549607,137.85350036621094,104132700,0.0,0.0
2022-05-25,135.95793161918118,139.25792986661668,135.8695424217508,138.0106201171875,92482700,0.0,0.0
2022-05-26,134.93652895354754,141.7624148884754,134.69099338044722,141.21241760253906,90601500,0.0,0.0
2022-05-27,142.79362417872514,147.0070067469963,142.66594092364804,146.9677276611328,90978500,0.0,0.0
2022-05-31,146.40794084331958,147.9695433008326,144.2177530085784,146.18203735351562,103718400,0.0,0.0
2022-06-01,147.2231190270911,149.0302721781197,145.04276200731988,146.05438232421875,74286600,0.0,0.0
2022-06-02,145.1900596961789,148.5686307144866,144.23738071765732,148.50970458984375,72348100,0.0,0.0
2022-06-03,144.27668941243508,145.327588805216,141.88027492949882,142.78384399414062,88570300,0.0,0.0
2022-06-06,144.40436412307008,145.91687147884687,142.31239647541148,143.53025817871094,71598400,0.0,0.0
2022-06-07,141.77224146396463,146.33919698612507,141.52670589855168,146.05438232421875,67808200,0.0,0.0
2022-06-08,145.92665699583665,147.19361355440824,144.8266627752909,145.31773376464844,53950200,0.0,0.0
2022-06-09,144.45348753415902,145.3079465173713,139.98473718785118,140.0927734375,69473000,0.0,0.0
2022-06-10,137.7748783865218,138.24630234976115,134.6123799516252,134.68113708496094,91437900,0.0,0.0
2022-06-13,130.49722878533498,132.78562190034356,129.09277263849617,129.52491760253906,122207100,0.0,0.0
2022-06-14,130.75259347181498,131.49901613498997,129.1320498799016,130.38919067382812,84784300,0.0,0.0
2022-06-15,131.89187879778933,134.8874157174927,129.79992595411264,133.0115203857422,91533000,0.0,0.0
2022-06-16,129.72134292932262,130.0258046120006,126.73562226384061,127.73741149902344,108123900,0.0,0.0
2022-06-17,127.747234873443,130.70347730890373,127.49186832675026,129.2106170654297,134520300,0.0,0.0
2022-06-21,131.03744896967027,134.61244702705824,130.939243712639,133.44369506835938,81000500,0.0,0.0
2022-06-22,132.38297105119662,135.29993525630434,131.51869590671203,132.9329833984375,73409200,0.0,0.0
2022-06-23,134.37670851634957,136.11508949160935,133.20795685254018,135.80081176757812,72433800,0.0,0.0
2022-06-24,137.4016693916089,139.37578454056782,137.2740011133842,139.1302490234375,89116800,0.0,0.0
2022-06-27,140.15167018072825,140.9275708071873,138.45256859835,139.1302490234375,70207900,0.0,0.0
2022-06-28,139.59187553155968,140.85883237422544,134.86777395244602,134.98562622070312,67083400,0.0,0.0
2022-06-29,135.00527146488074,138.15793948922365,134.2293707457082,136.74365234375,66242400,0.0,0.0
2022-06-30,134.7990223471169,135.89901685954254,131.38117155043633,134.2784881591797,98964500,0.0,0.0
2022-07-01,133.6106148417446,136.55704136561366,133.23741100607202,136.44900512695312,71051600,0.0,0.0
2022-07-05,135.30971636921956,139.08113829870763,134.48470564577644,139.0320281982422,73353800,0.0,0.0
2022-07-06,138.8258268991265,141.54635041323854,138.56064426897342,140.36778259277344,74064300,0.0,0.0
2022-07-07,140.73115856961377,143.93295194501385,140.72134254203155,143.7365264892578,66253700,0.0,0.0
2022-07-08,142.66598770215515,144.91510200246088,142.41063609457171,144.41419982910156,64547800,0.0,0.0
2022-07-11,143.0686144979095,144.0212933779238,141.21236683210466,142.28289794921875,63141600,0.0,0.0
2022-07-12,143.15705931439427,145.79902455570198,142.45974665881124,143.25527954101562,77588800,0.0,0.0
2022-07-13,140.43652068379964,143.83472435454556,139.58204676627264,142.89187622070312,71185600,0.0,0.0
2022-07-14,141.50707537702388,146.2901039540339,140.69189540633064,145.8186798095703,78140700,0.0,0.0
2022-07-15,147.1052616395071,148.16597704358819,145.55347512166446,147.48829650878906,76259900,0.0,0.0
2022-07-18,148.04810908676706,148.86328884760215,144.08024651562505,144.4436492919922,81420900,0.0,0.0
2022-07-19,145.27843723762842,148.52932473442004,144.28647925095967,148.30343627929688,82982400,0.0,0.0
2022-07-20,148.42131103969578,150.97488652317665,147.6847044563416,150.30702209472656,64823400,0.0,0.0
2022-07-21,151.74096357554814,152.79186287917176,149.22668204614965,152.57579040527344,65086600,0.0,0.0
2022-07-22,152.61507520531072,153.48918116011728,150.67043785379852,151.33828735351562,66675400,0.0,0.0
2022-07-25,151.25971149976874,152.27131674461305,149.56060972730697,150.21864318847656,53623900,0.0,0.0
2022-07-26,149.5409330325007,150.35611267726964,148.1070141287268,148.89273071289062,55138700,0.0,0.0
2022-07-27,149.8552563235132,154.5204317003286,149.4427584043403,153.9900665283203,78620700,0.0,0.0
2022-07-28,154.1766972484503,154.8249147765774,151.6525992780924,154.54010009765625,81378700,0.0,0.0
2022-07-29,158.36060045687617,160.7079195187844,156.6516677769687,159.60791015625,101786900,0.0,0.0
2022-08-01,158.13469189637678,160.6686202770066,158.01683964165412,158.62576293945312,67829400,0.0,0.0
2022-08-02,157.24094628726945,159.50969199737088,156.77933833047933,157.1525421142578,59907000,0.0,0.0
2022-08-03,157.96777335034653,163.61509191193315,157.87938413479097,163.16331481933594,82507500,0.0,0.0
2022-08-04,163.04545502447235,164.20439085358342,161.49366822844783,162.84902954101562,55474100,0.0,0.0
2022-08-05,160.51806934143676,163.114525365312,160.31152641592973,162.62277221679688,56697000,0.23,0.0
2022-08-08,163.62595540473944,165.04220702567798,161.49174831186727,162.15069580078125,60276900,0.0,0.0
2022-08-09,161.31474028979756,163.08505499075815,160.55743608300256,162.19989013671875,63135500,0.0,0.0
2022-08-10,164.91435623038078,166.54698055787682,164.14722239112217,166.44863891601562,70170500,0.0,0.0
2022-08-11,167.25512657950156,168.16979550252623,165.41597407733548,165.71102905273438,57149200,0.0,0.0
2022-08-12,167.0190809905204,169.33031226065586,166.60599505436244,169.261474609375,68039400,0.0,0.0
2022-08-15,168.6910117877752,170.53016384292243,168.52381751068145,170.33346557617188,54091700,0.0,0.0
2022-08-16,169.93024033504878,170.84490912166515,168.82871793209483,170.17611694335938,56377100,0.0,0.0
2022-08-17,169.92039567056804,173.24463691658173,169.72369740271,171.67103576660156,79542000,0.0,0.0
2022-08-18,170.88420666210232,172.0152328184591,170.26459293782798,171.27760314941406,62290100,0.0,0.0
2022-08-19,170.17614485304702,170.87444113830458,168.48451230986507,168.69105529785156,70346300,0.0,0.0
2022-08-22,166.89121173091766,167.05840602639253,164.38326728455968,164.80618286132812,69026800,0.0,0.0
2022-08-23,164.32425128292837,165.92737151886493,163.90133572678997,164.47177124023438,54147100,0.0,0.0
2022-08-24,164.56030249873976,165.33726597260625,163.50794341888323,164.76683044433594,53841500,0.0,0.0
2022-08-25,165.9962181286182,167.33378750652878,165.57331755675585,167.22560119628906,51218200,0.0,0.0
2022-08-26,167.75670773498427,168.2287866440609,160.8623176958489,160.92132568359375,78961000,0.0,0.0
2022-08-29,158.4920749241394,160.2132113909233,157.18402441564837,158.71829223632812,73314000,0.0,0.0
2022-08-30,159.45592432505862,159.8788249449609,155.11865676791015,156.28903198242188,77906200,0.0,0.0
2022-08-31,157.665923552681,157.93147450788678,154.54820976951913,154.62689208984375,87991100,0.0,0.0
2022-09-01,154.05645479166745,155.8070951296429,152.11894582091065,155.3546905517578,74229900,0.0,0.0
2022-09-02,157.11516076913463,157.71510032446895,152.41400097767612,153.24014282226562,76957800,0.0,0.0
2022-09-06,153.88925181756636,154.4990209999667,151.15510515135455,151.9812469482422,73714800,0.0,0.0
2022-09-07,152.26646809885722,154.0859459351541,151.07641875135508,153.38766479492188,87449600,0.0,0.0
2022-09-08,152.0894537868935,153.7810862700933,150.1617743268103,151.9124298095703,84923800,0.0,0.0
2022-09-09,152.90577277832278,155.21701929836195,152.19764682354995,154.77442932128906,68028800,0.0,0.0
2022-09-12,156.9577901423654,161.5507634451195,156.67257987610813,160.7344512939453,104956000,0.0,0.0
2022-09-13,157.26267420589616,157.89211772902357,150.8403783347764,151.30262756347656,122656600,0.0,0.0
2022-09-14,152.2369398106262,154.50885206267736,151.07640953249754,152.7483673095703,87965400,0.0,0.0
2022-09-15,152.09925057054045,152.67953072071606,148.8831956207659,149.8568572998047,90481100,0.0,0.0
2022-09-16,148.71599907903905,148.85368936524756,145.92282969048466,148.2144012451172,162278800,0.0,0.0
2022-09-19,146.8473562182448,152.01076545240036,146.64082825286496,151.9320831298828,81474200,0.0,0.0
2022-09-20,150.8699064647989,155.47272515734463,150.5551921564435,154.3121795654297,107689800,0.0,0.0
2022-09-21,154.74492033364538,156.12183853779936,151.06661536137307,151.18463134765625,101696800,0.0,0.0
2022-09-22,149.8667164993867,151.9222413623521,148.42096082844884,150.2207794189453,86652500,0.0,0.0
2022-09-23,148.69635763891162,148.97173827223702,146.10973061112034,147.94888305664062,96029900,0.0,0.0
2022-09-26,147.19157145564952,151.23378336075643,147.17189712565283,148.28326416015625,93339400,0.0,0.0
2022-09-27,150.22077457787657,152.16811306913462,147.47678328794686,149.25692749023438,84442700,0.0,0.0
2022-09-28,145.20488028971093,148.15539940831013,142.45105944426174,147.36859130859375,146691400,0.0,0.0
2022-09-29,143.69029304650877,144.30006222073425,138.3596750779143,140.12998962402344,128138200,0.0,0.0
2022-09-30,138.9497950371784,140.739784043771,135.72389496609006,135.92059326171875,124925300,0.0,0.0
2022-10-03,135.93043653465315,140.71027860420344,135.41900896557823,140.10049438476562,114311700,0.0,0.0
2022-10-04,142.6379332973476,143.80830832520158,141.88062916042142,143.69029235839844,87830100,0.0,0.0
2022-10-05,141.69382456070875,144.9492294994223,140.6512948005739,143.98538208007812,79471000,0.0,0.0
2022-10-06,143.40507882099124,145.1065408456924,142.8248135939426,143.03134155273438,68402200,0.0,0.0
2022-10-07,140.18900681575843,140.73978304959337,137.1499753994762,137.7794189453125,85925600,0.0,0.0
2022-10-10,138.1039581298828,139.54971364677584,136.2844804095271,138.1039581298828,74899000,0.0,0.0
2022-10-11,137.59253769929057,139.01863396780078,135.94025417061508,136.68771362304688,77033700,0.0,0.0
2022-10-12,136.8352824760686,138.04499143111343,135.88127984271256,136.0583038330078,70433700,0.0,0.0
2022-10-13,132.76356905691682,141.22171730449597,132.15378472461572,140.63162231445312,113224000,0.0,0.0
2022-10-14,141.9298435333937,142.13638653487928,135.91078758368462,136.09765625,88598000,0.0,0.0
2022-10-17,138.74327729972723,140.54308109407378,137.9564690521345,140.06117248535156,85250900,0.0,0.0
2022-10-18,143.09038098743915,144.2804155723702,138.2908639653918,141.3790740966797,99136600,0.0,0.0
2022-10-19,139.35303637893844,142.55926212019432,139.16616774549112,141.48724365234375,61758300,0.0,0.0
2022-10-20,140.66108608089553,143.48374457740485,140.29717851697941,141.0249786376953,64522000,0.0,0.0
2022-10-21,140.51359551029486,145.4114696146214,140.2972228386762,144.84103393554688,86548600,0.0,0.0
2022-10-24,144.7623420825169,147.75219561004096,143.59196680128503,146.9850616455078,75981900,0.0,0.0
2022-10-25,147.61450271725704,149.97492757312142,146.89654709772452,149.827392578125,74732300,0.0,0.0
2022-10-26,148.47011872840665,149.4831290241877,145.5982671053076,146.8866729736328,88194300,0.0,0.0
2022-10-27,145.62781359762897,146.5916457586151,141.75279561471663,142.4117431640625,109180200,0.0,0.0
2022-10-28,145.75566287950778,154.90227649289278,145.3819406077306,153.1713104248047,164762400,0.0,0.0
2022-10-31,150.63384336153183,151.6960320711127,149.41429002672785,150.8108673095703,97943200,0.0,0.0
2022-11-01,152.52217870801033,152.8860712842191,146.6703184608035,148.1652374267578,80379300,0.0,0.0
2022-11-02,146.49329861316923,149.66019092618583,142.60845071578376,142.63795471191406,93604600,0.0,0.0
2022-11-03,139.71689820139042,140.4446982431596,136.4614948514773,136.58935546875,97918500,0.0,0.0
2022-11-04,139.97824816387146,140.5496299805745,132.38284296255216,136.32339477539062,140814800,0.23,0.0
2022-11-07,135.07230983758222,137.08198530971782,133.65370831277258,136.85540771484375,83374600,0.0,0.0
2022-11-08,138.32322168629616,139.3280515614897,135.44662070693448,137.42674255371094,89908500,0.0,0.0
2022-11-09,136.44161049413725,136.49087039963513,132.58971737719733,132.8655548095703,74917800,0.0,0.0
2022-11-10,139.14089348616804,144.6872100830078,137.42674799216064,144.6872100830078,118854000,0.0,0.0
2022-11-11,143.6528333928847,147.7805490726991,142.2243712372686,147.47515869140625,93979700,0.0,0.0
2022-11-14,146.75601106211803,148.04653945457946,145.23889010351994,146.07626342773438,73374100,0.0,0.0
2022-11-15,149.95768214517247,151.3073161661693,146.35207406862938,147.81007385253906,89868300,0.0,0.0
2022-11-16,146.9136479496193,147.64264051462695,145.10098244243153,146.5786895751953,64218300,0.0,0.0
2022-11-17,144.2537899006478,149.22874117882532,143.9779523871504,148.48004150390625,80389400,0.0,0.0
2022-11-18,150.04634875723008,150.43055193083845,147.74112971557977,149.04150390625,74829600,0.0,0.0
2022-11-21,147.9283434491039,148.13521403601513,145.52460403537026,145.81028747558594,58724100,0.0,0.0
2022-11-22,145.92847743972578,148.18443654711209,144.74629997055138,147.947998046875,51804100,0.0,0.0
2022-11-23,147.22887996484198,149.5735133563615,147.1205141770319,148.82481384277344,58301400,0.0,0.0
2022-11-25,146.10580754336945,146.66734339247978,144.9334909730617,145.90878295898438,35195900,0.0,0.0
2022-11-28,142.98295496117322,144.46066223238503,141.24911717447705,142.07662963867188,69246000,0.0,0.0
2022-11-29,142.14552449543845,142.65780035300432,138.26409424637174,139.0718994140625,83763800,0.0,0.0
2022-11-30,139.2984872397453,146.50970358247017,138.46112907886217,145.8299560546875,111380900,0.0,0.0
2022-12-01,146.00731491776455,146.91364010696918,144.4310880474874,146.10581970214844,71250400,0.0,0.0
2022-12-02,143.79076945238455,145.8004446428343,143.48536400225353,145.61326599121094,65447400,0.0,0.0
2022-12-05,145.57384712908555,148.6770258303521,143.60357112015112,144.45079040527344,68826400,0.0,0.0
2022-12-06,144.8842807716765,145.11085834633857,139.8108100756125,140.78610229492188,64727200,0.0,0.0
2022-12-07,140.07679006739448,141.2392458201791,137.9193352044314,138.84536743164062,69721100,0.0,0.0
2022-12-08,140.24422386630843,141.38698737134578,139.00295559622268,140.5299072265625,62128300,0.0,0.0
2022-12-09,140.22452830407295,143.40653461732074,138.80592729031733,140.04721069335938,76097000,0.0,0.0
2022-12-12,140.57920002207968,142.35245156002605,138.96357418350942,142.3426055908203,70462700,0.0,0.0
2022-12-13,147.2781498799709,147.7411660018872,142.09632874722436,143.30804443359375,93886200,0.0,0.0
2022-12-14,143.18979848966035,144.48032672192886,139.06206832067184,141.08160400390625,82291200,0.0,0.0
2022-12-15,139.01283101163355,139.69257867211073,134.00832790749715,134.47134399414062,98931900,0.0,0.0
2022-12-16,134.65850323442362,135.6042272094749,131.74248840865712,132.51089477539062,160156900,0.0,0.0
2022-12-19,133.10199344508453,133.1906522558453,129.36832710470327,130.4027099609375,79592600,0.0,0.0
2022-12-20,129.43729149310985,131.26964891983806,127.95958437581338,130.33377075195312,77432800,0.0,0.0
2022-12-21,131.003643429146,134.7767236692483,130.77706590433928,133.4369354248047,85928000,0.0,0.0
2022-12-22,132.35330392731453,132.56017450128888,128.3634917913713,130.26480102539062,77852100,0.0,0.0
2022-12-23,128.97425178436364,130.45195863115794,127.71327647766012,129.90028381347656,63814900,0.0,0.0
2022-12-27,129.42744608626094,129.45699902617415,126.80697517918489,128.09750366210938,69007800,0.0,0.0
2022-12-28,127.74283419111387,129.08262238361158,123.99931454878694,124.16678619384766,85438400,0.0,0.0
2022-12-29,126.08783502074829,128.5408270130066,125.83170450249385,127.68376159667969,75703700,0.0,0.0
2022-12-30,126.50157113096991,128.01867700022572,125.53613260725537,127.99897003173828,77034200,0.0,0.0
2023-01-03,128.3437644584535,128.9545451464431,122.32457128587431,123.21119689941406,112117500,0.0,0.0
2023-01-04,125.00415469022626,126.74785308207225,123.22105739420844,124.4820327758789,89113600,0.0,0.0
2023-01-05,125.24058317585433,125.87107085400619,122.90581107632524,123.16194152832031,80962700,0.0,0.0
2023-01-06,124.1372542550979,128.35363661029058,123.03389687582771,127.69359588623047,87754700,0.0,0.0
2023-01-09,128.530949601707,131.4272575812406,127.95956778658704,128.2156982421875,70790800,0.0,0.0
2023-01-10,128.32406282244906,129.30920076375085,126.21586822934367,128.78707885742188,63896200,0.0,0.0
2023-01-11,129.29935853420528,131.52576493439358,128.52110615216108,131.50607299804688,69458900,0.0,0.0
2023-01-12,131.89026209256642,132.26460425926095,129.48652329837336,131.42724609375,71379600,0.0,0.0
2023-01-13,130.0677644513709,132.914812571895,129.70326821418658,132.75718688964844,57809700,0.0,0.0
2023-01-17,132.82617382563913,135.24960517017936,132.13658015166487,133.919677734375,63646600,0.0,0.0
2023-01-18,134.78660397065414,136.54999458059902,133.02319832869463,133.20053100585938,69672800,0.0,0.0
2023-01-19,132.08729648616435,134.22504400705918,131.78190613060963,133.25961303710938,58280400,0.0,0.0
2023-01-20,133.26944989272516,135.96873306889344,132.22520615532028,135.82095336914062,80223600,0.0,0.0
2023-01-23,136.06724948686616,141.18997887668803,135.85051793428082,139.0128173828125,81760300,0.0,0.0
2023-01-24,138.22469014521045,141.03233904710638,138.2148441781761,140.4116973876953,66435100,0.0,0.0
2023-01-25,138.7960933961296,140.31319931491353,136.74700453490559,139.75167846679688,65799300,0.0,0.0
2023-01-26,141.04221286895242,142.10616376720364,139.79108333600698,141.8204803466797,54105100,0.0,0.0
2023-01-27,141.03234821855804,145.04185173584784,140.95353538112576,143.76116943359375,70555800,0.0,0.0
2023-01-30,142.80561778514152,143.38684562469143,140.72697590646771,140.87474060058594,64015300,0.0,0.0
2023-01-31,140.57920288721874,142.19482875871702,140.1654466919342,142.14556884765625,65874500,0.0,0.0
2023-02-01,141.83030751885846,144.43107102589934,139.2196980441436,143.2686004638672,77663600,0.0,0.0
2023-02-02,146.68702845858084,148.9331416858034,145.96788199485025,148.57850646972656,118339000,0.0,0.0
2023-02-03,145.8299825944814,155.0410292646019,145.632957993241,152.20382690429688,154357300,0.0,0.0
2023-02-06,150.30250288074524,150.82462478693864,148.53909754834626,149.4749755859375,69858300,0.0,0.0
2023-02-07,148.4011799958932,152.9229595728958,148.4011799958932,152.35157775878906,83322600,0.0,0.0
2023-02-08,151.5930321421785,152.28262569889247,148.9233016908853,149.6621551513672,64120100,0.0,0.0
2023-02-09,151.49451696275133,152.0363458567265,148.18445275739066,148.6277618408203,56007100,0.0,0.0
2023-02-10,147.46352995054943,149.3184067990407,147.22673043469464,148.99281311035156,57450700,0.23,0.0
2023-02-13,148.9336202674222,152.19940317198714,148.90402220916044,151.79489135742188,62199000,0.0,0.0
2023-02-14,150.08798919443248,151.71595766811416,148.8448255867729,151.153564453125,61707600,0.0,0.0
2023-02-15,151.06478017591323,153.4228543120151,150.83785669682248,153.255126953125,65573800,0.0,0.0
2023-02-16,151.4594283283723,154.24176636818623,151.3015770289575,151.65676879882812,68167900,0.0,0.0
2023-02-17,150.31491216317963,150.95622343027773,148.83494918837297,150.51223754882812,59144100,0.0,0.0
2023-02-21,148.1936535747809,149.27896600318738,146.42757068306315,146.4966278076172,58867200,0.0,0.0
2023-02-22,146.88142431742384,147.9469997349945,145.19427453082793,146.9208984375,51011300,0.0,0.0
2023-02-23,148.08511286734324,148.33177339849212,145.27319184522457,147.40432739257812,48394200,0.0,0.0
2023-02-24,145.14491019093927,145.22384336023686,143.77347836618958,144.75025939941406,55469600,0.0,0.0
2023-02-27,145.73689015780175,147.17737898488724,145.4803536136917,145.94407653808594,44998500,0.0,0.0
2023-02-28,145.08572620470352,147.08860849628215,144.86866373473268,145.44091796875,50547000,0.0,0.0
2023-03-01,144.86865768902635,145.26330849706878,143.0729618860178,143.36895751953125,55479000,0.0,0.0
2023-03-02,142.4513915466776,144.75026945161636,141.977792498003,143.96095275878906,52238100,0.0,0.0
2023-03-03,146.0624926286878,149.0914911594904,145.36198515518814,149.01255798339844,70732300,0.0,0.0
2023-03-06,151.7356723720831,154.21215352218627,151.41009374796985,151.775146484375,87558000,0.0,0.0
2023-03-07,151.64689058754286,151.9724842932115,149.1112281718285,149.574951171875,56182000,0.0,0.0
2023-03-08,150.768776295138,151.41996369175047,149.80187125635692,150.82797241210938,47204800,0.0,0.0
2023-03-09,151.50874285646216,152.47564779944702,148.22322319539091,148.5784149169922,53833600,0.0,0.0
2023-03-10,148.20352210122027,148.92376664622063,145.63824652167983,146.516357421875,68572400,0.0,0.0
2023-03-13,145.83556564568843,151.09436981836478,145.72703441304543,148.4600372314453,84457100,0.0,0.0
2023-03-14,149.25921331444258,151.35088971565344,148.09498288130473,150.5517120361328,73695900,0.0,0.0
2023-03-15,149.1704519790422,151.20293271142558,147.91741204069223,150.9464111328125,77167900,0.0,0.0
2023-03-16,150.127461556798,154.3700254849667,149.6144034630521,153.76817321777344,76161100,0.0,0.0
2023-03-17,153.99511025228628,154.64629769155513,152.21915135199143,152.92953491210938,98944600,0.0,0.0
2023-03-20,152.99862213932042,155.71188834819753,152.09089801379864,155.2974853515625,73641400,0.0,0.0
2023-03-21,155.21854884327422,157.2707512481165,154.44895412275298,157.15235900878906,73938300,0.0,0.0
2023-03-22,157.17209056471103,159.97415053377057,155.7019884063488,155.7217254638672,75701800,0.0,0.0
2023-03-23,156.7083516682842,159.39201912983532,155.57370432805416,156.8070068359375,67622100,0.0,0.0
2023-03-24,156.73795839634036,158.1981844310787,155.74145533462084,158.10939025878906,59196500,0.0,0.0
2023-03-27,157.80355536791788,158.6224701978729,155.76119879412065,156.1657257080078,52390300,0.0,0.0
2023-03-28,155.85986113132142,156.37291926303735,153.89643783944095,155.54412841796875,45992200,0.0,0.0
2023-03-29,157.24115895998125,158.89872564622954,157.2214369560123,158.62246704101562,51305700,0.0,0.0
2023-03-30,159.37232351853436,160.29976965443572,159.1158019499735,160.1912384033203,49501700,0.0,0.0
2023-03-31,160.27014967971024,162.79595111857384,159.74723055627194,162.69728088378906,68749800,0.0,0.0
2023-04-03,162.07571848273926,164.06872488806627,162.0263833617239,163.95033264160156,56976200,0.0,0.0
2023-04-04,164.37458557847017,164.61137005549932,162.90448337873613,163.41754150390625,46278300,0.0,0.0
2023-04-05,162.53941454235493,162.84527116493152,159.6386845457234,161.57249450683594,51511700,0.0,0.0
2023-04-06,160.26025717712315,162.75647535534287,159.83600833200663,162.46047973632812,45390100,0.0,0.0
2023-04-10,159.26376357061562,159.86561584472656,157.94166678976978,159.86561584472656,47716900,0.0,0.0
2023-04-11,160.18136751588224,160.1912285181147,158.3659344224378,158.65206909179688,47644200,0.0,0.0
2023-04-12,159.0664602524204,159.8952361057982,157.64569304379242,157.96142578125,50133100,0.0,0.0
2023-04-13,159.47096870837692,163.58526449148977,159.26376724154565,163.3484649658203,68445600,0.0,0.0
2023-04-14,162.39141498863978,164.0983166124722,161.63171143290737,163.00314331054688,49386500,0.0,0.0
2023-04-17,162.8847588763579,163.18075455042484,161.83892054229136,163.02288818359375,41516200,0.0,0.0
2023-04-18,163.8812698478859,165.17376867697192,163.43726882906975,164.24632263183594,49923000,0.0,0.0
2023-04-19,163.58526647837797,165.91374248336922,163.32872989204589,165.3908233642578,47720200,0.0,0.0
2023-04-20,163.87138723669895,165.62760901810955,163.34846811386117,164.4239044189453,52456400,0.0,0.0
2023-04-21,162.84528714652217,164.226580111448,162.29276996055185,162.81568908691406,58337300,0.0,0.0
2023-04-24,162.79594256316088,163.38793383083043,161.70076925644653,163.1215362548828,41949600,0.0,0.0
2023-04-25,162.98341218856248,164.08844653165775,161.54290808705858,161.58238220214844,48714100,0.0,0.0
2023-04-26,160.8818480921529,163.07219461797823,160.6253265824028,161.57249450683594,45498800,0.0,0.0
2023-04-27,162.98341161052969,166.3083906842776,162.98341161052969,166.160400390625,64902300,0.0,0.0
2023-04-28,166.23933019675923,167.5811640335514,165.63747792316207,167.41342163085938,55275900,0.0,0.0
2023-05-01,167.01878932487827,168.17315888477142,166.38733892318547,167.32464599609375,52472900,0.0,0.0
2023-05-02,167.81794875664258,168.07448533412125,165.30200842691818,166.2886505126953,48425700,0.0,0.0
2023-05-03,167.23584575291258,168.63687581044152,164.92710671677185,165.21322631835938,65136000,0.0,0.0
2023-05-04,162.68740659727376,164.8086809772467,162.11515240317325,163.57537841796875,81235400,0.0,0.0
2023-05-05,168.6960655683585,171.97172463520235,168.4790030974248,171.25148010253906,113453200,0.0,0.0
2023-05-08,170.17599407351585,171.52770374071187,169.81094138085928,171.182373046875,55962800,0.0,0.0
2023-05-09,170.73841026688106,171.22185523763014,169.30778230115573,169.4755096435547,45326900,0.0,0.0
2023-05-10,170.70882753380215,171.70533067690712,169.60377809797177,171.24160766601562,53724500,0.0,0.0
2023-05-11,171.5277626550589,172.25786829114014,169.87019583226564,171.42909240722656,49514700,0.0,0.0
2023-05-12,171.5377307421917,171.97245613352067,168.94915782664347,170.50033569335938,45533100,0.24,0.0
2023-05-15,171.0832561601379,171.13265951386708,169.41352230428424,170.00633239746094,37266700,0.0,0.0
2023-05-16,169.92729004665156,171.0634918034888,169.73956634795272,170.00633239746094,42110300,0.0,0.0
2023-05-17,169.65065404284252,170.8560084675657,168.37611683004315,170.618896484375,57951600,0.0,0.0
2023-05-18,170.92516002115397,173.13830046836398,170.51019901401196,172.95057678222656,65496700,0.0,0.0
2023-05-19,174.27452457823847,174.27452457823847,172.84191768629904,173.0592803955078,55809500,0.0,0.0
2023-05-22,171.89341610998645,172.61467191708667,171.36977372037438,172.11077880859375,43570900,0.0,0.0
2023-05-23,171.0536346915268,171.30063640969706,169.22581594675142,169.50245666503906,50747300,0.0,0.0
2023-05-24,169.03809335131075,170.35214430979713,168.4749372695529,169.7790985107422,45143500,0.0,0.0
2023-05-25,170.34225271987503,171.81437317497037,169.63088663153601,170.91529846191406,56058300,0.0,0.0
2023-05-26,171.24135456411133,173.6619683326656,171.03386649216068,173.32603454589844,54835000,0.0,0.0
2023-05-30,174.83768056740178,176.84333305757605,174.45235853913644,175.17359924316406,55964400,0.0,0.0
2023-05-31,175.2032794279765,177.19905774715147,174.6401082134618,175.12423706054688,99625300,0.0,0.0
2023-06-01,175.568824614325,177.95979952365096,174.8080550736066,177.93016052246094,68901800,0.0,0.0
2023-06-02,178.8588732872537,179.5998784017098,177.11009699591673,178.7798309326172,61996900,0.0,0.0
2023-06-05,180.43969339813148,182.73186141970515,175.90473056039738,177.42626953125,121946500,0.0,0.0
2023-06-06,177.81157917901706,177.95977416384898,175.30203354675976,177.06069946289062,64848400,0.0,0.0
2023-06-07,176.2999526387169,179.03673595726826,175.19338974130497,175.68739318847656,61944600,0.0,0.0
2023-06-08,175.76639710388454,178.67113939917257,175.3316867918341,178.40438842773438,50214900,0.0,0.0
2023-06-09,179.3232356709596,180.04447641965535,178.46367457216073,178.7897186279297,48900000,0.0,0.0
2023-06-12,179.09600328256303,181.68457636718009,178.79959821677159,181.5857696533203,54274900,0.0,0.0
2023-06-13,180.6076484418825,181.94144859403625,180.2519653861507,181.1115264892578,54929100,0.0,0.0
2023-06-14,181.17082015656314,182.17859141427,179.8370198890403,181.74386596679688,57462900,0.0,0.0
2023-06-15,181.75375744495216,184.28305271752754,181.5759083620863,183.77915954589844,65433200,0.0,0.0
2023-06-16,184.49051471623886,184.7474061455162,182.0600263098281,182.7022247314453,101256200,0.0,0.0
2023-06-20,182.19832743508823,183.8680612460024,182.19832743508823,182.79112243652344,49799100,0.0,0.0
2023-06-21,182.68246747271866,183.18636063386023,180.40017397466633,181.75375366210938,49515700,0.0,0.0
2023-06-22,181.53639657516283,184.80669706223912,181.46722885451086,184.75729370117188,51245300,0.0,0.0
2023-06-23,183.3246636484937,185.31055187722217,182.79113153727351,184.44110107421875,53117000,0.0,0.0
2023-06-26,184.58933834045672,185.79470801287036,183.00852120673045,183.0480499267578,48088700,0.0,0.0
2023-06-27,183.66056221310203,186.1305789275048,183.44319953617173,185.80453491210938,50730800,0.0,0.0
2023-06-28,185.67610944091012,187.6224840299043,185.3500804657921,186.98028564453125,51216800,0.0,0.0
2023-06-29,186.81232983886036,187.79046201011187,186.67400948819943,187.3162078857422,46347300,0.0,0.0
2023-06-30,189.33175958026345,192.14757008838143,188.96618679019105,191.64369201660156,85213200,0.0,0.0
2023-07-03,191.45594020037944,191.5547469022835,189.4601624130482,190.1517791748047,31458200,0.0,0.0
2023-07-05,189.27246641036476,190.66554451499093,188.33384790710164,189.03533935546875,46920300,0.0,0.0
2023-07-06,187.56320791106293,189.7170705815605,186.9308841600135,189.50958251953125,45094300,0.0,0.0
2023-07-07,189.11439856972888,190.3592817984136,187.9584323411384,188.3931427001953,46815000,0.0,0.0
2023-07-10,186.9901751208951,187.71143099184326,184.79679865953796,186.3479766845703,59922200,0.0,0.0
2023-07-11,186.89135939582033,187.02967973700999,184.3620645421884,185.82431030273438,46638100,0.0,0.0
2023-07-12,187.40513225686783,189.4009103170613,186.20965240962747,187.4940643310547,60750200,0.0,0.0
2023-07-13,188.2153081360164,188.897035286273,187.5039419858172,188.25482177734375,41342300,0.0,0.0
2023-07-14,187.94854060692288,188.88714410801785,187.35574553686786,188.4030303955078,41616200,0.0,0.0
2023-07-17,189.59849130268125,191.9894809296959,189.50957431242833,191.66343688964844,50520200,0.0,0.0
2023-07-18,191.0311380681889,191.9993805984401,190.1122838217696,191.4065704345703,48288200,0.0,0.0
2023-07-19,190.7841182449009,195.85258285437448,190.3395031262878,192.7601318359375,80507300,0.0,0.0
2023-07-20,192.7502514500073,194.11370571807572,190.1913173439326,190.8137664794922,59581200,0.0,0.0
2023-07-21,191.77214478083425,192.63170595716375,188.93655473427472,189.63804626464844,71951700,0.0,0.0
2023-07-24,191.09039681521514,192.57240699977407,189.94430532096735,190.4383087158203,45377800,0.0,0.0
2023-07-25,191.01138196195058,192.1080702594407,190.60629550166382,191.2978973388672,37283200,0.0,0.0
2023-07-26,191.34728040522955,193.29365506077994,191.00148706119938,192.16732788085938,47471900,0.0,0.0
2023-07-27,193.66910156142774,194.83494237556206,190.24071668140024,190.90267944335938,47460200,0.0,0.0
2023-07-28,192.33527753863382,194.2717774555962,191.81163515269853,193.4813690185547,48291400,0.0,0.0
2023-07-31,193.70861105598286,194.13346181996275,192.91820259976402,194.09393310546875,38824100,0.0,0.0
2023-08-01,193.88647197429418,194.37058568804014,192.93797875368105,193.26402282714844,35175100,0.0,0.0
2023-08-02,192.70082810591987,192.8391484466102,189.5490992662055,190.2703399658203,50389300,0.0,0.0
2023-08-03,189.27247006657564,190.06286344658966,188.40301925761534,188.87725830078125,61235200,0.0,0.0
2023-08-04,183.2950360404776,185.13272939460776,179.7382053306166,179.807373046875,115956800,0.0,0.0
2023-08-07,179.94570917112617,180.93371611312844,175.22303719441848,176.70504760742188,97576100,0.0,0.0
2023-08-08,177.5349191282476,178.1079648000796,175.45022447284256,177.6436004638672,67823000,0.0,0.0
2023-08-09,178.70078370635215,178.76006170176663,174.88707688488682,176.0529327392578,60378500,0.0,0.0
2023-08-10,177.32744074056737,178.58221348809383,175.46999837048295,175.83555603027344,54686900,0.0,0.0
2023-08-11,175.4299516016464,176.71608281179377,174.6681548123879,175.89492797851562,52036700,0.24,0.0
2023-08-14,176.07301094207762,177.77467859210861,175.42004228880285,177.54713439941406,43675600,0.0,0.0
2023-08-15,176.9732979956624,177.56689345440594,175.16280240901472,175.55853271484375,43622600,0.0,0.0
2023-08-16,175.24197103328896,176.6369303294026,174.61868139075943,174.6879425048828,46964900,0.0,0.0
2023-08-17,175.25187020963352,175.6179215615527,171.6308784010705,172.1453399658203,66062900,0.0,0.0
2023-08-18,170.46346761685473,173.23362560342792,170.12709527960956,172.630126953125,61172200,0.0,0.0
2023-08-21,173.2039318191006,174.2526308376999,171.88810651020768,173.96571350097656,46311900,0.0,0.0
2023-08-22,175.17271045239184,175.78609702554508,174.37134667878323,175.3408966064453,42038900,0.0,0.0
2023-08-23,176.6171452729967,179.61484705303545,176.42916808280543,179.18942260742188,52722800,0.0,0.0
2023-08-24,178.74423570753817,179.16966018527063,174.13390304899033,174.49996948242188,54945800,0.0,0.0
2023-08-25,175.4893219988908,177.2404448053197,173.9459523611551,176.70620727539062,51449600,0.0,0.0
2023-08-28,178.17040801110178,178.6650784859593,176.64682959084442,178.26934814453125,43820700,0.0,0.0
2023-08-29,177.78455525489372,182.929124873536,177.58669009574285,182.15744018554688,53003900,0.0,0.0
2023-08-30,182.9687204884091,185.84770631972717,182.77085531463172,185.6498260498047,60813900,0.0,0.0
2023-08-31,185.8378136528603,187.10416895130786,185.48165028166278,185.86749267578125,60794500,0.0,0.0
2023-09-01,187.47020025759275,187.8956095704914,186.27309120494724,187.44052124023438,45766500,0.0,0.0
2023-09-05,186.27311615331163,187.95499277883354,185.61025951662367,187.677978515625,45280000,0.0,0.0
2023-09-06,186.39182984634905,186.83704535292617,179.5357042757167,180.96035766601562,81755800,0.0,0.0
2023-09-07,173.31273740579792,176.31045432139675,171.69021887943939,175.66737365722656,112488800,0.0,0.0
2023-09-08,176.44896296342043,178.31881673909905,175.89491935539235,176.28076171875,65551300,0.0,0.0
2023-09-11,178.15065045906456,178.3781946740771,175.44973851819339,177.44821166992188,58953100,0.0,0.0
2023-09-12,177.57682236385347,178.2100000030001,172.95660168355545,174.4208221435547,90370200,0.0,0.0
2023-09-13,174.6285913393108,175.41017925863045,172.1255595752841,172.35311889648438,84267900,0.0,0.0
2023-09-14,172.14536223212792,174.22298471131973,171.72984075551918,173.8668212890625,60895800,0.0,0.0
2023-09-15,174.59889423512476,174.61868528190746,171.967258666553,173.14456176757812,109259500,0.0,0.0
2023-09-18,174.59887469750015,177.46797231412128,174.29218143934185,176.072998046875,67257600,0.0,0.0
2023-09-19,175.62781908525017,177.71532920549458,175.24197669791334,177.1613006591797,51826900,0.0,0.0
2023-09-20,177.34928142287384,177.78459392537832,173.53042414564908,173.61947631835938,58436200,0.0,0.0
2023-09-21,172.68948203416045,174.42082885900223,172.006834299268,172.07608032226562,63149100,0.0,0.0
2023-09-22,172.8081943086496,175.19250979208792,172.19480770645978,172.92691040039062,56725400,0.0,0.0
2023-09-25,172.3432048049037,175.08368369125543,172.29373473406022,174.2031707763672,46172700,0.0,0.0
2023-09-26,172.95662192119033,173.33256128157663,169.8303003575296,170.12710571289062,64588900,0.0,0.0
2023-09-27,170.78004737841366,171.19556880826096,167.24810767663843,168.61338806152344,66921800,0.0,0.0
2023-09-28,167.53501945328387,170.19634944676713,165.8333515413796,168.87063598632812,56294400,0.0,0.0
2023-09-29,170.18644988639232,171.2252609973693,168.5243490895999,169.3850860595703,51861100,0.0,0.0
2023-10-02,169.39497856408786,172.44215085955082,169.10806120104496,171.89801025390625,52164500,0.0,0.0
2023-10-03,170.42388604353025,171.77929356494764,168.9992475938596,170.56239318847656,49594600,0.0,0.0
2023-10-04,169.26634637027362,172.3531005247124,169.14763028223018,171.8089599609375,53020300,0.0,0.0
2023-10-05,171.93756684563112,173.57987653919332,170.83939772477277,173.04563903808594,48527900,0.0,0.0
2023-10-06,171.947458780219,176.09279974358,171.33405713065292,175.59812927246094,57266700,0.0,0.0
2023-10-09,174.9253669894116,177.1414961017949,173.92613808717138,177.08213806152344,42390800,0.0,0.0
2023-10-10,176.20162316730602,177.80435062036204,176.05321297222847,176.488525390625,43698000,0.0,0.0
2023-10-11,176.30057789253502,177.9329997364432,175.7069823006886,177.88352966308594,47551100,0.0,0.0
2023-10-12,178.1506662685904,180.39645978644091,177.13163100626258,178.78384399414062,56743100,0.0,0.0
2023-10-13,179.48626336769357,179.9908219020002,176.24122571645097,176.94366455078125,51427100,0.0,0.0
2023-10-16,174.86599970937266,177.1711657603602,174.6285524646888,176.81500244140625,52517000,0.0,0.0
2023-10-17,174.76709399132676,176.51823191229096,172.93682206936518,175.2617645263672,57549400,0.0,0.0
2023-10-18,173.70849028197048,175.68717223288098,173.2434988158149,173.96571350097656,54764400,0.0,0.0
2023-10-19,174.16358722416024,175.9444040866048,173.32265641144056,173.58978271484375,59302900,0.0,0.0
2023-10-20,173.44138408316581,173.55021220691836,170.79984518424126,171.03729248046875,64244000,0.0,0.0
2023-10-23,169.08827156264798,172.15521956196545,168.11870652701532,171.15599060058594,55980100,0.0,0.0
2023-10-24,171.20543575158294,171.818822242944,169.6224843657014,171.59127807617188,43816600,0.0,0.0
2023-10-25,170.04792986204652,171.21534495437086,168.83102960610762,169.2762451171875,57157000,0.0,0.0
2023-10-26,168.55403244057868,169.55327657792432,163.90413245355498,165.1111297607422,70625300,0.0,0.0
2023-10-27,165.13090664912622,167.1590586780216,165.05175755916278,166.42694091796875,58499100,0.0,0.0
2023-10-30,167.21841659954197,169.34549366723184,167.0700063949142,168.47486877441406,51131000,0.0,0.0
2023-10-31,167.54492077929578,169.07838740239757,166.1103641120373,168.9497833251953,44846000,0.0,0.0
2023-11-01,169.1773025316942,172.37286957481675,168.30667766450742,172.1156463623047,56934900,0.0,0.0
2023-11-02,173.64915484595178,175.88506030695757,173.58979679508,175.67730712890625,77334800,0.0,0.0
2023-11-03,172.38278939451087,174.93529110628108,171.5022764668811,174.76708984375,79829200,0.0,0.0
2023-11-06,174.49995231934884,177.517429979593,174.33176617832314,177.31956481933594,63841300,0.0,0.0
2023-11-07,177.2701137835187,180.495375116872,177.06236062659886,179.88198852539062,70530000,0.0,0.0
2023-11-08,180.40634475587757,181.4946108426327,179.65443590363796,180.94058227539062,49340300,0.0,0.0
2023-11-09,181.00985412468407,182.15747832651147,179.87210280308707,180.46571350097656,53763500,0.0,0.0
2023-11-10,182.2488540012565,184.8245355233408,181.81296804065445,184.65611267089844,66133400,0.24,0.0
2023-11-13,184.08156757584422,184.28959445510736,182.4866293320066,183.07110595703125,43627500,0.0,0.0
2023-11-14,185.94396348691,186.35013134634684,184.55706727911962,185.6864013671875,60108400,0.0,0.0
2023-11-15,186.09256123667055,187.72711849110286,186.02320887124122,186.2510528564453,53790500,0.0,0.0
2023-11-16,187.79647578680803,189.173470968727,186.88506958999568,187.93516540527344,54412900,0.0,0.0
2023-11-17,188.47008739636428,188.59887599886426,186.805812145748,187.9153289794922,50922700,0.0,0.0
2023-11-20,188.11347160798348,190.1145776039652,188.10357060538217,189.65887451171875,46505100,0.0,0.0
2023-11-21,189.6192457228965,189.72821721009598,187.96487141071046,188.8564453125,38134500,0.0,0.0
2023-11-22,189.69849596618437,191.12501116236683,189.04466705374648,189.52017211914062,39617700,0.0,0.0
2023-11-24,189.08429242242372,189.11401054524026,187.47945332619432,188.19271850585938,24048300,0.0,0.0
2023-11-27,188.14319291304204,188.886176253634,187.13273133734725,188.014404296875,40552600,0.0,0.0
2023-11-28,188.0044881862593,189.29232889633607,187.62803848681267,188.61868286132812,38415400,0.0,0.0
2023-11-29,189.11399699712592,190.29286617117475,187.2020606914072,187.5983123779297,43014200,0.0,0.0
2023-11-30,188.06392585220516,188.53944603911236,186.42936866830843,188.1728973388672,48794400,0.0,0.0
2023-12-01,188.54933098414946,189.7678192377602,187.45961621033018,189.45082092285156,45704800,0.0,0.0
2023-12-04,188.2026180609542,188.27197042434886,185.69628894913777,187.6577606201172,43389500,0.0,0.0
2023-12-05,188.43048297188668,192.58127042048946,188.40074973234698,191.61044311523438,66628400,0.0,0.0
2023-12-06,192.63079897005184,192.93789631295678,190.3126947209947,190.52073669433594,41089700,0.0,0.0
2023-12-07,191.81848755335412,193.17566559760107,191.7788533108163,192.45249938964844,47477700,0.0,0.0
2023-12-08,192.38314555463674,194.15640755182167,191.8581052152776,193.8790283203125,53406400,0.0,0.0
2023-12-11,191.30332816215127,191.6797778466323,189.62913681721145,191.37266540527344,60943700,0.0,0.0
2023-12-12,191.27362671385956,192.8982829604503,189.92634969600132,192.8883819580078,52696900,0.0,0.0
2023-12-13,193.26479645974607,196.14757505430106,193.02705149757753,196.1079559326172,70404200,0.0,0.0
2023-12-14,196.16740691178524,197.75242887078264,194.32480773637585,196.25656127929688,66831600,0.0,0.0
2023-12-15,195.68199966761293,196.54385551373443,195.15695931123605,195.7216339111328,128538400,0.0,0.0
2023-12-18,194.2554683979516,194.7904248709577,192.57137584033416,194.05734252929688,55751900,0.0,0.0
2023-12-19,194.32480226669028,195.10740466398735,194.05732405565033,195.09750366210938,40714100,0.0,0.0
2023-12-20,195.05787394759355,195.8305753609382,193.0072479248047,193.0072479248047,52242800,0.0,0.0
2023-12-21,194.26537091395173,195.23619818360498,191.6896894536902,192.858642578125,46482500,0.0,0.0
2023-12-22,193.35396213687642,193.58182122700063,191.164646529934,191.78875732421875,37149600,0.0,0.0
2023-12-26,191.7986702097743,192.0760494430794,191.02596875756228,191.24391174316406,28919300,0.0,0.0
2023-12-27,190.68915794498034,191.6897034098951,189.3022466284661,191.3429718017578,48087700,0.0,0.0
2023-12-28,192.3237251836183,192.83886456296054,191.3627987965534,191.7689666748047,34049900,0.0,0.0
2023-12-29,192.08593771837442,192.58125990446206,189.9362412446781,190.728759765625,42672100,0.0,0.0
2024-01-02,185.39909638597572,186.67703614744315,182.16960103197144,183.90322875976562,82488700,0.0,0.0
2024-01-03,182.49652699212288,184.14100045386294,181.7139093893273,182.5262451171875,58414500,0.0,0.0
2024-01-04,180.44587486910356,181.37708304150152,179.18776734055538,180.2081298828125,71983600,0.0,0.0
2024-01-05,180.28737421180142,181.05015949262307,178.48439420396812,179.4849395751953,62379700,0.0,0.0
2024-01-08,180.38643729162627,183.86360885082058,179.80196071659407,183.823974609375,59144500,0.0,0.0
2024-01-09,182.19932576748687,183.41781421075365,181.0204564512382,183.4079132080078,42841800,0.0,0.0
2024-01-10,182.6253074687535,184.6561164657865,182.1993225017619,184.44808959960938,46792900,0.0,0.0
2024-01-11,184.79477725525186,185.3000155120803,181.9020977729046,183.85366821289062,49128400,0.0,0.0
2024-01-12,184.3192926371913,184.99293868218925,183.45743685571247,184.18060302734375,40477800,0.0,0.0
2024-01-16,180.45576949057303,182.53611345296787,179.23726611684987,181.91201782226562,65603000,0.0,0.0
2024-01-17,179.57413473456663,181.21859313457642,178.61320834965068,180.97093200683594,47317400,0.0,0.0
2024-01-18,184.34901955890965,187.3704881134165,184.0914574471942,186.86526489257812,78005800,0.0,0.0
2024-01-19,187.5587047602819,190.15418823308323,187.0534815615711,189.76783752441406,68903000,0.0,0.0
2024-01-22,190.50089850612792,193.5025494721613,190.46126426985865,192.07601928710938,60133900,0.0,0.0
2024-01-23,193.19548176740474,193.91864797179585,192.01661247228014,193.35397338867188,42355600,0.0,0.0
2024-01-24,193.59173469903226,194.54276001272405,192.52183688964197,192.6803436279297,53631300,0.0,0.0
2024-01-25,193.39360373027958,194.43378338829353,191.30334341188293,192.35342407226562,54822100,0.0,0.0
2024-01-26,192.45249496932922,192.93790105900956,190.14429166563914,190.6197967529297,44594000,0.0,0.0
2024-01-29,190.2136280052267,190.4018528619721,187.8063693410428,189.93624877929688,47145600,0.0,0.0
2024-01-30,189.1536549714469,190.0056098088079,185.71611749758625,186.28077697753906,55859400,0.0,0.0
2024-01-31,185.29010506082795,185.3495564168855,182.6252845648342,182.6748046875,55467800,0.0,0.0
2024-02-01,182.26865674153308,185.20095550981347,182.10024901841177,185.11180114746094,64885400,0.0,0.0
2024-02-02,178.17728694752884,185.57740118350648,177.57299331125648,184.1112518310547,102551700,0.0,0.0
2024-02-05,186.38975267397447,187.47946764726828,184.1013663460926,185.9241485595703,69668800,0.0,0.0
2024-02-06,185.1118319583491,187.53890796123954,185.0226775811573,187.5290069580078,43490800,0.0,0.0
2024-02-07,188.85644306077413,189.26261088240534,186.84543618864265,187.63795471191406,53439000,0.0,0.0
2024-02-08,187.61814818475136,187.7667388029894,185.5972401965417,186.55816650390625,40962000,0.0,0.0
2024-02-09,187.12352087688578,188.45268968737696,186.4787864459619,187.32191467285156,45155200,0.24,0.0
2024-02-12,186.89537853813718,187.14335563764143,185.27856300606663,185.63565063476562,41781900,0.0,0.0
2024-02-13,184.26685928046126,184.70330147289806,182.02513622573113,183.54275512695312,56529500,0.0,0.0
2024-02-14,183.82047352517276,184.0287658151745,180.96377246543662,182.65992736816406,54630500,0.0,0.0
2024-02-15,182.06480997798818,182.99720639873473,179.8826142837668,182.37229919433594,65434500,0.0,0.0
2024-02-16,181.9358425720657,183.3542794985624,180.20000281806102,180.83482360839844,49752500,0.0,0.0
2024-02-20,180.31903131312703,180.95385211869663,178.543521838827,180.0908966064453,53665600,0.0,0.0
2024-02-21,180.4678422502364,181.41015233649017,179.1982005294332,180.8447723388672,41371400,0.0,0.0
2024-02-22,181.99536064224762,183.46339606563654,180.98362490692526,182.87815856933594,52292200,0.0,0.0
2024-02-23,183.51297897874218,183.54273502175582,180.7554746671187,181.0431365966797,45119700,0.0,0.0
2024-02-26,180.7654158601022,181.28119739799624,179.18826979539264,179.69415283203125,40867400,0.0,0.0
2024-02-27,179.63461828889808,182.43179212202116,178.10707086865912,181.15223693847656,54318900,0.0,0.0
2024-02-28,181.03323362922586,181.63829848228303,178.67250144683115,179.95205688476562,48953900,0.0,0.0
2024-02-29,179.80327228471162,181.09275646398507,178.07734590919267,179.2874755859375,136682600,0.0,0.0
2024-03-01,178.0971730296413,179.06923911535185,175.94473341504965,178.20628356933594,73563100,0.0,0.0
2024-03-04,174.72468891388633,175.46862034292982,172.3837840784165,173.68319702148438,81510100,0.0,0.0
2024-03-05,169.37829007310003,170.6479317427376,168.24751498810025,168.74346923828125,95132400,0.0,0.0
2024-03-06,169.67587669286206,169.85442810491517,167.31512946505867,167.75157165527344,68587700,0.0,0.0
2024-03-07,167.78131806385875,169.34853532264208,167.12666995146384,167.63253784179688,71765100,0.0,0.0
2024-03-08,167.6325286145872,172.29449531822434,167.57301652903823,169.34852600097656,76267000,0.0,0.0
2024-03-11,171.54066841678448,172.96901916174485,170.65787040570808,171.35220336914062,60139500,0.0,0.0
2024-03-12,171.74893835615396,172.62182261661565,169.62625492438514,171.8282928466797,59825400,0.0,0.0
2024-03-13,171.37204497358655,171.78864474969012,169.37829909505535,169.7453155517578,52488700,0.0,0.0
2024-03-14,171.51090581587792,172.89957168966941,170.65786388331372,171.6001739501953,72913500,0.0,0.0
2024-03-15,169.7849566919112,171.2232208251953,168.9120724685351,171.2232208251953,121752700,0.0,0.0
2024-03-18,174.1493830977455,176.27206668827822,172.11596763998543,172.31434631347656,75604200,0.0,0.0
2024-03-19,172.92931675607417,175.18095319129145,171.62991909909198,174.65524291992188,55215200,0.0,0.0
2024-03-20,174.29816190798687,177.2242889404297,173.67325471299228,177.2242889404297,53423100,0.0,0.0
2024-03-21,175.61741650508932,176.05385870042272,169.45765758517675,169.98336791992188,106181300,0.0,0.0
2024-03-22,170.37020490965267,171.64977539848843,168.68396342338923,170.88600158691406,71160100,0.0,0.0
2024-03-25,169.18985713490977,170.54876707334867,168.0789092110998,169.46759033203125,54288300,0.0,0.0
2024-03-26,168.6244235021846,170.03293157637614,168.20782380153534,168.33677673339844,57388400,0.0,0.0
2024-03-27,169.03112531152695,172.19531573949365,168.7335497446837,171.90765380859375,60273300,0.0,0.0
2024-03-28,170.36027251639132,170.83638432396197,169.13030061690222,170.0924530029297,65672700,0.0,0.0
2024-04-01,169.80480748103986,169.86431956551354,168.10863739693175,168.65419006347656,46240500,0.0,0.0
2024-04-02,167.71189467068976,167.96978543762384,166.86876637308836,167.4738311767578,49329500,0.0,0.0
2024-04-03,167.42424073989756,169.29894733031932,167.2159484161416,168.27728271484375,47691700,0.0,0.0
2024-04-04,168.91210166538218,170.52891745806397,167.45401000976562,167.45401000976562,53704400,0.0,0.0
2024-04-05,168.21776886148135,169.01129873561936,167.5829479892356,168.20785522460938,42104800,0.0,0.0
2024-04-08,167.66231443659373,167.83093708737283,166.87871327881734,167.08700561523438,37425500,0.0,0.0
2024-04-09,167.33495148030394,168.70378997636425,166.98779260608748,168.29710388183594,42373800,0.0,0.0
2024-04-10,167.43415997850798,167.72180678766216,165.75783217031642,166.4224090576172,49709300,0.0,0.0
2024-04-11,166.97787330186227,174.040272115757,166.7993370367697,173.6236572265625,91070300,0.0,0.0
2024-04-12,172.8499808741194,176.9168120397123,172.80039755418966,175.1214599609375,101670900,0.0,0.0
2024-04-15,173.94105717912421,175.200785081753,171.10419855705527,171.29266357421875,73531800,0.0,0.0
2024-04-16,170.360294137519,172.35402488220237,166.9084566077323,168.0094757080078,73711200,0.0,0.0
2024-04-17,168.23761366668208,169.2691919230274,166.64064025878906,166.64064025878906,50901200,0.0,0.0
2024-04-18,166.67037984876308,167.27544462394533,165.20235954360626,165.68838500976562,43122900,0.0,0.0
2024-04-19,164.86513304300607,165.05358296102196,162.75236290762146,163.6649169921875,68149400,0.0,0.0
2024-04-22,164.18070504913473,165.9066162144586,163.43677364744048,164.49810791015625,48116400,0.0,0.0
2024-04-23,164.01208389352126,165.69832539217154,163.58555534900174,165.54953002929688,49537800,0.0,0.0
2024-04-24,165.19244539313124,167.93012271313196,164.86512888648411,167.6523895263672,48251800,0.0,0.0
2024-04-25,168.15824741627387,169.2295104164757,166.78940883790665,168.5153350830078,50558300,0.0,0.0
2024-04-26,168.50542350147623,169.95360145871248,167.81107543218243,167.93011474609375,44838400,0.0,0.0
2024-04-29,171.96714692386752,174.60562678464615,171.699342565042,172.09609985351562,68169400,0.0,0.0
2024-04-30,171.92749229774822,173.5740639461448,168.62443536523762,168.95176696777344,65934800,0.0,0.0
2024-05-01,168.20784791968214,171.31252641733016,167.74164970644674,167.93011474609375,50383100,0.0,0.0
2024-05-02,171.11413192483198,172.0167723030629,169.50724497899176,171.6299285888672,94214900,0.0,0.0
2024-05-03,185.13972451400554,185.48689856009224,181.18201909229816,181.8961944580078,163224100,0.0,0.0
2024-05-06,180.87452115240256,182.70954279745968,178.9601298757301,180.2397003173828,78569700,0.0,0.0
2024-05-07,181.96562507289974,183.40388947971314,179.8528700999816,180.9241180419922,77305800,0.0,0.0
2024-05-08,181.3704630721318,181.58868413827042,179.98178218440233,181.2613525390625,45057100,0.0,0.0
2024-05-09,181.0828227285221,183.16583674066726,180.63646690744054,183.07656860351562,48983000,0.0,0.0
2024-05-10,183.6526350835399,183.84135574437508,180.9013327671207,181.81512451171875,50759500,0.25,0.0
2024-05-13,184.18900107058352,185.8378061410755,183.37452561798457,185.02333068847656,72044800,0.0,0.0
2024-05-14,186.24503525163803,187.029714327999,185.0332642686859,186.1655731201172,52393600,0.0,0.0
2024-05-15,186.64235255391958,189.3638586651008,186.1059869360216,188.4401397705078,70400000,0.0,0.0
2024-05-16,189.1850657006259,189.81082048816586,188.3805324914181,188.55931091308594,52845200,0.0,0.0
2024-05-17,188.23153932133224,189.52277241007562,187.90376371878457,188.589111328125,41282900,0.0,0.0
2024-05-20,188.05276500067424,190.6252889956646,187.73491647398643,189.751220703125,44361300,0.0,0.0
2024-05-21,189.80087387660714,191.42980957851574,189.6320225414164,191.05238342285156,42309400,0.0,0.0
2024-05-22,190.9729201671483,191.5192128106237,188.9864124860383,189.61215209960938,34648500,0.0,0.0
2024-05-23,189.69162509909052,189.7114944206788,185.370979738518,185.61929321289062,51005900,0.0,0.0
2024-05-24,187.54620129756856,189.2943226367172,186.771449342652,188.6983642578125,36327000,0.0,0.0
2024-05-28,190.21803261577213,191.69798625592665,187.82430244055638,188.7082977294922,52280100,0.0,0.0
2024-05-29,188.3308964172237,190.9530864388099,188.23156495231328,189.0063018798828,53068000,0.0,0.0
2024-05-30,189.47310363654154,190.88352231957748,189.34399093884022,189.99952697753906,49889100,0.0,0.0
2024-05-31,190.1485003346604,191.27088192208961,188.62882330955063,190.95303344726562,75158300,0.0,0.0
2024-06-03,191.5986571441052,193.67456916074488,191.22123099586668,192.72103881835938,50080500,0.0,0.0
2024-06-04,193.32693160548868,194.0023521144802,191.72779227719917,193.0388946533203,47471400,0.0,0.0
2024-06-05,194.08179923154876,195.5716800296083,193.55537589536917,194.5486297607422,54156800,0.0,0.0
2024-06-06,194.36985841579607,195.17439165110096,192.86010824182844,193.1680145263672,41181800,0.0,0.0
2024-06-07,193.33685821193552,195.6114180436154,192.83030419832767,195.56175231933594,53103900,0.0,0.0
2024-06-10,195.57168290202756,195.96899354752293,190.8537269722117,191.8171844482422,97010200,0.0,0.0
2024-06-11,192.34360572370616,205.762475197422,192.32375155853347,205.75253295898438,172373300,0.0,0.0
2024-06-12,205.97105482418652,218.7145040828182,205.50422428227435,211.6326141357422,198134300,0.0,0.0
2024-06-13,213.29133517221976,215.28776993558532,210.17251871917932,212.79470825195312,97862700,0.0,0.0
2024-06-14,212.40734441299963,213.71843162956222,209.874544034183,211.0565185546875,70122700,0.0,0.0
2024-06-17,211.93058723086708,217.4729460060793,211.28497823555003,215.2083282470703,93728300,0.0,0.0
2024-06-18,216.12210108008887,217.15509356895643,211.56306955662498,212.8443603515625,79943300,0.0,0.0
2024-06-20,212.48678595825902,212.79470737847507,207.44106980621038,208.2654571533203,86172500,0.0,0.0
2024-06-21,208.9706859649803,210.4605668046439,205.71281440805072,206.0902557373047,241805100,0.0,0.0
2024-06-24,206.3187207615107,211.26512140596267,205.1963388988781,206.7358856201172,80727000,0.0,0.0
2024-06-25,207.73905391104032,209.95402109263304,207.20270345608853,207.65960693359375,55549700,0.0,0.0
2024-06-26,210.07320698316605,213.41054080672134,209.2190079939271,211.8114013671875,66213200,0.0,0.0
2024-06-27,213.24168634094727,214.28460598729217,210.91747580739147,212.65567016601562,49772700,0.0,0.0
2024-06-28,214.31439376890182,214.6123729638464,208.8812938369491,209.19912719726562,82542700,0.0,0.0
2024-07-01,210.65921399467373,216.0426482623776,210.4903626519942,215.28778076171875,60402900,0.0,0.0
2024-07-02,214.6918109818244,218.89328562800327,213.6489065767971,218.78402709960938,58046200,0.0,0.0
2024-07-03,218.51584293427166,220.05538940429688,217.55238550522975,220.05538940429688,37369800,0.0,0.0
2024-07-05,220.1547017635972,224.92232310094593,220.1547017635972,224.8130645751953,60412400,0.0,0.0
2024-07-08,225.55802531049062,226.31290797690275,221.7439339584199,226.28311157226562,59085900,0.0,0.0
2024-07-09,226.39235814584333,227.85244261706796,224.84288445944628,227.13729858398438,48076100,0.0,0.0
2024-07-10,227.75312751683794,231.50762613234983,227.70346178953022,231.40829467773438,62627700,0.0,0.0
2024-07-11,229.82901193417422,230.82226580227746,224.2469300453064,226.0347900390625,64710600,0.0,0.0
2024-07-12,227.37567478656334,231.07058040656065,227.13728840093884,228.9847412109375,53046500,0.0,0.0
2024-07-15,234.88468027763452,235.62962070976812,231.5175501306247,232.81871032714844,62631300,0.0,0.0
2024-07-16,233.41466404542834,234.67610072880163,230.76267797901863,233.2358856201172,43234300,0.0,0.0
2024-07-17,227.90209958898402,229.8985495862513,225.11105861290636,227.33595275878906,57345900,0.0,0.0
2024-07-18,228.7265187407576,228.88544301040346,220.77056004528671,222.66766357421875,66034600,0.0,0.0
2024-07-19,223.30335264411235,225.2699911539264,221.77373312637206,222.79678344726562,49151500,0.0,0.0
2024-07-22,225.47857008869346,226.24337986146955,221.58501648633228,222.44915771484375,48201800,0.0,0.0
2024-07-23,222.8563682936816,225.40903804109774,221.17776681088287,223.49205017089844,39960300,0.0,0.0
2024-07-24,222.48887740092556,223.2834835656707,215.66522784122517,217.06570434570312,61777600,0.0,0.0
2024-07-25,217.45306951901438,219.36013034825794,213.17214762576046,216.02279663085938,51391200,0.0,0.0
2024-07-26,217.22462220056258,218.0093012590926,214.55276681781487,216.4896240234375,41601300,0.0,0.0
2024-07-29,215.49638213713573,217.82059272630025,214.294538197557,216.7677459716797,36311800,0.0,0.0
2024-07-30,217.71131248471113,218.84362126060284,214.66201590891492,217.32394409179688,41643800,0.0,0.0
2024-07-31,219.94615098169663,222.31010016667176,219.14161772956027,220.5818328857422,50036300,0.0,0.0
2024-08-01,222.85636745689294,222.96562598955987,215.5559605569344,216.8869171142578,62501000,0.0,0.0
2024-08-02,217.67159881719564,224.07809897050203,216.24132584869807,218.37681579589844,105568600,0.0,0.0
2024-08-05,197.74691336614487,212.0597055615941,194.6777624827749,207.85824584960938,119548600,0.0,0.0
2024-08-06,203.91504310362458,208.57340664857958,199.7135830535153,205.83201599121094,69660500,0.0,0.0
2024-08-07,205.50424133074915,212.19877857723526,204.99768725969102,208.40455627441406,63516400,0.0,0.0
2024-08-08,211.67233918968967,212.7549823030523,207.42121371107248,211.87098693847656,47161100,0.0,0.0
2024-08-09,210.66916408754707,215.31758519349225,210.5400362270979,214.78123474121094,42201600,0.0,0.0
2024-08-12,214.86080125653766,218.281537024183,214.39343033300037,216.3126220703125,38028100,0.25,0.0
2024-08-13,217.7843004144017,220.64818728863202,217.7843004144017,220.0316619873047,44155300,0.0,0.0
2024-08-14,219.33561365974072,221.78183806687042,218.4704721927748,220.4791717529297,41960600,0.0,0.0
2024-08-15,223.3430482530648,224.08885093177264,221.51333414952188,223.46237182617188,46414000,0.0,0.0
2024-08-16,222.6668580486994,225.56057624113714,222.39836482120643,224.78494262695312,44340200,0.0,0.0
2024-08-19,224.4567771868955,224.72527040192085,221.791767703572,224.62582397460938,40687800,0.0,0.0
2024-08-20,224.50650638916653,225.89866536829538,224.18828995199718,225.2423553466797,30299000,0.0,0.0
2024-08-21,225.25230383574092,226.70412456960102,223.7905293550798,225.13296508789062,34765500,0.0,0.0
2024-08-22,226.51518775043243,227.06211276120644,222.6469583809866,223.2734375,43695300,0.0,0.0
2024-08-23,224.39710671028325,226.9427773475752,223.07454817990703,225.57049560546875,38677300,0.0,0.0
2024-08-26,225.49095216733542,226.00804628168004,222.6370187250734,225.90859985351562,30602200,0.0,0.0
2024-08-27,224.73520717839608,227.5692634267734,223.63141860700006,226.75384521484375,35934600,0.0,0.0
2024-08-28,226.6444476309267,228.57359288043327,224.41697829182954,225.2224578857422,38052200,0.0,0.0
2024-08-29,228.81226038667728,231.61647047641185,227.59908685526068,228.5039825439453,51906300,0.0,0.0
2024-08-30,228.9017723040151,229.1105885676507,226.20693181059323,227.7184295654297,52990800,0.0,0.0
2024-09-03,227.27093626472063,227.71841483123856,219.9322331496077,221.52328491210938,50190600,0.0,0.0
2024-09-04,220.41949337418052,220.53881694406624,216.2628786668988,219.61402893066406,43840200,0.0,0.0
2024-09-05,220.38966486266608,224.2181094473344,220.28027986462445,221.13546752929688,36615400,0.0,0.0
2024-09-06,222.69668624975694,223.97947540850993,218.5400864277892,219.58421325683594,48423000,0.0,0.0
2024-09-09,219.58419811845144,220.03167667908036,215.49719894103853,219.67369079589844,67180000,0.0,0.0
2024-09-10,217.69481595725216,220.24048653111632,215.5170698289156,218.87815856933594,51591000,0.0,0.0
2024-09-11,220.22061344649163,221.8414808899648,216.670585544778,221.4138946533203,44587100,0.0,0.0
2024-09-12,221.25479170284098,222.29891847364556,218.5897974500539,221.52328491210938,37455600,0.0,0.0
2024-09-13,222.32874892129448,222.78616606005667,220.66809680320824,221.25479125976562,36766600,0.0,0.0
2024-09-16,215.32814508742544,216.00434741371936,212.72281255665072,215.10939025878906,59357400,0.0,0.0
2024-09-17,214.54256344637628,215.6861214463737,213.2995590231644,215.5767364501953,45519300,0.0,0.0
2024-09-18,216.33249894497217,221.46362499015893,216.322545198334,219.45492553710938,59894900,0.0,0.0
2024-09-19,223.7308512841788,228.53382206057998,223.37286541347208,227.58912658691406,66781300,0.0,0.0
2024-09-20,228.6829959505254,231.7855303113645,226.34614143297367,226.9228973388672,318679900,0.0,0.0
2024-09-23,226.06770192621624,228.16589404695566,224.54626569168985,225.20257568359375,54146000,0.0,0.0
2024-09-24,227.37036953161189,228.06646416724695,224.4667129366972,226.0975341796875,43556100,0.0,0.0
2024-09-25,223.6711754067507,226.01796830972677,222.76627973963284,225.10311889648438,42308700,0.0,0.0
2024-09-26,226.02791885863684,227.2212000254045,224.1484968482946,226.24668884277344,36636700,0.0,0.0
2024-09-27,227.1814462394898,228.23551159576573,226.0279344568732,226.5151824951172,34026000,0.0,0.0
2024-09-30,228.75260351180964,231.696044921875,228.36478670449856,231.696044921875,54541900,0.0,0.0
2024-10-01,228.23553500528652,228.36479716471428,222.48788299602325,224.94406127929688,63285000,0.0,0.0
2024-10-02,224.62581519597003,226.09752818761766,221.771881889721,225.51083374023438,32880600,0.0,0.0
2024-10-03,223.88001079844628,225.5406628776434,222.0702042586661,224.40704345703125,34044200,0.0,0.0
2024-10-04,226.6245660168141,226.72401244250622,222.87567550784985,225.53073120117188,37245100,0.0,0.0
2024-10-07,223.24358165878294,224.42692422983964,220.09132444235917,220.44931030273438,39505400,0.0,0.0
2024-10-08,223.0447106099303,224.7153012256155,222.0005838884303,224.50648498535156,31855700,0.0,0.0
2024-10-09,223.96952441146985,228.4642330490597,223.57176903047048,228.25540161132812,33591100,0.0,0.0
2024-10-10,226.50523572074002,228.21561101279016,225.89864895817115,227.7581787109375,28183500,0.0,0.0
2024-10-11,228.0167412789572,228.12612627842185,226.0677036085129,226.2765350341797,31759200,0.0,0.0
2024-10-14,227.4200987868959,230.43314046117197,227.32066753158787,230.00555419921875,39882100,0.0,0.0
2024-10-15,232.30261271123658,236.16090332060597,231.0695468532438,232.54127502441406,64751400,0.0,0.0
2024-10-16,230.30384852186543,230.82092739872954,228.55368871280942,230.4828338623047,34082200,0.0,0.0
2024-10-17,232.12363500920497,232.54129789168553,229.22993194101554,230.85079956054688,32993800,0.0,0.0
2024-10-18,234.85820325949092,234.85820325949092,232.70034955960324,233.684814453125,46431500,0.0,0.0
2024-10-21,233.13791711516282,235.52449481958178,233.13791711516282,235.15655517578125,36254500,0.0,0.0
2024-10-22,232.5810475805218,234.89800969153723,231.29827366695753,234.54002380371094,38846600,0.0,0.0
2024-10-23,232.76999409553275,233.82405947286142,226.4853561254601,229.46856689453125,52287000,0.0,0.0
2024-10-24,228.69293816499177,229.52824872985036,227.13173238618916,229.27964782714844,31109500,0.0,0.0
2024-10-25,228.4542922398222,231.91481257552053,228.2852454458818,230.1149444580078,38802300,0.0,0.0
2024-10-28,232.0142568404043,233.4163543943246,231.24856181455635,232.0937957763672,36087100,0.0,0.0
2024-10-29,231.7954872619061,233.01859945208068,231.01985366097637,232.36228942871094,35417200,0.0,0.0
2024-10-30,231.30820323038637,232.1633908639167,228.26533088908346,228.812255859375,47070900,0.0,0.0
2024-10-31,228.05650301771783,228.5437662121666,224.10871977089283,224.6457061767578,64370100,0.0,0.0
2024-11-01,219.73336072670745,224.08885327131992,219.03728125399175,221.66250610351562,65276700,0.0,0.0
2024-11-04,219.75323643771605,221.54315061130296,218.4804011628397,220.76751708984375,44944500,0.0,0.0
2024-11-05,220.558703156551,222.69666464924057,219.90239319356397,222.199462890625,28111300,0.0,0.0
2024-11-06,221.36417152277414,224.80481443000403,219.95212032394844,221.4735565185547,54561100,0.0,0.0
2024-11-07,223.37286824297072,226.60467969295215,223.31320645932942,226.2069091796875,42137700,0.0,0.0
2024-11-08,226.1471868576639,227.63048374280507,225.39061415381417,225.93814086914062,38328800,0.25,0.0
2024-11-11,223.98695058099833,224.6837958336773,220.5027091275161,223.2204132080078,42005600,0.0,0.0
2024-11-12,223.53897971785378,224.57429049467865,222.35433519325588,223.2204132080078,40398300,0.0,0.0
2024-11-13,223.00141185159572,225.62952490733255,221.75703985190805,224.10641479492188,48566200,0.0,0.0
2024-11-14,224.00686988588794,227.83952645793332,223.98695568104733,227.1924591064453,44923900,0.0,0.0
2024-11-15,225.38064426033654,225.89830725108274,223.26024476090137,223.98695373535156,47923700,0.0,0.0
2024-11-18,224.2358449505769,228.70563485331775,224.15620331601912,226.99337768554688,44633700,0.0,0.0
2024-11-19,225.95804731142948,229.123737666772,225.63949596937007,227.252197265625,36211800,0.0,0.0
2024-11-20,227.0331781982001,228.89475383274825,224.8729502483013,227.9689483642578,35169600,0.0,0.0
2024-11-21,227.8494991340082,229.1237348668511,224.69377351516385,227.49111938476562,42108300,0.0,0.0
2024-11-22,227.03318893672346,229.6812162999479,227.03318893672346,228.8350372314453,38168300,0.0,0.0
2024-11-25,230.41787789282506,232.19981188776785,228.70562083004268,231.82151794433594,90152800,0.0,0.0
2024-11-26,232.27945661483375,234.50937670519198,232.27945661483375,234.0016632080078,45986200,0.0,0.0
2024-11-27,233.41433300973634,234.62884134649127,232.75730092131053,233.87225341796875,33498400,0.0,0.0
2024-11-29,233.75280101667178,236.73929396987336,232.91658663539664,236.26145935058594,28481400,0.0,0.0
2024-12-02,236.20171450499868,239.70585504150458,236.0922091638524,238.51126098632812,48137100,0.0,0.0
2024-12-03,238.73028547870095,241.66700046466846,237.82437898500294,241.5574951171875,38861000,0.0,0.0
2024-12-04,241.7765092325954,243.01093178619982,240.16380790150487,241.91587829589844,44383900,0.0,0.0
2024-12-05,242.8914746561807,243.43898620611924,241.03984843814553,241.94573974609375,40033900,0.0,0.0
2024-12-06,241.81633519239523,243.5285923470879,240.99007032901886,241.74664306640625,36870600,0.0,0.0
2024-12-09,240.74119161135067,246.12683738886614,240.6615499788263,245.6390380859375,44649200,0.0,0.0
2024-12-10,245.7783914922151,247.09245556004478,244.23536723926503,246.65443420410156,36914800,0.0,0.0
2024-12-11,246.84360125039836,249.67081089954078,245.15124311202538,245.38021850585938,45205800,0.0,0.0
2024-12-12,245.77839247075497,247.62006903646127,244.57383373711528,246.8435821533203,32777500,0.0,0.0
2024-12-13,246.7042460453809,248.16761368202555,245.13135786460256,247.01284790039062,33155300,0.0,0.0
2024-12-16,246.8734431082497,250.24817919808956,246.53496239648825,249.90969848632812,51694800,0.0,0.0
2024-12-17,248.95404406138837,252.68716009783537,248.655391740455,252.33872985839844,51356400,0.0,0.0
2024-12-18,251.02467749046986,253.13512753347695,246.62457993830327,246.9331817626953,56774100,0.0,0.0
2024-12-19,246.3856613682502,250.86540066585474,245.97750369773615,248.66534423828125,60882300,0.0,0.0
2024-12-20,246.92320588947405,253.8518755287198,244.58379575845774,253.34417724609375,147495300,0.0,0.0
2024-12-23,253.62291772369178,254.49894524760987,252.30885365268378,254.12066650390625,40858800,0.0,0.0
2024-12-24,254.3396705835317,257.0474099027653,254.14055892454206,257.0374755859375,23234700,0.0,0.0
2024-12-26,257.0275101814573,258.9289141129315,256.47003399402934,257.853759765625,27237100,0.0,0.0
2024-12-27,256.6691137206059,257.5352220874343,251.9206014592013,254.439208984375,42355300,0.0,0.0
2024-12-30,251.09434735441482,252.35863351915538,249.6210152068174,251.06448364257812,35557500,0.0,0.0
2024-12-31,251.30343580421712,252.13965020658335,248.30697807727114,249.2925262451172,39480700,0.0,0.0
2025-01-02,247.80922035937212,247.97846832553566,240.73124671787497,242.75210571289062,55740700,0.0,0.0
2025-01-03,242.26431274414062,243.080612931882,240.80092995907523,242.26431274414062,40244100,0.0,0.0
2025-01-06,243.2100158477468,246.21642284830082,242.10501290585998,243.89691162109375,45045600,0.0,0.0
2025-01-07,241.88599852058522,244.44443460073458,240.263347789176,241.11947631835938,40856000,0.0,0.0
2025-01-08,240.83076714912374,242.61271628247306,238.96919157849698,241.6072540283203,37628900,0.0,0.0
2025-01-10,238.9293914792433,239.07872524452853,231.95095824677452,235.78363037109375,61710900,0.0,0.0
2025-01-13,232.47855694506205,233.61342361918983,228.68571346021633,233.34463500976562,49630700,0.0,0.0
2025-01-14,233.69305795736565,235.05688478727922,231.4233246799516,232.22967529296875,39435300,0.0,0.0
2025-01-15,233.58354315722423,237.88409983929475,233.37448198930954,236.7989959716797,39832000,0.0,0.0
2025-01-16,236.28136958651152,236.9383864807084,227.0033243432251,227.23228454589844,71759100,0.0,0.0
2025-01-17,231.07489856287185,231.24413133243607,227.4512878984511,228.9445343017578,68488300,0.0,0.0
2025-01-21,222.9914505136237,223.40955766052627,218.39225670760806,221.6375732421875,98070400,0.0,0.0
2025-01-22,218.80041619812283,223.1109227348787,218.80041619812283,222.82223510742188,64126500,0.0,0.0
2025-01-23,223.72813912330528,226.00782197454978,221.29912251598503,222.6529998779297,60234800,0.0,0.0
2025-01-24,223.76794215782238,224.614121166801,220.4131202139208,221.77694702148438,54697900,0.0,0.0
2025-01-27,223.01138591977585,231.10477141655377,222.9715575076631,228.82508850097656,94863400,0.0,0.0
2025-01-28,229.81063008981926,239.1085741517517,229.77080167884077,237.187255859375,75707600,0.0,0.0
2025-01-29,233.06589003597526,238.78005164957875,232.9563846938824,238.2823028564453,45486100,0.0,0.0
2025-01-30,237.59540286874542,239.70585285329432,236.14198492507634,236.520263671875,55658300,0.0,0.0
2025-01-31,246.07705979363328,246.07705979363328,232.38896748106293,234.93743896484375,100959800,0.0,0.0
2025-02-03,228.95449458875606,230.78620649590428,224.6838014511222,226.9833984375,73063300,0.0,0.0
2025-02-04,226.2268315478868,232.08036234711574,225.62952690670866,231.75184631347656,45067300,0.0,0.0
2025-02-05,227.50106167329415,231.62242106375825,227.24223776986636,231.42332458496094,39620300,0.0,0.0
2025-02-06,230.24863411824003,232.74734282564026,229.39250557129796,232.16995239257812,29925300,0.0,0.0
2025-02-07,231.55275755143822,232.946448173879,226.236788599926,226.60513305664062,39707200,0.0,0.0
2025-02-10,228.7876615470872,229.80417456619486,226.42572786906877,226.8741912841797,33115600,0.25,0.0
2025-02-11,227.42233485023965,234.42837673351212,227.3525813044295,231.8272705078125,53718400,0.0,0.0
2025-02-12,230.41209906543347,236.15247950770552,229.89386689621963,236.06277465820312,45243300,0.0,0.0
2025-02-13,236.10264318513748,241.514131106333,234.7672133917818,240.70689392089844,53614100,0.0,0.0
2025-02-14,240.4278591482801,244.71320848741047,240.16875066053348,243.76644897460938,40896200,0.0,0.0
2025-02-18,243.31796980618805,244.34445851454996,241.01584434943877,243.6368865966797,48822500,0.0,0.0
2025-02-19,243.8262313730556,245.17162160901916,242.33134319523683,244.03550720214844,32204200,0.0,0.0
2025-02-20,244.10528213544586,245.93900803040836,243.45748811790233,244.99224853515625,32316900,0.0,0.0
2025-02-21,245.11182656230832,247.84249441981407,244.38431857946645,244.71319580078125,53197400,0.0,0.0
2025-02-24,244.0953010258401,248.01191597096326,243.58704451830639,246.25791931152344,51326400,0.0,0.0
2025-02-25,247.15485528022737,249.14803959700342,244.0753891604379,246.1981201171875,48013300,0.0,0.0
2025-02-26,243.49736566903925,244.14514449402503,238.3150894487839,239.5408935546875,44433600,0.0,0.0
2025-02-27,238.5941277716784,241.6337368385667,236.25213016109495,236.49131774902344,41153600,0.0,0.0
2025-02-28,236.14250368420718,241.26498665715278,229.41550676334808,241.01583862304688,56833400,0.0,0.0
2025-03-03,240.96600727263495,243.1983791446907,235.30537120652147,237.2188262939453,47184000,0.0,0.0
2025-03-04,236.89992456399492,239.25188262538288,233.88023638606123,235.1259765625,53798100,0.0,0.0
2025-03-05,234.61771347352882,235.7438674276595,228.44880585950324,234.93663024902344,47227600,0.0,0.0
2025-03-06,233.64107919926062,237.0494227188423,232.36544239217005,234.52804565429688,45170400,0.0,0.0
2025-03-07,234.30878315837532,240.54744460053885,233.95996981993864,238.2552947998047,46273600,0.0,0.0
2025-03-10,234.73730306532093,235.35520052510583,223.45588808739058,226.70477294921875,72071200,0.0,0.0
2025-03-11,223.04728218644934,225.0703629938446,216.7089556312574,220.08740234375,76137400,0.0,0.0
2025-03-12,219.3897895710681,220.99430349899413,214.17761702040198,216.2405548095703,62547500,0.0,0.0
2025-03-13,215.21406028960521,216.10102664759694,207.70972301630272,208.96542358398438,61368300,0.0,0.0
2025-03-14,210.53007941159925,213.22087501834247,208.86577244295887,212.762451171875,60107600,0.0,0.0
2025-03-17,212.58305520506434,214.48654973692538,209.25444129100026,213.2707061767578,48073400,0.0,0.0
2025-03-18,213.43018643369246,214.4168029665515,210.76928711901598,211.96519470214844,42432400,0.0,0.0
2025-03-19,213.48995680484757,218.0144781615262,213.0215573102422,214.50648498535156,54385400,0.0,0.0
2025-03-20,213.2607660976187,216.74883872802718,211.49679368091097,213.37039184570312,48862900,0.0,0.0
2025-03-21,210.83902892918795,218.09421843072647,210.55998434888178,217.5261688232422,94127800,0.0,0.0
2025-03-24,220.24685206675267,220.72521201243578,217.8351010318318,219.97776794433594,44299500,0.0,0.0
2025-03-25,220.0176475207108,223.3363011191594,219.32999652191663,222.98748779296875,34493600,0.0,0.0
2025-03-26,222.7483031053444,224.25316696482244,219.71866969932233,220.77505493164062,34466100,0.0,0.0
2025-03-27,220.63554992146092,224.22328797900445,219.8083765580053,223.08717346191406,37094800,0.0,0.0
2025-03-28,220.91458161653458,223.04728822423488,216.93817343567548,217.1574249267578,39818600,0.0,0.0
2025-03-31,216.27045427307317,224.8511131847691,215.49311362240712,221.37301635742188,65299300,0.0,0.0
2025-04-01,219.06091135294477,222.91771798921508,218.15400887457568,222.4293975830078,36412700,0.0,0.0
2025-04-02,220.56578026164416,224.4225869866718,220.2667995775576,223.12701416015625,35905900,0.0,0.0
2025-04-03,204.8395255545537,206.78289223919597,200.56415230327434,202.49754333496094,103419000,0.0,0.0
2025-04-04,193.2292544699453,199.19884701911502,186.70157274086588,187.738037109375,125910900,0.0,0.0
2025-04-07,176.59612158290105,193.48835506739644,174.02491207450518,180.84161376953125,160466300,0.0,0.0
2025-04-08,186.06374707733985,189.6913418115003,168.63336050772435,171.83241271972656,120859500,0.0,0.0
2025-04-09,171.3640242168161,199.92636006312654,171.30423111843703,198.17236328125,184395900,0.0,0.0
2025-04-10,188.42568213047016,194.11621470149436,182.37636057603893,189.7710723876953,121880000,0.0,0.0
2025-04-11,185.46580802047046,198.85999394662434,185.42593581806156,197.4747314453125,87435900,0.0,0.0
2025-04-14,210.7194495182335,212.2143377637297,200.47448329230923,201.82984924316406,101352900,0.0,0.0
2025-04-15,201.1720815277121,202.81645240683693,199.11910423874315,201.4511260986328,51343900,0.0,0.0
2025-04-16,197.68401406478426,200.01603598224625,191.71442177543545,193.6079559326172,59732400,0.0,0.0
2025-04-17,196.5279673080365,198.15241736523095,193.75744237056688,196.3087158203125,52164700,0.0,0.0
2025-04-21,192.61136524453693,193.13955785695288,189.1631497833642,192.50173950195312,46742500,0.0,0.0
2025-04-22,195.45165216386687,200.9030125684292,195.3021694205859,199.059326171875,52976400,0.0,0.0
2025-04-23,205.29797863560773,207.29116289420588,202.10888686320854,203.9027557373047,52929200,0.0,0.0
2025-04-24,204.1917755069081,208.11835121294007,202.2484237558185,207.659912109375,47311000,0.0,0.0
2025-04-25,205.66671618569228,209.0352025034097,205.49729734578435,208.56680297851562,38222300,0.0,0.0
2025-04-28,209.2843516085664,210.77923983434187,206.7530142372406,209.4238739013672,38743100,0.0,0.0
2025-04-29,207.978817902887,211.51672307140856,207.6599011161091,210.490234375,36827600,0.0,0.0
2025-04-30,208.58674127234366,212.8521544830753,205.96569903614,211.7758331298828,52286500,0.0,0.0
2025-05-01,208.3674918385056,213.82881264887993,208.18809734114114,212.59304809570312,57365700,0.0,0.0
2025-05-02,205.38766067678682,206.2846026840361,201.47106105284274,204.6501922607422,101010600,0.0,0.0
2025-05-05,202.40787903175757,203.4044712176219,197.5345438511527,198.21221923828125,69018500,0.0,0.0
2025-05-06,197.5345306234426,199.96620262041338,196.34858356859348,197.83349609375,51216500,0.0,0.0
2025-05-07,198.49125449640593,198.7603386318323,192.59143085844198,195.58120727539062,68536700,0.0,0.0
2025-05-08,197.04619801698016,199.3682595147921,194.0165494128041,196.81698608398438,50478900,0.0,0.0
2025-05-09,198.32183886048443,199.85658408831688,196.86680762308345,197.8534393310547,36453900,0.0,0.0
2025-05-12,210.52676720097676,210.82613996616402,206.31563192374182,210.34713745117188,63775800,0.26,0.0
2025-05-13,209.98788789546765,212.95164926547025,208.56089957562318,212.48263549804688,51909300,0.0,0.0
2025-05-14,211.98367663769176,213.49051386836734,210.13757262915965,211.88389587402344,49325800,0.0,0.0
2025-05-15,210.506803034962,212.51258988469863,209.0997617101353,211.00575256347656,45029500,0.0,0.0
2025-05-16,211.9138418912236,212.12340739052024,209.3292870180407,210.81614685058594,54737900,0.0,0.0
2025-05-19,207.47318710280226,209.0398806327114,203.83084657536088,208.3413543701172,46140500,0.0,0.0
2025-05-20,207.23369558110693,208.03201787298204,204.5992426766309,206.42539978027344,42496600,0.0,0.0
2025-05-21,204.73893602091724,206.60500227852873,200.28831500749223,201.6654052734375,59211800,0.0,0.0
2025-05-22,200.2883071907537,202.32401437172413,199.28041949489233,200.9369354248047,46742400,0.0,0.0
2025-05-23,193.26311186041877,197.28464391104225,193.05356158182016,194.85975646972656,78432900,0.0,0.0
2025-05-27,197.88337691051132,200.31825293342968,197.01519441683536,199.78936767578125,56288500,0.0,0.0
2025-05-28,200.16855762950956,202.30406088976383,199.48000488022652,199.99891662597656,45339700,0.0,0.0
2025-05-29,203.15228556391767,203.38179807643976,198.09293019267844,199.5299072265625,51396800,0.0,0.0
2025-05-30,198.95112277889336,201.53569281345096,196.36656797106642,200.4280242919922,70819900,0.0,0.0
2025-06-02,199.85921507319503,201.70533435611304,199.69954757512772,201.27622985839844,35423300,0.0,0.0
2025-06-03,200.92696184786135,203.34187550579085,200.53778186221837,202.84292602539062,46381600,0.0,0.0
2025-06-04,202.48369763994597,205.80670326672896,201.67540185470463,202.39389038085938,43604000,0.0,0.0
2025-06-05,203.07246156364138,204.3198354061699,199.7294935749724,200.20849609375,55126100,0.0,0.0
2025-06-06,202.57349663849442,205.26782088834017,201.62549563553227,203.49156188964844,46607700,0.0,0.0
2025-06-09,203.96058960802065,205.56720771427428,199.59977555964565,201.02676391601562,72862600,0.0,0.0
2025-06-10,200.1785434107301,203.92066462184746,200.14860765917956,202.2441864013672,54672600,0.0,0.0
2025-06-11,203.0724503091444,204.07034932786254,197.99314795828434,198.36236572265625,60989900,0.0,0.0
2025-06-12,198.66173587371065,199.26046614106752,196.94534836583952,198.78147888183594,43904600,0.0,0.0
2025-06-13,199.3103695725812,199.9490243445518,195.2888376882346,196.03726196289062,51447300,0.0,0.0
2025-06-16,196.8854859861783,198.27256505925683,196.1470352061455,198.0031280517578,43020700,0.0,0.0
2025-06-17,196.78567812068002,197.97318035709665,194.79986887227625,195.2289581298828,38856200,0.0,0.0
2025-06-18,195.52832221137376,197.15490236836843,194.66015499959357,196.16697692871094,45394700,0.0,0.0
2025-06-20,197.8235020126397,201.27622400422058,196.44639652864126,200.57769775390625,96813500,0.0,0.0
2025-06-23,201.20639190632414,201.87498244787415,198.54200324907936,201.07666015625,55814300,0.0,0.0
2025-06-24,202.16436301176623,203.0125832870988,199.77938491343542,199.87918090820312,54064000,0.0,0.0
2025-06-25,201.0267661369261,203.2421033073339,200.19850807531137,201.13653564453125,39525700,0.0,0.0
2025-06-26,201.00678701240994,202.2142514946699,199.04094000321476,200.57769775390625,50799100,0.0,0.0
2025-06-27,201.4658274879402,202.7930349784745,199.57979899649257,200.65753173828125,73188600,0.0,0.0
2025-06-30,201.58557286233471,206.95427439094752,198.84135059390303,204.7389373779297,91912800,0.0,0.0
2025-07-01,206.23578409144605,209.74839282792448,205.70689884063935,207.3833770751953,78788900,0.0,0.0
2025-07-02,208.47108532398713,212.8917706186518,207.7026988246806,211.99366760253906,67941800,0.0,0.0
2025-07-03,211.70428104663077,214.19902871499423,211.36499901814886,213.10134887695312,34955800,0.0,0.0
2025-07-07,212.23315593085263,215.77570049162512,208.36131809352125,209.50889587402344,50229000,0.0,0.0
2025-07-08,209.658593847986,210.98578616820197,208.01205130024096,209.5687713623047,42848900,0.0,0.0
2025-07-09,209.0897778625777,210.8859991217609,206.78463359109693,210.69639587402344,48749400,0.0,0.0
2025-07-10,210.06771262581316,213.03147386855414,209.58872537016995,211.96372985839844,44443600,0.0,0.0
2025-07-11,210.12759762046792,211.68431760849728,209.41908263784933,210.7163543701172,39765800,0.0,0.0
2025-07-14,209.48893166698292,210.46688365912564,207.10395364435493,208.1816864013672,38840100,0.0,0.0
2025-07-15,208.7804390594974,211.44482767792792,208.48106630115817,208.67066955566406,42296300,0.0,0.0
2025-07-16,209.8581806046168,211.95375954691573,208.2016644692293,209.71847534179688,47490500,0.0,0.0
2025-07-17,210.12759810142074,211.3550095983717,209.14964612579556,209.57875061035156,48068100,0.0,0.0
2025-07-18,210.42696659875526,211.34503189230253,209.25942654413325,210.73631286621094,48974600,0.0,0.0
2025-07-21,211.65437808070223,215.3266389893317,211.18536434566,212.0335693359375,51377400,0.0,0.0
2025-07-22,212.69220709721728,214.49840197701596,211.78411528941558,213.94955444335938,46404100,0.0,0.0
2025-07-23,214.54829351654996,214.69797228179937,211.9637386583707,213.7000732421875,46989300,0.0,0.0
2025-07-24,213.45058781785585,215.2368355364858,213.08137006420023,213.31088256835938,46022600,0.0,0.0
2025-07-25,214.24891808809048,214.7877920897316,212.95164630742312,213.43064880371094,40268800,0.0,0.0
2025-07-28,213.5803337758995,214.39861831079742,212.61237047326716,213.6002960205078,37858000,0.0,0.0
2025-07-29,213.73000061776605,214.3586818606333,210.37707459375494,210.8261260986328,51411700,0.0,0.0
2025-07-30,211.454797150492,211.94377315400357,207.28358653790625,208.6107940673828,45512500,0.0,0.0
2025-07-31,208.0519764228089,209.39913099136336,206.72476887181696,207.1339111328125,80698400,0.0,0.0
2025-08-01,210.4269720875647,213.1312852679161,201.07666267114303,201.95481872558594,104434500,0.0,0.0
2025-08-04,204.0803265791815,207.44325668811337,201.25627047720934,202.9227752685547,75109300,0.0,0.0
2025-08-05,202.97265486934364,204.90858140720596,201.73526982787092,202.49366760253906,44155100,0.0,0.0
2025-08-06,205.19798558200998,214.9275012748427,205.15806109322384,212.80197143554688,108483100,0.0,0.0
2025-08-07,218.42014073215765,220.38600300495352,216.12496995802366,219.56771850585938,90224800,0.0,0.0
2025-08-08,220.36604479784603,230.5146761138317,218.78936250198095,228.86814880371094,113854000,0.0,0.0
2025-08-11,227.6992650180531,229.33767612130436,224.54232171734583,226.95997619628906,61806100,0.26,0.0
2025-08-12,227.78917070894937,230.57647717809445,226.8500938879156,229.42758178710938,55626200,0.0,0.0
2025-08-13,230.8462285986664,234.77241529044048,230.2068337695816,233.10403442382812,69878500,0.0,0.0
2025-08-14,233.83332460758467,234.89229562265464,230.6264418350812,232.5545654296875,51916300,0.0,0.0
2025-08-15,233.77337703316005,234.0531046408583,229.11788646444978,231.36570739746094,56038700,0.0,0.0
2025-08-18,231.47561022214762,232.89423321308522,229.88715369469057,230.66639709472656,37476200,0.0,0.0
2025-08-19,231.05601964615855,232.64447617946885,229.1278960385577,230.3367156982422,39402600,0.0,0.0
2025-08-20,229.75726351111018,230.24679444121838,225.55134937034353,225.79110717773438,42263900,0.0,0.0
2025-08-21,226.05087353353895,226.30063142153253,223.56327948127884,224.68218994140625,30621200,0.0,0.0
2025-08-22,225.95095699429655,228.8681272027074,225.1916985271248,227.53941345214844,42477800,0.0,0.0
2025-08-25,226.26065308481304,229.07792927219558,226.01089520624416,226.94000244140625,30983100,0.0,0.0
2025-08-26,226.65028173376106,229.26775474756235,224.4724002828088,229.08792114257812,54575100,0.0,0.0
2025-08-27,228.38860049855515,230.676376013076,228.03893336267103,230.26678466796875,31259500,0.0,0.0
2025-08-28,230.59647266873003,233.18396075811214,229.11789497993007,232.33477783203125,38074700,0.0,0.0
2025-08-29,232.28481317583598,233.15398096397084,231.145917853049,231.91517639160156,39418400,0.0,0.0
2025-09-02,229.02798202980685,230.62643860177437,226.75019132336067,229.49752807617188,44075600,0.0,0.0
2025-09-03,236.98028515930878,238.6186963224971,234.133039090421,238.2390594482422,66427800,0.0,0.0
2025-09-04,238.21906152531412,239.66765417218173,236.51072617258424,239.5477752685547,47549400,0.0,0.0
2025-09-05,239.76756781945676,241.08629675958926,238.25903569310344,239.45787048339844,54870400,0.0,0.0
2025-09-08,239.06825064349684,239.91741830634814,236.11111057683257,237.64962768554688,48999500,0.0,0.0
2025-09-09,236.77047435136637,238.5487492683241,233.13400016518182,234.123046875,66313900,0.0,0.0
2025-09-10,231.96513778704139,232.19491077497392,225.73117543382176,226.5703582763672,83440800,0.0,0.0
2025-09-11,226.66027725307507,230.22681187017153,226.43048902665416,229.80722045898438,50208600,0.0,0.0
2025-09-12,228.9980136278554,234.28288383192944,228.79821036620638,233.84332275390625,55824200,0.0,0.0
2025-09-15,236.77047667310174,237.95932665324483,234.80238330570734,236.47076416015625,42699500,0.0,0.0
2025-09-16,236.9502954777413,240.98639147239973,236.09114297984144,237.9193572998047,63421100,0.0,0.0
2025-09-17,238.73857528095925,239.86748583209587,237.4997706474641,238.75856018066406,46508000,0.0,0.0
2025-09-18,239.737599946219,240.9664044724694,236.4208079152849,237.64962768554688,44249600,0.0,0.0
2025-09-19,240.99636870073516,246.06146581163878,239.9773675285625,245.26223754882812,163741300,0.0,0.0
2025-09-22,248.05953649140056,256.3914711896616,247.8797028858207,255.8319854736328,105517400,0.0,0.0
2025-09-23,255.63220171436936,257.0907792625319,253.33442606621003,254.18359375,60275200,0.0,0.0
2025-09-24,254.9728287261993,255.4923293909784,250.79686899703333,252.06564331054688,42303700,0.0,0.0
2025-09-25,252.96477212582877,256.9209435623003,251.466224879955,256.6212158203125,55202100,0.0,0.0
2025-09-26,253.8539172209246,257.3505275669758,253.5342198150173,255.2126007080078,46076300,0.0,0.0
2025-09-29,254.31347273152574,254.75304905914027,252.76497075706976,254.18359375,40127700,0.0,0.0
2025-09-30,254.61318058017173,255.67215158054225,252.8648753735947,254.38340759277344,37704300,0.0,0.0
2025-10-01,254.7929996074261,258.53938316103813,254.6831055272507,255.20260620117188,48713900,0.0,0.0
2025-10-02,256.33149581258533,257.9299523535748,253.9038565188199,256.8809814453125,42630200,0.0,0.0
2025-10-03,254.42336451804394,258.9889308017334,253.70406057825727,257.7701110839844,49155600,0.0,0.0
2025-10-06,257.7401350456914,258.819106172963,254.80299514816292,256.44140625,44664100,0.0,0.0
2025-10-07,256.56129542181253,257.15072039039774,255.18262697514498,256.23162841796875,31955800,0.0,0.0
2025-10-08,256.2715719294531,258.2696351050741,255.8619653198879,257.8100891113281,36496900,0.0,0.0
2025-10-09,257.5603136690899,257.75013209688524,252.8948383011137,253.79396057128906,38322000,0.0,0.0
2025-10-10,254.69310389004832,256.13171175032437,243.76369637579657,245.032470703125,61999100,0.0,0.0
2025-10-13,249.13848619669534,249.44818352992385,245.32217845998096,247.42015075683594,38142900,0.0,0.0
2025-10-14,246.36117950382103,248.60900042906025,244.46301046499008,247.53004455566406,35478000,0.0,0.0
2025-10-15,249.24838988167792,251.5761352503302,247.2303418581919,249.09852600097656,33893600,0.0,0.0
2025-10-16,248.00958596667436,248.79881419551728,244.8926123625184,247.21035766601562,39777000,0.0,0.0
2025-10-17,247.77980070207627,253.13461023404025,247.03052706557392,252.045654296875,49147000,0.0,0.0
2025-10-20,255.64218177653177,264.1239650925819,255.3824390623343,261.98602294921875,90483000,0.0,0.0
2025-10-21,261.6263807259345,265.03308188579996,261.5764108568555,262.5155029296875,46695900,0.0,0.0
2025-10-22,262.3956210979312,262.5954395959732,255.18261234613632,258.19970703125,45015300,0.0,0.0
2025-10-23,259.68824995662277,260.36758405794774,257.76012648314656,259.3285827636719,32754900,0.0,0.0
2025-10-24,260.93706434715574,263.87421967110856,258.9290010880386,262.56549072265625,38253700,0.0,0.0
2025-10-27,264.6234656652487,268.8593494221352,264.3936774471076,268.5496520996094,44888200,0.0,0.0
2025-10-28,268.7294713644567,269.6286240979669,267.8902885694659,268.7394714355469,41534800,0.0,0.0
2025-10-29,269.01920560410514,271.1471476128123,266.85129379808274,269.4388122558594,51086700,0.0,0.0
2025-10-30,271.72657092903916,273.87451306817263,268.2199910571769,271.13714599609375,69886500,0.0,0.0
2025-10-31,276.721738255342,277.05143573891627,268.89933466249033,270.108154296875,86167100,0.0,0.0
2025-11-03,270.15812755648943,270.5877038096653,265.9921525413924,268.7894287109375,50194600,0.0,0.0
2025-11-04,268.0701070960229,271.22705027239556,267.36080327265466,269.7784729003906,49274800,0.0,0.0
2025-11-05,268.3498399683747,271.43687417180433,266.67147434431234,269.8783874511719,43683100,0.0,0.0
2025-11-06,267.6305743388968,273.1352174017799,267.6305743388968,269.50872802734375,51204000,0.0,0.0
2025-11-07,269.5386899523433,272.02629915101613,266.51162568814635,268.2099914550781,48227400,0.0,0.0
2025-11-10,268.9599914550781,273.7300109863281,267.4599914550781,269.42999267578125,41312400,0.26,0.0
2025-11-11,269.80999755859375,275.9100036621094,269.79998779296875,275.25,46208300,0.0,0.0
2025-11-12,275.0,275.7300109863281,271.70001220703125,273.4700012207031,48398000,0.0,0.0
2025-11-13,274.1099853515625,276.70001220703125,272.0899963378906,272.95001220703125,49602800,0.0,0.0
2025-11-14,271.04998779296875,275.9599914550781,269.6000061035156,272.4100036621094,47431300,0.0,0.0
2025-11-17,268.82000732421875,270.489990234375,265.7300109863281,267.4599914550781,45018300,0.0,0.0
2025-11-18,269.989990234375,270.7099914550781,265.32000732421875,267.44000244140625,45677300,0.0,0.0
2025-11-19,265.5299987792969,272.2099914550781,265.5,268.55999755859375,40424500,0.0,0.0
2025-11-20,270.8299865722656,275.42999267578125,265.9200134277344,266.25,45823600,0.0,0.0
2025-11-21,265.95001220703125,273.3299865722656,265.6700134277344,271.489990234375,59030800,0.0,0.0
2025-11-24,270.8999938964844,277.0,270.8999938964844,275.9200134277344,65585800,0.0,0.0
2025-11-25,275.2699890136719,280.3800048828125,275.25,276.9700012207031,46914200,0.0,0.0
2025-11-26,276.9599914550781,279.5299987792969,276.6300048828125,277.54998779296875,33431400,0.0,0.0
2025-11-28,277.260009765625,279.0,275.989990234375,278.8500061035156,20135600,0.0,0.0
2025-12-01,278.010009765625,283.4200134277344,276.1400146484375,283.1000061035156,46587700,0.0,0.0
2025-12-02,283.0,287.3999938964844,282.6300048828125,286.19000244140625,53669500,0.0,0.0
2025-12-03,286.20001220703125,288.6199951171875,283.29998779296875,284.1499938964844,43538700,0.0,0.0
2025-12-04,284.1000061035156,284.7300109863281,278.5899963378906,280.70001220703125,43989100,0.0,0.0
2025-12-05,280.5400085449219,281.1400146484375,278.04998779296875,278.7799987792969,47265800,0.0,0.0
2025-12-08,278.1300048828125,279.6700134277344,276.1499938964844,277.8900146484375,38211800,0.0,0.0
2025-12-09,278.1600036621094,280.0299987792969,276.9200134277344,277.17999267578125,32193300,0.0,0.0
2025-12-10,277.75,279.75,276.44000244140625,278.7799987792969,33038300,0.0,0.0
2025-12-11,279.1000061035156,279.5899963378906,273.80999755859375,278.0299987792969,33248000,0.0,0.0
2025-12-12,277.8999938964844,279.2200012207031,276.82000732421875,278.2799987792969,39532900,0.0,0.0
2025-12-15,280.1499938964844,280.1499938964844,272.8399963378906,274.1099853515625,50409100,0.0,0.0
2025-12-16,272.82000732421875,275.5,271.7900085449219,274.6099853515625,37648600,0.0,0.0
2025-12-17,275.010009765625,276.1600036621094,271.6400146484375,271.8399963378906,50138700,0.0,0.0
2025-12-18,273.6099853515625,273.6300048828125,266.95001220703125,272.19000244140625,51630700,0.0,0.0
2025-12-19,272.1499938964844,274.6000061035156,269.8999938964844,273.6700134277344,144632000,0.0,0.0
2025-12-22,272.8599853515625,273.8800048828125,270.510009765625,270.9700012207031,36571800,0.0,0.0
2025-12-23,270.8399963378906,272.5,269.55999755859375,272.3599853515625,29642000,0.0,0.0
2025-12-24,272.3399963378906,275.42999267578125,272.20001220703125,273.80999755859375,17910600,0.0,0.0
2025-12-26,274.1600036621094,275.3699951171875,272.8599853515625,273.3999938964844,21521800,0.0,0.0
2025-12-29,272.69000244140625,274.3599853515625,272.3500061035156,273.760009765625,23715200,0.0,0.0
2025-12-30,272.8349914550781,274.0799865722656,272.2799987792969,273.0799865722656,22090083,0.0,0.0
